file	publicinfo_total	publicinfo_empty	ipt_method_typo	underscore_decl	underscore_decl_naive	underscore_ident_any	line_over_200	jsdoc_name_scwin	jsdoc_author	jsdoc_date	jsdoc_author_plus_date	jsdoc_empty_param	jsdoc_empty_returns	jsdoc_description_filled	jsdoc_description_placeholder	var_decl	var_decl_naive	let_decl	const_decl	let_decl_naive	const_decl_naive	script_lines	function_defs	a7_readValue	a7_recvParamData	a7_copyRows	a7_applyAttrReals	a7_readSessionValue	a7_fieldEl	a7_evalConds	a7q_readValue	a7q_recvParamData	a7q_copyRows	a7q_applyAttrReals	a7q_readSessionValue	a7q_fieldEl	a7q_evalConds	b7_fn_CheckByte	b7_fn_SetPhoneValue	b7_fn_SetEmaileValue	b7_fn_SelEmail	b7_fn_Trim	b7_fn_ChkNumber	b7_fn_ChkNumber2	b7_fn_IsExceedMaxLen	b7_fn_CheckDate	b7_cm_fn_any	sec7_total
samples/krx-tobe/account_left_menu/websquare/account_left_menu.xml	1	0	0	1	1	8	7	24	24	24	48	4	24	0	0	1	1	6	71	6	71	587	91	0	0	0	0	0	0	0	0	0	0	0	0	0	0	0	0	0	0	0	0	0	0	0	0	0
samples/krx-tobe/ajaxresponse/websquare/ajaxresponse.xml	1	0	0	0	0	0	0	2	2	2	4	2	2	0	0	0	0	0	0	0	0	52	2	0	0	0	0	0	0	0	0	0	0	0	0	0	0	0	0	0	0	0	0	0	0	0	0	0
samples/krx-tobe/ajaxresult/websquare/ajaxresult.xml	1	0	0	0	0	0	0	2	2	2	4	2	2	0	0	0	0	0	0	0	0	52	2	0	0	0	0	0	0	0	0	0	0	0	0	0	0	0	0	0	0	0	0	0	0	0	0	0
samples/krx-tobe/akc/websquare/akc.xml	1	0	0	0	0	0	0	2	2	2	4	2	2	0	0	0	0	0	0	0	0	52	2	0	0	0	0	0	0	0	0	0	0	0	0	0	0	0	0	0	0	0	0	0	0	0	0	0
samples/krx-tobe/alremcheck_pop/websquare/alremcheck_pop.xml	1	0	0	0	0	0	0	2	2	2	4	2	2	0	0	0	0	0	0	0	0	52	2	0	0	0	0	0	0	0	0	0	0	0	0	0	0	0	0	0	0	0	0	0	0	0	0	0
samples/krx-tobe/asyncchecktresrybndcls/websquare/asyncchecktresrybndcls.xml	1	0	0	0	0	0	0	2	2	2	4	2	2	0	0	0	0	0	0	0	0	52	2	0	0	0	0	0	0	0	0	0	0	0	0	0	0	0	0	0	0	0	0	0	0	0	0	0
samples/krx-tobe/asyncdisclsalarmcheck/websquare/asyncdisclsalarmcheck.xml	1	0	0	0	0	0	0	2	2	2	4	2	2	0	0	0	0	0	0	0	0	52	2	0	0	0	0	0	0	0	0	0	0	0	0	0	0	0	0	0	0	0	0	0	0	0	0	0
samples/krx-tobe/asyncdisclsalarmcheck2minute/websquare/asyncdisclsalarmcheck2minute.xml	1	0	0	0	0	0	0	2	2	2	4	2	2	0	0	0	0	0	0	0	0	52	2	0	0	0	0	0	0	0	0	0	0	0	0	0	0	0	0	0	0	0	0	0	0	0	0	0
samples/krx-tobe/asynclogincheck/websquare/asynclogincheck.xml	1	0	0	0	0	0	0	2	2	2	4	2	2	0	0	0	0	0	0	0	0	52	2	0	0	0	0	0	0	0	0	0	0	0	0	0	0	0	0	0	0	0	0	0	0	0	0	0
samples/krx-tobe/asyncpasswordencryp/websquare/asyncpasswordencryp.xml	1	0	0	0	0	0	0	2	2	2	4	2	2	0	0	0	0	0	0	0	0	52	2	0	0	0	0	0	0	0	0	0	0	0	0	0	0	0	0	0	0	0	0	0	0	0	0	0
samples/krx-tobe/attachfile_check/websquare/attachfile_check.xml	1	0	0	1	1	8	5	7	7	7	14	5	7	0	0	1	1	9	23	9	23	197	18	0	0	0	0	0	0	0	0	0	0	0	0	0	0	0	0	0	0	0	0	0	0	0	0	0
samples/krx-tobe/authselectpop/websquare/authselectpop.xml	1	0	0	0	0	0	2	7	7	7	14	6	7	0	0	0	0	2	3	2	3	158	10	0	0	0	0	0	0	0	0	0	0	0	0	0	0	0	0	0	0	0	0	0	0	0	0	0
samples/krx-tobe/basicpopup/websquare/basicpopup.xml	1	0	0	1	1	8	2	10	10	10	20	4	10	0	0	1	1	0	12	0	12	197	11	0	0	0	0	0	0	0	0	0	0	0	0	0	0	0	0	0	0	0	0	0	0	0	0	0
samples/krx-tobe/bottom/websquare/bottom.xml	1	0	0	0	0	0	0	6	6	6	12	3	6	0	0	0	0	0	0	0	0	131	6	0	0	0	0	0	0	0	0	0	0	0	0	0	0	0	0	0	0	0	0	0	0	0	0	0
samples/krx-tobe/certificate_left_menu/websquare/certificate_left_menu.xml	1	0	0	1	1	8	2	8	8	8	16	3	8	0	0	1	1	2	20	2	20	196	9	0	0	0	0	0	0	0	0	0	0	0	0	0	0	0	0	0	0	0	0	0	0	0	0	0
samples/krx-tobe/certification/websquare/certification.xml	1	0	0	0	0	0	0	2	2	2	4	2	2	0	0	0	0	0	0	0	0	52	2	0	0	0	0	0	0	0	0	0	0	0	0	0	0	0	0	0	0	0	0	0	0	0	0	0
samples/krx-tobe/cfi_data/websquare/cfi_data.xml	1	0	0	0	0	0	0	2	2	2	4	2	2	0	0	0	0	0	0	0	0	52	2	0	0	0	0	0	0	0	0	0	0	0	0	0	0	0	0	0	0	0	0	0	0	0	0	0
samples/krx-tobe/chartmainform/websquare/chartmainform.xml	1	0	0	0	0	0	1	20	20	20	40	16	20	1	0	2	3	9	18	9	18	436	22	0	0	0	0	0	0	0	0	0	0	0	0	0	0	0	0	0	0	0	0	0	0	0	0	0
samples/krx-tobe/checkbit_s/websquare/checkbit_s.xml	1	0	0	0	0	0	0	2	2	2	4	2	2	0	0	0	0	0	0	0	0	52	2	0	0	0	0	0	0	0	0	0	0	0	0	0	0	0	0	0	0	0	0	0	0	0	0	0
samples/krx-tobe/checkbit_u/websquare/checkbit_u.xml	1	0	0	0	0	0	0	8	8	8	16	5	8	0	0	0	0	0	7	0	7	160	8	0	0	0	0	0	0	0	0	0	0	0	0	0	0	0	0	0	0	0	0	0	0	0	0	0
samples/krx-tobe/checkmenuauth/websquare/checkmenuauth.xml	1	0	0	0	0	0	0	2	2	2	4	2	2	0	0	0	0	0	0	0	0	52	2	0	0	0	0	0	0	0	0	0	0	0	0	0	0	0	0	0	0	0	0	0	0	0	0	0
samples/krx-tobe/chkbzcalnd/websquare/chkbzcalnd.xml	1	0	0	0	0	0	0	2	2	2	4	2	2	0	0	0	0	0	0	0	0	52	2	0	0	0	0	0	0	0	0	0	0	0	0	0	0	0	0	0	0	0	0	0	0	0	0	0
samples/krx-tobe/chkbzdiscls/websquare/chkbzdiscls.xml	1	0	0	0	0	0	0	2	2	2	4	2	2	0	0	0	0	0	0	0	0	52	2	0	0	0	0	0	0	0	0	0	0	0	0	0	0	0	0	0	0	0	0	0	0	0	0	0
samples/krx-tobe/clockrefresh/websquare/clockrefresh.xml	1	0	0	0	0	0	0	3	3	3	6	3	3	0	0	0	0	0	0	0	0	77	3	0	0	0	0	0	0	0	0	0	0	0	0	0	0	0	0	0	0	0	0	0	0	0	0	0
samples/krx-tobe/closewin/websquare/closewin.xml	1	0	0	0	0	0	0	3	3	3	6	3	3	0	0	0	0	0	0	0	0	71	4	0	0	0	0	0	0	0	0	0	0	0	0	0	0	0	0	0	0	0	0	0	0	0	0	0
samples/krx-tobe/common/websquare/common.xml	1	0	0	0	0	0	0	2	2	2	4	2	2	0	0	0	0	0	0	0	0	52	2	0	0	0	0	0	0	0	0	0	0	0	0	0	0	0	0	0	0	0	0	0	0	0	0	0
samples/krx-tobe/company_left_menu/websquare/company_left_menu.xml	1	0	0	1	1	8	5	18	18	18	36	4	18	0	0	1	1	6	53	6	53	461	37	0	0	0	0	0	0	0	0	0	0	0	0	0	0	0	0	0	0	0	0	0	0	0	0	0
samples/krx-tobe/comsession/websquare/comsession.xml	1	0	0	0	0	0	0	2	2	2	4	2	2	0	0	0	0	0	0	0	0	52	2	0	0	0	0	0	0	0	0	0	0	0	0	0	0	0	0	0	0	0	0	0	0	0	0	0
samples/krx-tobe/content_title/websquare/content_title.xml	1	0	0	0	0	0	4	5	5	5	10	5	5	0	0	0	0	12	19	12	19	176	23	0	0	0	0	0	0	0	0	0	0	0	0	0	0	0	0	0	0	0	0	0	0	0	0	0
samples/krx-tobe/content_title_bak/websquare/content_title_bak.xml	1	0	0	0	0	0	0	2	2	2	4	2	2	0	0	0	0	0	0	0	0	52	2	0	0	0	0	0	0	0	0	0	0	0	0	0	0	0	0	0	0	0	0	0	0	0	0	0
samples/krx-tobe/content_title_beforelogin/websquare/content_title_beforelogin.xml	1	0	0	0	0	0	0	3	3	3	6	3	3	0	0	0	0	2	4	2	4	78	4	0	0	0	0	0	0	0	0	0	0	0	0	0	0	0	0	0	0	0	0	0	0	0	0	0
samples/krx-tobe/corpListReport/websquare/corpListReport.xml	1	0	0	0	0	0	3	18	18	18	36	10	18	0	0	0	0	9	34	9	34	434	21	0	0	0	0	0	0	0	0	0	0	0	0	0	0	0	0	0	0	0	0	0	0	0	0	0
samples/krx-tobe/corpbasicinfo_xml/websquare/corpbasicinfo_xml.xml	1	0	0	0	0	0	1	3	3	3	6	3	3	0	0	0	0	2	4	2	4	79	5	0	0	0	0	0	0	0	0	0	0	0	0	0	0	0	0	0	0	0	0	0	0	0	0	0
samples/krx-tobe/corpform/websquare/corpform.xml	1	0	0	0	0	0	0	2	2	2	4	2	2	0	0	0	0	0	0	0	0	52	2	0	0	0	0	0	0	0	0	0	0	0	0	0	0	0	0	0	0	0	0	0	0	0	0	0
samples/krx-tobe/corplist/websquare/corplist.xml	1	0	0	0	0	0	1	16	16	16	32	9	16	0	0	0	0	7	26	7	26	379	19	0	0	0	0	0	0	0	0	0	0	0	0	0	0	0	0	0	0	0	0	0	0	0	0	0
samples/krx-tobe/delformauth/websquare/delformauth.xml	1	0	0	0	0	0	1	8	8	8	16	4	8	0	0	0	0	8	25	8	25	229	11	0	0	0	0	0	0	0	0	0	0	0	0	0	0	0	0	0	0	0	0	0	0	0	0	0
samples/krx-tobe/dep_content/websquare/dep_content.xml	1	0	0	0	0	0	0	8	8	8	16	6	8	0	0	0	0	2	12	2	12	187	8	0	0	0	0	0	0	0	0	0	0	0	0	0	0	0	0	0	0	0	0	0	0	0	0	0
samples/krx-tobe/dep_frame/websquare/dep_frame.xml	1	0	0	0	0	0	0	2	2	2	4	2	2	0	0	0	0	0	0	0	0	52	2	0	0	0	0	0	0	0	0	0	0	0	0	0	0	0	0	0	0	0	0	0	0	0	0	0
samples/krx-tobe/dep_hist_board/websquare/dep_hist_board.xml	1	0	0	0	0	0	0	5	5	5	10	4	5	0	0	0	1	0	3	0	3	118	6	0	0	0	0	0	0	0	0	0	0	0	0	0	0	0	0	0	0	0	0	0	0	0	0	0
samples/krx-tobe/dep_list/websquare/dep_list.xml	1	0	0	0	0	0	0	5	5	5	10	4	5	0	0	0	1	0	3	0	3	118	6	0	0	0	0	0	0	0	0	0	0	0	0	0	0	0	0	0	0	0	0	0	0	0	0	0
samples/krx-tobe/detail_searchbox/websquare/detail_searchbox.xml	1	0	0	0	0	0	0	18	18	18	36	9	18	0	0	0	0	4	37	4	37	502	26	0	0	0	0	0	0	0	0	0	0	0	0	0	0	0	0	0	0	0	0	0	0	0	0	0
samples/krx-tobe/dext5handler/websquare/dext5handler.xml	1	0	0	0	0	0	0	2	2	2	4	2	2	0	0	0	0	0	0	0	0	52	2	0	0	0	0	0	0	0	0	0	0	0	0	0	0	0	0	0	0	0	0	0	0	0	0	0
samples/krx-tobe/dext5viewer/websquare/dext5viewer.xml	1	0	0	0	0	0	0	2	2	2	4	2	2	0	0	0	0	0	0	0	0	52	2	0	0	0	0	0	0	0	0	0	0	0	0	0	0	0	0	0	0	0	0	0	0	0	0	0
samples/krx-tobe/disclosureviewer/websquare/disclosureviewer.xml	1	0	0	0	0	0	0	2	2	2	4	2	2	0	0	0	0	0	0	0	0	52	2	0	0	0	0	0	0	0	0	0	0	0	0	0	0	0	0	0	0	0	0	0	0	0	0	0
samples/krx-tobe/disclsinfoapixml/websquare/disclsinfoapixml.xml	1	0	0	0	0	0	0	2	2	2	4	2	2	0	0	0	0	0	0	0	0	52	2	0	0	0	0	0	0	0	0	0	0	0	0	0	0	0	0	0	0	0	0	0	0	0	0	0
samples/krx-tobe/disclstitlechgposblyndata/websquare/disclstitlechgposblyndata.xml	1	0	0	0	0	0	0	2	2	2	4	2	2	0	0	0	0	0	0	0	0	52	2	0	0	0	0	0	0	0	0	0	0	0	0	0	0	0	0	0	0	0	0	0	0	0	0	0
samples/krx-tobe/dividend_pop/websquare/dividend_pop.xml	1	0	0	0	0	0	3	3	3	3	6	3	3	0	0	0	0	7	10	7	10	114	8	0	0	0	0	0	0	0	0	0	0	0	0	0	0	0	0	0	0	0	0	0	0	0	0	0
samples/krx-tobe/down/websquare/down.xml	1	0	0	0	0	0	0	2	2	2	4	2	2	0	0	0	0	0	0	0	0	52	2	0	0	0	0	0	0	0	0	0	0	0	0	0	0	0	0	0	0	0	0	0	0	0	0	0
samples/krx-tobe/dsclchartdscl/websquare/dsclchartdscl.xml	1	0	0	0	0	0	1	3	3	3	6	2	3	0	0	0	0	7	14	7	14	120	8	0	0	0	0	0	0	0	0	0	0	0	0	0	0	0	0	0	0	0	0	0	0	0	0	0
samples/krx-tobe/dsclchartisur/websquare/dsclchartisur.xml	1	0	0	0	0	0	1	3	3	3	6	2	3	0	0	0	0	7	14	7	14	120	10	0	0	0	0	0	0	0	0	0	0	0	0	0	0	0	0	0	0	0	0	0	0	0	0	0
samples/krx-tobe/dsclchecknotice/websquare/dsclchecknotice.xml	1	0	0	0	0	6	10	14	14	14	28	10	14	0	0	0	0	5	13	5	13	362	14	0	0	0	0	0	0	0	0	0	0	0	0	0	0	0	0	0	0	0	0	0	0	0	0	0
samples/krx-tobe/editorpopup/websquare/editorpopup.xml	1	0	0	1	1	8	2	10	10	10	20	5	10	0	0	1	1	2	10	2	10	204	13	0	0	0	0	0	0	0	0	0	0	0	0	0	0	0	0	0	0	0	0	0	0	0	0	0
samples/krx-tobe/editortest/websquare/editortest.xml	1	0	0	1	1	8	1	5	5	5	10	4	5	0	0	1	1	1	6	1	6	135	8	0	0	0	0	0	0	0	0	0	0	0	0	0	0	0	0	0	0	0	0	0	0	0	0	0
samples/krx-tobe/empinfoapixml/websquare/empinfoapixml.xml	1	0	0	0	0	0	0	2	2	2	4	2	2	0	0	0	0	0	0	0	0	52	2	0	0	0	0	0	0	0	0	0	0	0	0	0	0	0	0	0	0	0	0	0	0	0	0	0
samples/krx-tobe/empty_header/websquare/empty_header.xml	1	0	0	0	0	0	2	3	3	3	6	3	3	0	0	0	0	0	1	0	1	76	3	0	0	0	0	0	0	0	0	0	0	0	0	0	0	0	0	0	0	0	0	0	0	0	0	0
samples/krx-tobe/empty_layout/websquare/empty_layout.xml	1	0	0	0	0	0	0	2	2	2	4	2	2	0	0	0	0	0	0	0	0	52	2	0	0	0	0	0	0	0	0	0	0	0	0	0	0	0	0	0	0	0	0	0	0	0	0	0
samples/krx-tobe/empty_pop_layout/websquare/empty_pop_layout.xml	1	0	0	0	0	0	1	4	4	4	8	4	4	0	0	0	0	3	5	3	5	101	11	0	0	0	0	0	0	0	0	0	0	0	0	0	0	0	0	0	0	0	0	0	0	0	0	0
samples/krx-tobe/enctest/websquare/enctest.xml	1	0	0	0	0	0	1	3	3	3	6	3	3	0	0	0	0	7	10	7	10	112	7	0	0	0	0	0	0	0	0	0	0	0	0	0	0	0	0	0	0	0	0	0	0	0	0	0
samples/krx-tobe/eng_main_footer/websquare/eng_main_footer.xml	1	0	0	0	0	0	0	2	2	2	4	2	2	0	0	0	0	0	0	0	0	52	2	0	0	0	0	0	0	0	0	0	0	0	0	0	0	0	0	0	0	0	0	0	0	0	0	0
samples/krx-tobe/eng_main_layout/websquare/eng_main_layout.xml	1	0	0	0	0	0	0	4	4	4	8	4	4	0	0	0	0	0	3	0	3	97	5	0	0	0	0	0	0	0	0	0	0	0	0	0	0	0	0	0	0	0	0	0	0	0	0	0
samples/krx-tobe/eng_pop_layout/websquare/eng_pop_layout.xml	1	0	0	0	0	0	0	3	3	3	6	3	3	0	0	0	0	0	0	0	0	67	3	0	0	0	0	0	0	0	0	0	0	0	0	0	0	0	0	0	0	0	0	0	0	0	0	0
samples/krx-tobe/esg_submission_step/websquare/esg_submission_step.xml	1	0	0	1	1	8	8	4	4	4	8	4	4	0	0	1	1	8	12	8	12	162	15	0	0	0	0	0	0	0	0	0	0	0	0	0	0	0	0	0	0	0	0	0	0	0	0	0
samples/krx-tobe/esg_viewer/websquare/esg_viewer.xml	1	0	0	0	0	0	0	3	3	3	6	3	3	0	0	0	0	0	0	0	0	72	3	0	0	0	0	0	0	0	0	0	0	0	0	0	0	0	0	0	0	0	0	0	0	0	0	0
samples/krx-tobe/example_preview/websquare/example_preview.xml	1	0	0	0	0	0	0	16	16	16	32	9	16	0	0	0	0	1	19	1	19	367	16	0	0	0	0	0	0	0	0	0	0	0	0	0	0	0	0	0	0	0	0	0	0	0	0	0
samples/krx-tobe/exceldown/websquare/exceldown.xml	1	0	0	0	0	0	0	3	3	3	6	3	3	0	0	0	0	2	4	2	4	78	4	0	0	0	0	0	0	0	0	0	0	0	0	0	0	0	0	0	0	0	0	0	0	0	0	0
samples/krx-tobe/exer_dd_data/websquare/exer_dd_data.xml	1	0	0	0	0	0	0	2	2	2	4	2	2	0	0	0	0	0	0	0	0	52	2	0	0	0	0	0	0	0	0	0	0	0	0	0	0	0	0	0	0	0	0	0	0	0	0	0
samples/krx-tobe/exer_prc_data/websquare/exer_prc_data.xml	1	0	0	0	0	0	0	2	2	2	4	2	2	0	0	0	0	0	0	0	0	52	2	0	0	0	0	0	0	0	0	0	0	0	0	0	0	0	0	0	0	0	0	0	0	0	0	0
samples/krx-tobe/extract/websquare/extract.xml	1	0	0	0	0	0	0	2	2	2	4	2	2	0	0	0	0	0	0	0	0	52	2	0	0	0	0	0	0	0	0	0	0	0	0	0	0	0	0	0	0	0	0	0	0	0	0	0
samples/krx-tobe/extract_dev/websquare/extract_dev.xml	1	0	0	0	0	0	0	8	8	8	16	5	8	0	0	0	0	3	15	3	15	200	8	0	0	0	0	0	0	0	0	0	0	0	0	0	0	0	0	0	0	0	0	0	0	0	0	0
samples/krx-tobe/extract_dr/websquare/extract_dr.xml	1	0	0	0	0	0	0	8	8	8	16	5	8	0	0	0	0	3	15	3	15	200	8	0	0	0	0	0	0	0	0	0	0	0	0	0	0	0	0	0	0	0	0	0	0	0	0	0
samples/krx-tobe/extract_real/websquare/extract_real.xml	1	0	0	0	0	0	0	12	12	12	24	7	12	0	0	0	0	5	25	5	25	300	12	0	0	0	0	0	0	0	0	0	0	0	0	0	0	0	0	0	0	0	0	0	0	0	0	0
samples/krx-tobe/extract_test/websquare/extract_test.xml	1	0	0	0	0	0	0	8	8	8	16	5	8	0	0	0	0	3	15	3	15	200	8	0	0	0	0	0	0	0	0	0	0	0	0	0	0	0	0	0	0	0	0	0	0	0	0	0
samples/krx-tobe/failure/websquare/failure.xml	1	0	0	0	0	0	0	2	2	2	4	2	2	0	0	0	0	0	0	0	0	52	2	0	0	0	0	0	0	0	0	0	0	0	0	0	0	0	0	0	0	0	0	0	0	0	0	0
samples/krx-tobe/faq_left_menu/websquare/faq_left_menu.xml	1	0	0	1	1	8	2	8	8	8	16	3	8	0	0	1	1	3	20	3	20	194	9	0	0	0	0	0	0	0	0	0	0	0	0	0	0	0	0	0	0	0	0	0	0	0	0	0
samples/krx-tobe/filedownload_jws_jnlp/websquare/filedownload_jws_jnlp.xml	1	0	0	0	0	0	0	2	2	2	4	2	2	0	0	0	0	0	0	0	0	52	2	0	0	0	0	0	0	0	0	0	0	0	0	0	0	0	0	0	0	0	0	0	0	0	0	0
samples/krx-tobe/filedownload_jws_start/websquare/filedownload_jws_start.xml	1	0	0	1	1	8	1	3	3	3	6	2	3	0	0	1	1	0	3	0	3	84	4	0	0	0	0	0	0	0	0	0	0	0	0	0	0	0	0	0	0	0	0	0	0	0	0	0
samples/krx-tobe/fileupload/websquare/fileupload.xml	1	0	0	0	0	0	0	2	2	2	4	2	2	0	0	0	0	0	0	0	0	52	2	0	0	0	0	0	0	0	0	0	0	0	0	0	0	0	0	0	0	0	0	0	0	0	0	0
samples/krx-tobe/fileuploadresult/websquare/fileuploadresult.xml	1	0	0	0	0	0	1	2	2	2	4	2	2	0	0	0	0	0	0	0	0	54	2	0	0	0	0	0	0	0	0	0	0	0	0	0	0	0	0	0	0	0	0	0	0	0	0	0
samples/krx-tobe/filing_xforms_layout/websquare/filing_xforms_layout.xml	1	0	0	0	0	0	0	6	6	6	12	2	6	0	0	0	0	0	12	0	12	135	6	0	0	0	0	0	0	0	0	0	0	0	0	0	0	0	0	0	0	0	0	0	0	0	0	0
samples/krx-tobe/findid_left_menu/websquare/findid_left_menu.xml	1	0	0	1	1	8	2	8	8	8	16	3	8	0	0	1	1	3	20	3	20	194	9	0	0	0	0	0	0	0	0	0	0	0	0	0	0	0	0	0	0	0	0	0	0	0	0	0
samples/krx-tobe/fo_userconfig/websquare/fo_userconfig.xml	1	0	0	0	0	0	0	2	2	2	4	2	2	0	0	0	0	0	0	0	0	52	2	0	0	0	0	0	0	0	0	0	0	0	0	0	0	0	0	0	0	0	0	0	0	0	0	0
samples/krx-tobe/fo_xhtml2fo2/websquare/fo_xhtml2fo2.xml	1	0	0	0	0	0	0	2	2	2	4	2	2	0	0	0	0	0	0	0	0	52	2	0	0	0	0	0	0	0	0	0	0	0	0	0	0	0	0	0	0	0	0	0	0	0	0	0
samples/krx-tobe/footer/websquare/footer.xml	1	0	0	8	8	64	9	17	17	17	34	10	17	0	0	12	12	2	27	2	27	373	44	0	0	0	0	0	0	0	0	0	0	0	0	0	0	0	0	0	0	0	0	0	0	0	0	0
samples/krx-tobe/formauth/websquare/formauth.xml	1	0	0	0	0	0	0	9	9	9	18	6	9	0	0	0	0	3	19	3	19	266	9	0	0	0	0	0	0	0	0	0	0	0	0	0	0	0	0	0	0	0	0	0	0	0	0	0
samples/krx-tobe/formprocslist/websquare/formprocslist.xml	1	0	0	0	0	1	1	8	8	8	16	4	8	0	0	0	0	0	6	0	6	157	8	0	0	0	0	0	0	0	0	0	0	0	0	0	0	0	0	0	0	0	0	0	0	0	0	0
samples/krx-tobe/formprocsprocs/websquare/formprocsprocs.xml	1	0	0	0	0	0	0	2	2	2	4	2	2	0	0	0	0	0	0	0	0	55	2	0	0	0	0	0	0	0	0	0	0	0	0	0	0	0	0	0	0	0	0	0	0	0	0	0
samples/krx-tobe/framemain/websquare/framemain.xml	1	0	0	2	2	16	2	28	28	28	56	11	28	0	0	8	9	25	45	25	45	823	30	0	0	0	0	0	0	0	0	0	0	0	0	0	0	0	0	0	0	0	0	0	0	0	0	0
samples/krx-tobe/framestart/websquare/framestart.xml	1	0	0	0	0	0	0	4	4	4	8	3	4	0	0	0	0	0	0	0	0	88	4	0	0	0	0	0	0	0	0	0	0	0	0	0	0	0	0	0	0	0	0	0	0	0	0	0
samples/krx-tobe/frn_combo_data/websquare/frn_combo_data.xml	1	0	0	0	0	0	0	2	2	2	4	2	2	0	0	0	0	0	0	0	0	52	2	0	0	0	0	0	0	0	0	0	0	0	0	0	0	0	0	0	0	0	0	0	0	0	0	0
samples/krx-tobe/fsszipupload/websquare/fsszipupload.xml	1	0	0	0	0	2	1	5	5	5	10	4	5	0	0	0	0	1	6	1	6	119	5	0	0	0	0	0	0	0	0	0	0	0	0	0	0	0	0	0	0	0	0	0	0	0	0	0
samples/krx-tobe/fsszipuploadprocess/websquare/fsszipuploadprocess.xml	1	0	0	0	0	0	0	2	2	2	4	2	2	0	0	0	0	0	0	0	0	52	2	0	0	0	0	0	0	0	0	0	0	0	0	0	0	0	0	0	0	0	0	0	0	0	0	0
samples/krx-tobe/generaterelateddata/websquare/generaterelateddata.xml	1	0	0	0	0	0	7	7	7	7	14	5	7	0	0	0	0	2	5	2	5	164	34	0	0	0	0	0	0	0	0	0	0	0	0	0	0	0	0	0	0	0	0	0	0	0	0	0
samples/krx-tobe/global_common_head/websquare/global_common_head.xml	1	0	0	0	0	0	0	2	2	2	4	2	2	0	0	0	0	0	0	0	0	52	2	0	0	0	0	0	0	0	0	0	0	0	0	0	0	0	0	0	0	0	0	0	0	0	0	0
samples/krx-tobe/hashenc/websquare/hashenc.xml	1	0	0	0	0	0	0	2	2	2	4	2	2	0	0	0	0	0	0	0	0	52	2	0	0	0	0	0	0	0	0	0	0	0	0	0	0	0	0	0	0	0	0	0	0	0	0	0
samples/krx-tobe/header/websquare/header.xml	1	0	0	0	0	0	0	2	2	2	4	2	2	0	0	0	0	0	0	0	0	52	2	0	0	0	0	0	0	0	0	0	0	0	0	0	0	0	0	0	0	0	0	0	0	0	0	0
samples/krx-tobe/header_sale/websquare/header_sale.xml	1	0	0	1	1	8	3	12	12	12	24	5	12	0	0	1	1	6	28	6	28	291	17	0	0	0	0	0	0	0	0	0	0	0	0	0	0	0	0	0	0	0	0	0	0	0	0	0
samples/krx-tobe/history/websquare/history.xml	1	0	0	0	0	0	0	2	2	2	4	2	2	0	0	0	0	0	0	0	0	52	2	0	0	0	0	0	0	0	0	0	0	0	0	0	0	0	0	0	0	0	0	0	0	0	0	0
samples/krx-tobe/individualpopup/websquare/individualpopup.xml	1	0	0	0	0	0	0	3	3	3	6	2	3	0	0	0	0	0	3	0	3	72	3	0	0	0	0	0	0	0	0	0	0	0	0	0	0	0	0	0	0	0	0	0	0	0	0	0
samples/krx-tobe/initialize/websquare/initialize.xml	1	0	0	0	0	0	0	2	2	2	4	2	2	0	0	0	0	0	0	0	0	52	2	0	0	0	0	0	0	0	0	0	0	0	0	0	0	0	0	0	0	0	0	0	0	0	0	0
samples/krx-tobe/initiniplugin/websquare/initiniplugin.xml	1	0	0	0	0	0	0	2	2	2	4	2	2	0	0	0	0	0	0	0	0	52	2	0	0	0	0	0	0	0	0	0	0	0	0	0	0	0	0	0	0	0	0	0	0	0	0	0
samples/krx-tobe/insert_header/websquare/insert_header.xml	1	0	0	0	0	0	0	15	15	15	30	9	15	0	0	0	0	3	21	3	21	320	17	0	0	0	0	0	0	0	0	0	0	0	0	0	0	0	0	0	0	0	0	0	0	0	0	0
samples/krx-tobe/insert_law_header/websquare/insert_law_header.xml	1	0	0	0	0	0	0	18	18	18	36	13	18	0	0	0	0	4	22	4	22	379	19	0	0	0	0	0	0	0	0	0	0	0	0	0	0	0	0	0	0	0	0	0	0	0	0	0
samples/krx-tobe/insert_layout/websquare/insert_layout.xml	1	0	0	0	0	0	0	6	6	6	12	2	6	0	0	0	0	0	12	0	12	135	6	0	0	0	0	0	0	0	0	0	0	0	0	0	0	0	0	0	0	0	0	0	0	0	0	0
samples/krx-tobe/insert_sprt_header/websquare/insert_sprt_header.xml	1	0	0	0	0	0	1	9	9	9	18	3	9	0	0	0	0	2	17	2	17	218	11	0	0	0	0	0	0	0	0	0	0	0	0	0	0	0	0	0	0	0	0	0	0	0	0	0
samples/krx-tobe/install/websquare/install.xml	1	0	0	0	0	0	0	3	3	3	6	3	3	0	0	0	0	0	0	0	0	70	3	0	0	0	0	0	0	0	0	0	0	0	0	0	0	0	0	0	0	0	0	0	0	0	0	0
samples/krx-tobe/intro_footer/websquare/intro_footer.xml	1	0	0	5	5	40	6	8	8	8	16	5	8	0	0	9	9	2	10	2	10	197	23	0	0	0	0	0	0	0	0	0	0	0	0	0	0	0	0	0	0	0	0	0	0	0	0	0
samples/krx-tobe/invalid_file/websquare/invalid_file.xml	1	0	0	0	0	0	0	5	5	5	10	3	5	0	0	0	0	0	7	0	7	113	5	0	0	0	0	0	0	0	0	0	0	0	0	0	0	0	0	0	0	0	0	0	0	0	0	0
samples/krx-tobe/invalid_param/websquare/invalid_param.xml	1	0	0	0	0	0	0	3	3	3	6	3	3	0	0	0	0	0	0	0	0	71	3	0	0	0	0	0	0	0	0	0	0	0	0	0	0	0	0	0	0	0	0	0	0	0	0	0
samples/krx-tobe/invalid_param_nonsession/websquare/invalid_param_nonsession.xml	1	0	0	0	0	0	0	3	3	3	6	3	3	0	0	0	0	3	5	3	5	88	5	0	0	0	0	0	0	0	0	0	0	0	0	0	0	0	0	0	0	0	0	0	0	0	0	0
samples/krx-tobe/issue_layout/websquare/issue_layout.xml	1	0	0	0	0	0	0	2	2	2	4	2	2	0	0	0	0	0	0	0	0	52	2	0	0	0	0	0	0	0	0	0	0	0	0	0	0	0	0	0	0	0	0	0	0	0	0	0
samples/krx-tobe/issue_left_menu/websquare/issue_left_menu.xml	1	0	0	1	1	8	7	27	27	27	54	4	27	0	0	1	1	6	80	6	80	670	36	0	0	0	0	0	0	0	0	0	0	0	0	0	0	0	0	0	0	0	0	0	0	0	0	0
samples/krx-tobe/issueprice_xml/websquare/issueprice_xml.xml	1	0	0	0	0	0	1	3	3	3	6	3	3	0	0	0	0	2	4	2	4	78	4	0	0	0	0	0	0	0	0	0	0	0	0	0	0	0	0	0	0	0	0	0	0	0	0	0
samples/krx-tobe/itsm_list/websquare/itsm_list.xml	1	0	0	0	0	0	4	16	16	16	32	7	16	0	0	0	0	2	20	2	20	407	18	0	0	0	0	0	0	0	0	0	0	0	0	0	0	0	0	0	0	0	0	0	0	0	0	0
samples/krx-tobe/itsm_list_data_call_api/websquare/itsm_list_data_call_api.xml	1	0	0	0	0	0	0	2	2	2	4	2	2	0	0	0	0	0	0	0	0	52	2	0	0	0	0	0	0	0	0	0	0	0	0	0	0	0	0	0	0	0	0	0	0	0	0	0
samples/krx-tobe/jcommon/websquare/jcommon.xml	1	0	0	0	0	0	0	3	3	3	6	3	3	0	0	0	0	0	0	0	0	71	3	0	0	0	0	0	0	0	0	0	0	0	0	0	0	0	0	0	0	0	0	0	0	0	0	0
samples/krx-tobe/jldbnf00000/websquare/jldbnf00000.xml	1	0	0	2	2	16	14	47	47	47	94	27	47	1	0	10	10	39	162	39	162	1303	67	0	0	0	0	0	0	0	0	0	0	0	0	0	0	0	0	0	0	0	0	0	0	0	0	0
samples/krx-tobe/jldbnf00001/websquare/jldbnf00001.xml	1	0	0	0	0	0	0	8	8	8	16	6	8	0	0	0	0	2	11	2	11	188	8	0	0	0	0	0	0	0	0	0	0	0	0	0	0	0	0	0	0	0	0	0	0	0	0	0
samples/krx-tobe/jldbnf00100/websquare/jldbnf00100.xml	1	0	0	0	0	0	5	18	18	18	36	9	18	0	0	0	0	3	33	3	33	386	18	0	0	0	0	0	0	0	0	0	0	0	0	0	0	0	0	0	0	0	0	0	0	0	0	0
samples/krx-tobe/jldbnf00101/websquare/jldbnf00101.xml	1	0	0	0	0	0	2	15	15	15	30	9	15	0	0	0	0	14	38	14	38	387	23	0	0	0	0	0	0	0	0	0	0	0	0	0	0	0	0	0	0	0	0	0	0	0	0	0
samples/krx-tobe/jldbnf00200/websquare/jldbnf00200.xml	1	0	0	0	0	0	3	15	15	15	30	8	15	0	0	0	0	3	31	3	31	332	15	0	0	0	0	0	0	0	0	0	0	0	0	0	0	0	0	0	0	0	0	0	0	0	0	0
samples/krx-tobe/jldbnf00201/websquare/jldbnf00201.xml	1	0	0	0	0	0	1	11	11	11	22	7	11	0	0	0	0	11	29	11	29	296	17	0	0	0	0	0	0	0	0	0	0	0	0	0	0	0	0	0	0	0	0	0	0	0	0	0
samples/krx-tobe/jldbnf00300/websquare/jldbnf00300.xml	1	0	0	0	0	0	0	4	4	4	8	3	4	0	0	0	0	0	3	0	3	87	4	0	0	0	0	0	0	0	0	0	0	0	0	0	0	0	0	0	0	0	0	0	0	0	0	0
samples/krx-tobe/jldbnf00400/websquare/jldbnf00400.xml	1	0	0	0	0	0	4	16	16	16	32	9	16	0	0	0	0	2	21	2	21	324	16	0	0	0	0	0	0	0	0	0	0	0	0	0	0	0	0	0	0	0	0	0	0	0	0	0
samples/krx-tobe/jldbnf00500/websquare/jldbnf00500.xml	1	0	0	0	0	0	2	7	7	7	14	5	7	0	0	0	0	3	9	3	9	162	9	0	0	0	0	0	0	0	0	0	0	0	0	0	0	0	0	0	0	0	0	0	0	0	0	0
samples/krx-tobe/jldbnf00600/websquare/jldbnf00600.xml	1	0	0	0	0	0	5	44	44	44	88	19	44	1	0	2	2	11	95	11	95	1047	46	0	0	0	0	0	0	0	0	0	0	0	0	0	0	0	0	0	0	0	0	0	0	0	0	0
samples/krx-tobe/jldbnf05000/websquare/jldbnf05000.xml	1	0	0	1	1	9	5	20	20	20	40	11	20	0	0	1	1	11	39	11	39	474	33	0	0	0	0	0	0	0	0	0	0	0	0	0	0	0	0	0	0	0	0	0	0	0	0	0
samples/krx-tobe/jldbnf05001/websquare/jldbnf05001.xml	1	0	0	0	0	0	38	226	226	226	452	34	226	0	0	4	4	28	619	28	619	5281	290	0	0	0	0	0	0	0	0	0	0	0	0	0	0	0	0	0	0	0	0	0	0	0	0	0
samples/krx-tobe/jldbnf05001data/websquare/jldbnf05001data.xml	1	0	0	0	0	0	0	3	3	3	6	3	3	0	0	0	0	2	4	2	4	78	4	0	0	0	0	0	0	0	0	0	0	0	0	0	0	0	0	0	0	0	0	0	0	0	0	0
samples/krx-tobe/jldbnf05002/websquare/jldbnf05002.xml	1	0	0	0	0	0	3	13	13	13	26	8	13	0	0	2	2	0	21	0	21	384	17	0	0	0	0	0	0	0	0	0	0	0	0	0	0	0	0	0	0	0	0	0	0	0	0	0
samples/krx-tobe/jldbnf05003/websquare/jldbnf05003.xml	1	0	0	0	0	0	2	13	13	13	26	8	13	0	0	2	2	0	21	0	21	364	17	0	0	0	0	0	0	0	0	0	0	0	0	0	0	0	0	0	0	0	0	0	0	0	0	0
samples/krx-tobe/jldbnf05004/websquare/jldbnf05004.xml	1	0	0	0	0	0	19	31	31	31	62	12	31	0	0	7	7	16	59	16	59	958	56	0	0	0	0	0	0	0	0	0	0	0	0	0	0	0	0	0	0	0	0	0	0	0	0	0
samples/krx-tobe/jldbnf05005/websquare/jldbnf05005.xml	1	0	0	0	0	0	9	43	43	43	86	5	43	0	0	1	1	4	115	4	115	1124	71	0	0	0	0	0	0	0	0	0	0	0	0	0	0	0	0	0	0	0	0	0	0	0	0	0
samples/krx-tobe/jldbnf05006/websquare/jldbnf05006.xml	1	0	0	0	0	0	12	41	41	41	82	19	41	1	0	0	0	12	78	12	78	1082	65	0	0	0	0	0	0	0	0	0	0	0	0	0	0	0	0	0	0	0	0	0	0	0	0	0
samples/krx-tobe/jldbnf05007/websquare/jldbnf05007.xml	1	0	0	0	0	0	15	49	49	49	98	19	49	0	0	0	0	13	80	13	80	1354	68	0	0	0	0	0	15	0	0	0	0	0	0	15	0	0	0	0	0	0	0	0	0	0	0	15
samples/krx-tobe/jldbnf05008/websquare/jldbnf05008.xml	1	0	0	0	0	0	11	29	29	29	58	15	29	0	0	0	0	10	59	10	59	726	44	0	0	0	0	0	0	0	0	0	0	0	0	0	0	0	0	0	0	0	0	0	0	0	0	0
samples/krx-tobe/jldbnf05010/websquare/jldbnf05010.xml	1	0	0	0	0	0	14	21	21	21	42	10	21	0	0	1	1	15	47	15	47	518	38	0	0	0	0	0	0	0	0	0	0	0	0	0	0	0	0	0	0	0	0	0	0	0	0	0
samples/krx-tobe/jldbnf05011/websquare/jldbnf05011.xml	1	0	0	0	0	0	14	24	24	24	48	14	24	1	0	2	2	10	41	10	41	625	43	0	0	0	0	0	0	0	0	0	0	0	0	0	0	0	0	0	0	0	0	0	0	0	0	0
samples/krx-tobe/jldbnf05100/websquare/jldbnf05100.xml	1	0	0	0	0	1	2	15	15	15	30	8	15	0	0	0	0	4	25	4	25	324	17	0	0	0	0	0	0	0	0	0	0	0	0	0	0	0	0	0	0	0	0	0	0	0	0	0
samples/krx-tobe/jldbnf05101/websquare/jldbnf05101.xml	1	0	0	0	0	0	15	89	89	89	178	16	89	0	0	0	0	10	240	10	240	1912	92	0	0	0	0	0	0	0	0	0	0	0	0	0	0	0	0	0	0	0	0	0	0	0	0	0
samples/krx-tobe/jldbnf05201/websquare/jldbnf05201.xml	1	0	0	0	0	0	1	7	7	7	14	7	7	0	0	0	0	3	11	3	11	184	7	0	0	0	0	0	0	0	0	0	0	0	0	0	0	0	0	0	0	0	0	0	0	0	0	0
samples/krx-tobe/jldbnf10000/websquare/jldbnf10000.xml	1	0	0	1	1	8	14	132	132	132	264	15	132	0	0	1	1	10	365	10	365	2850	150	0	0	0	0	0	0	0	0	0	0	0	0	0	0	0	0	0	0	0	0	0	0	0	0	0
samples/krx-tobe/jldbnf10001/websquare/jldbnf10001.xml	1	0	0	0	0	0	28	205	205	205	410	31	205	0	0	1	1	55	650	55	650	4340	235	0	0	0	0	0	0	0	0	0	0	0	0	0	0	0	0	0	0	0	0	0	0	0	0	0
samples/krx-tobe/jldbnf10400/websquare/jldbnf10400.xml	1	0	0	0	0	0	3	27	27	27	54	7	27	0	0	0	0	4	68	4	68	563	29	0	0	0	0	0	0	0	0	0	0	0	0	0	0	0	0	0	0	0	0	0	0	0	0	0
samples/krx-tobe/jldbnf15000/websquare/jldbnf15000.xml	1	0	0	0	0	0	11	36	36	36	72	18	36	0	0	0	0	17	58	17	58	950	39	0	0	0	0	0	0	0	0	0	0	0	0	0	0	0	0	0	0	0	0	0	0	0	0	0
samples/krx-tobe/jldbnf15100/websquare/jldbnf15100.xml	1	0	0	0	0	0	6	32	32	32	64	17	32	0	0	0	0	11	48	11	48	817	35	0	0	0	0	0	0	0	0	0	0	0	0	0	0	0	0	0	0	0	0	0	0	0	0	0
samples/krx-tobe/jldbnf15200/websquare/jldbnf15200.xml	1	0	0	0	0	0	7	30	30	30	60	16	30	0	0	0	0	7	53	7	53	713	33	0	0	0	0	0	0	0	0	0	0	0	0	0	0	0	0	0	0	0	0	0	0	0	0	0
samples/krx-tobe/jldbnf15300/websquare/jldbnf15300.xml	1	0	0	0	0	0	6	34	34	34	68	16	34	0	0	2	2	6	56	6	56	819	36	0	0	0	0	0	0	0	0	0	0	0	0	0	0	0	0	0	0	0	0	0	0	0	0	0
samples/krx-tobe/jldbnf15301/websquare/jldbnf15301.xml	1	0	0	0	0	0	2	9	9	9	18	7	9	0	0	0	0	4	15	4	15	239	15	0	0	0	0	0	0	0	0	0	0	0	0	0	0	0	0	0	0	0	0	0	0	0	0	0
samples/krx-tobe/jldbnf20000/websquare/jldbnf20000.xml	1	0	0	0	0	0	8	39	39	39	78	15	39	0	0	0	0	5	86	5	86	850	41	0	0	0	0	0	0	0	0	0	0	0	0	0	0	0	0	0	0	0	0	0	0	0	0	0
samples/krx-tobe/jldbnf20100/websquare/jldbnf20100.xml	1	0	0	0	0	0	5	31	31	31	62	18	31	0	0	0	0	7	56	7	56	709	34	0	0	0	0	0	0	0	0	0	0	0	0	0	0	0	0	0	0	0	0	0	0	0	0	0
samples/krx-tobe/jldbnf20200/websquare/jldbnf20200.xml	1	0	0	0	0	0	4	28	28	28	56	17	28	0	0	0	0	7	46	7	46	633	31	0	0	0	0	0	0	0	0	0	0	0	0	0	0	0	0	0	0	0	0	0	0	0	0	0
samples/krx-tobe/jldbnf20300/websquare/jldbnf20300.xml	1	0	0	0	0	0	4	48	48	48	96	27	48	0	0	0	0	19	87	19	87	1124	58	0	0	0	0	0	0	0	0	0	0	0	0	0	0	0	0	0	0	0	0	0	0	0	0	0
samples/krx-tobe/jldbnf20400/websquare/jldbnf20400.xml	1	0	0	0	0	0	5	30	30	30	60	17	30	0	0	0	0	9	55	9	55	694	33	0	0	0	0	0	0	0	0	0	0	0	0	0	0	0	0	0	0	0	0	0	0	0	0	0
samples/krx-tobe/jldbnf25000/websquare/jldbnf25000.xml	1	0	0	0	0	0	4	32	32	32	64	13	32	0	0	0	0	7	66	7	66	715	42	0	0	0	0	0	0	0	0	0	0	0	0	0	0	0	0	0	0	0	0	0	0	0	0	0
samples/krx-tobe/jldbnf25001/websquare/jldbnf25001.xml	1	0	0	0	0	0	0	4	4	4	8	2	4	0	0	0	0	0	5	0	5	97	4	0	0	0	0	0	0	0	0	0	0	0	0	0	0	0	0	0	0	0	0	0	0	0	0	0
samples/krx-tobe/jldbnf25100/websquare/jldbnf25100.xml	1	0	0	0	0	0	3	26	26	26	52	12	26	0	0	0	0	6	45	6	45	551	28	0	0	0	0	0	0	0	0	0	0	0	0	0	0	0	0	0	0	0	0	0	0	0	0	0
samples/krx-tobe/jldbnf25200/websquare/jldbnf25200.xml	1	0	0	0	0	0	3	25	25	25	50	12	25	0	0	0	0	6	42	6	42	530	27	0	0	0	0	0	0	0	0	0	0	0	0	0	0	0	0	0	0	0	0	0	0	0	0	0
samples/krx-tobe/jldbnf25300/websquare/jldbnf25300.xml	1	0	0	0	0	0	4	28	28	28	56	13	28	0	0	0	0	6	50	6	50	595	30	0	0	0	0	0	0	0	0	0	0	0	0	0	0	0	0	0	0	0	0	0	0	0	0	0
samples/krx-tobe/jldbnf25400/websquare/jldbnf25400.xml	1	0	0	0	0	0	3	26	26	26	52	14	26	0	0	0	0	6	39	6	39	532	27	0	0	0	0	0	0	0	0	0	0	0	0	0	0	0	0	0	0	0	0	0	0	0	0	0
samples/krx-tobe/jldbnf25500/websquare/jldbnf25500.xml	1	0	0	0	0	0	3	24	24	24	48	12	24	0	0	0	0	6	39	6	39	508	25	0	0	0	0	0	0	0	0	0	0	0	0	0	0	0	0	0	0	0	0	0	0	0	0	0
samples/krx-tobe/jldbnf25600/websquare/jldbnf25600.xml	1	0	0	0	0	0	5	35	35	35	70	7	35	0	0	0	0	4	90	4	90	741	38	0	0	0	0	0	0	0	0	0	0	0	0	0	0	0	0	0	0	0	0	0	0	0	0	0
samples/krx-tobe/jldbnf25700/websquare/jldbnf25700.xml	1	0	0	4	4	12	6	33	33	33	66	18	33	0	0	2	2	20	73	20	73	863	43	0	0	0	0	0	0	0	0	0	0	0	0	0	0	0	0	0	0	0	0	0	0	0	0	0
samples/krx-tobe/jldbnf30000/websquare/jldbnf30000.xml	1	0	0	0	0	0	3	13	13	13	26	7	13	0	0	0	0	2	19	2	19	286	13	0	0	0	0	0	0	0	0	0	0	0	0	0	0	0	0	0	0	0	0	0	0	0	0	0
samples/krx-tobe/jldbnf30001/websquare/jldbnf30001.xml	1	0	0	0	0	0	11	40	40	40	80	17	40	0	0	0	0	9	97	9	97	908	46	0	0	0	0	0	0	0	0	0	0	0	0	0	0	0	0	0	0	0	0	0	0	0	0	0
samples/krx-tobe/jldbnf30002/websquare/jldbnf30002.xml	1	0	0	0	0	0	1	13	13	13	26	10	13	0	0	0	0	5	34	5	34	325	15	0	0	0	0	0	0	0	0	0	0	0	0	0	0	0	0	0	0	0	0	0	0	0	0	0
samples/krx-tobe/jldbnf30003/websquare/jldbnf30003.xml	1	0	0	0	0	0	1	10	10	10	20	8	10	0	0	0	0	2	9	2	9	210	11	0	0	0	0	0	0	0	0	0	0	0	0	0	0	0	0	0	0	0	0	0	0	0	0	0
samples/krx-tobe/jldbnf30100/websquare/jldbnf30100.xml	1	0	0	0	0	0	8	38	38	38	76	17	38	0	0	0	0	6	88	6	88	846	41	0	0	0	0	0	0	0	0	0	0	0	0	0	0	0	0	0	0	0	0	0	0	0	0	0
samples/krx-tobe/jldbnf30101/websquare/jldbnf30101.xml	1	0	0	0	0	0	0	7	7	7	14	5	7	0	0	0	0	2	11	2	11	167	11	0	0	0	0	0	0	0	0	0	0	0	0	0	0	0	0	0	0	0	0	0	0	0	0	0
samples/krx-tobe/jldbnf30200/websquare/jldbnf30200.xml	1	0	0	0	0	0	3	16	16	16	32	9	16	0	0	0	0	2	20	2	20	330	16	0	0	0	0	0	0	0	0	0	0	0	0	0	0	0	0	0	0	0	0	0	0	0	0	0
samples/krx-tobe/jldbnf30201/websquare/jldbnf30201.xml	1	0	0	0	0	0	0	7	7	7	14	6	7	0	0	0	0	3	10	3	10	168	12	0	0	0	0	0	0	0	0	0	0	0	0	0	0	0	0	0	0	0	0	0	0	0	0	0
samples/krx-tobe/jldbnf35000/websquare/jldbnf35000.xml	1	0	0	0	0	1	9	34	34	34	68	17	34	0	0	3	3	17	97	17	97	935	52	0	0	0	0	0	0	0	0	0	0	0	0	0	0	0	0	0	0	0	0	0	0	0	0	0
samples/krx-tobe/jldbnf35001/websquare/jldbnf35001.xml	1	0	0	0	0	0	8	7	7	7	14	4	7	0	0	0	0	12	28	12	28	249	134	0	0	0	0	0	0	0	0	0	0	0	0	0	0	0	0	0	0	0	0	0	0	0	0	0
samples/krx-tobe/jldbnf35002/websquare/jldbnf35002.xml	1	0	0	0	0	0	4	7	7	7	14	4	7	0	0	0	0	12	28	12	28	225	30	0	0	0	0	0	0	0	0	0	0	0	0	0	0	0	0	0	0	0	0	0	0	0	0	0
samples/krx-tobe/jldbnf35003/websquare/jldbnf35003.xml	1	0	0	0	0	0	2	6	6	6	12	4	6	0	0	0	0	5	14	5	14	155	10	0	0	0	0	0	0	0	0	0	0	0	0	0	0	0	0	0	0	0	0	0	0	0	0	0
samples/krx-tobe/jldbnf35004/websquare/jldbnf35004.xml	1	0	0	0	0	0	2	7	7	7	14	5	7	0	0	0	0	5	14	5	14	170	17	0	0	0	0	0	0	0	0	0	0	0	0	0	0	0	0	0	0	0	0	0	0	0	0	0
samples/krx-tobe/jldbnf35005/websquare/jldbnf35005.xml	1	0	0	0	0	0	2	6	6	6	12	4	6	0	0	0	0	5	14	5	14	159	14	0	0	0	0	0	0	0	0	0	0	0	0	0	0	0	0	0	0	0	0	0	0	0	0	0
samples/krx-tobe/jldbnf35006/websquare/jldbnf35006.xml	1	0	0	0	0	0	2	6	6	6	12	4	6	0	0	0	0	5	14	5	14	161	16	0	0	0	0	0	0	0	0	0	0	0	0	0	0	0	0	0	0	0	0	0	0	0	0	0
samples/krx-tobe/jldbnf35007/websquare/jldbnf35007.xml	1	0	0	0	0	0	2	6	6	6	12	4	6	0	0	0	0	5	14	5	14	159	14	0	0	0	0	0	0	0	0	0	0	0	0	0	0	0	0	0	0	0	0	0	0	0	0	0
samples/krx-tobe/jldbnf35008/websquare/jldbnf35008.xml	1	0	0	0	0	0	2	6	6	6	12	4	6	0	0	0	0	5	14	5	14	158	13	0	0	0	0	0	0	0	0	0	0	0	0	0	0	0	0	0	0	0	0	0	0	0	0	0
samples/krx-tobe/jldbnf35009/websquare/jldbnf35009.xml	1	0	0	0	0	0	2	6	6	6	12	4	6	0	0	0	0	5	14	5	14	155	10	0	0	0	0	0	0	0	0	0	0	0	0	0	0	0	0	0	0	0	0	0	0	0	0	0
samples/krx-tobe/jldbnf35010/websquare/jldbnf35010.xml	1	0	0	0	0	0	2	6	6	6	12	4	6	0	0	0	0	5	14	5	14	160	15	0	0	0	0	0	0	0	0	0	0	0	0	0	0	0	0	0	0	0	0	0	0	0	0	0
samples/krx-tobe/jldbnf35011/websquare/jldbnf35011.xml	1	0	0	0	0	0	3	7	7	7	14	5	7	0	0	0	0	12	24	12	24	217	17	0	0	0	0	0	0	0	0	0	0	0	0	0	0	0	0	0	0	0	0	0	0	0	0	0
samples/krx-tobe/jldbnf35012/websquare/jldbnf35012.xml	1	0	0	0	0	0	2	6	6	6	12	4	6	0	0	0	0	5	14	5	14	156	11	0	0	0	0	0	0	0	0	0	0	0	0	0	0	0	0	0	0	0	0	0	0	0	0	0
samples/krx-tobe/jldbnf35013/websquare/jldbnf35013.xml	1	0	0	0	0	0	2	6	6	6	12	4	6	0	0	0	0	5	14	5	14	156	11	0	0	0	0	0	0	0	0	0	0	0	0	0	0	0	0	0	0	0	0	0	0	0	0	0
samples/krx-tobe/jldbnf35014/websquare/jldbnf35014.xml	1	0	0	0	0	0	2	6	6	6	12	4	6	0	0	0	0	5	14	5	14	156	11	0	0	0	0	0	0	0	0	0	0	0	0	0	0	0	0	0	0	0	0	0	0	0	0	0
samples/krx-tobe/jldbnf35015/websquare/jldbnf35015.xml	1	0	0	0	0	0	2	6	6	6	12	4	6	0	0	0	0	5	14	5	14	156	11	0	0	0	0	0	0	0	0	0	0	0	0	0	0	0	0	0	0	0	0	0	0	0	0	0
samples/krx-tobe/jldbnf35016/websquare/jldbnf35016.xml	1	0	0	0	0	0	2	6	6	6	12	4	6	0	0	0	0	5	14	5	14	156	11	0	0	0	0	0	0	0	0	0	0	0	0	0	0	0	0	0	0	0	0	0	0	0	0	0
samples/krx-tobe/jldbnf35017/websquare/jldbnf35017.xml	1	0	0	0	0	0	2	7	7	7	14	5	7	0	0	0	0	5	14	5	14	173	14	0	0	0	0	0	0	0	0	0	0	0	0	0	0	0	0	0	0	0	0	0	0	0	0	0
samples/krx-tobe/jldbnf35018/websquare/jldbnf35018.xml	1	0	0	0	0	0	2	7	7	7	14	5	7	0	0	0	0	5	14	5	14	175	16	0	0	0	0	0	0	0	0	0	0	0	0	0	0	0	0	0	0	0	0	0	0	0	0	0
samples/krx-tobe/jldbnf35019/websquare/jldbnf35019.xml	1	0	0	0	0	0	2	8	8	8	16	5	8	0	0	0	0	5	15	5	15	189	11	0	0	0	0	0	0	0	0	0	0	0	0	0	0	0	0	0	0	0	0	0	0	0	0	0
samples/krx-tobe/jldbnf35020/websquare/jldbnf35020.xml	1	0	0	0	0	0	2	6	6	6	12	4	6	0	0	0	0	5	14	5	14	156	11	0	0	0	0	0	0	0	0	0	0	0	0	0	0	0	0	0	0	0	0	0	0	0	0	0
samples/krx-tobe/jldbnf35021/websquare/jldbnf35021.xml	1	0	0	0	0	0	2	6	6	6	12	4	6	0	0	0	0	5	14	5	14	156	11	0	0	0	0	0	0	0	0	0	0	0	0	0	0	0	0	0	0	0	0	0	0	0	0	0
samples/krx-tobe/jldbnf35022/websquare/jldbnf35022.xml	1	0	0	0	0	0	2	10	10	10	20	6	10	0	0	0	0	2	12	2	12	226	10	0	0	0	0	0	0	0	0	0	0	0	0	0	0	0	0	0	0	0	0	0	0	0	0	0
samples/krx-tobe/jldbnf35023/websquare/jldbnf35023.xml	1	0	0	0	0	0	4	13	13	13	26	7	13	0	0	0	0	6	25	6	25	293	15	0	0	0	0	0	0	0	0	0	0	0	0	0	0	0	0	0	0	0	0	0	0	0	0	0
samples/krx-tobe/jldbnf35100/websquare/jldbnf35100.xml	1	0	0	0	0	1	2	16	16	16	32	9	16	0	0	0	0	3	22	3	22	329	19	0	0	0	0	0	0	0	0	0	0	0	0	0	0	0	0	0	0	0	0	0	0	0	0	0
samples/krx-tobe/jldbnf40000/websquare/jldbnf40000.xml	1	0	0	0	0	0	5	20	20	20	40	13	20	0	0	0	0	8	34	8	34	430	24	0	0	0	0	0	0	0	0	0	0	0	0	0	0	0	0	0	0	0	0	0	0	0	0	0
samples/krx-tobe/jldbnf41000/websquare/jldbnf41000.xml	1	0	0	0	0	2	7	13	13	13	26	9	13	0	0	0	0	4	23	4	23	357	19	0	0	0	0	0	0	0	0	0	0	0	0	0	0	0	0	0	0	0	0	0	0	0	0	0
samples/krx-tobe/jldbnf45000/websquare/jldbnf45000.xml	1	0	0	0	0	6	13	45	45	45	90	16	45	1	0	0	0	8	95	8	95	1117	53	0	0	0	0	0	0	0	0	0	0	0	0	0	0	0	0	0	0	0	0	0	0	0	0	0
samples/krx-tobe/jldbnf45100/websquare/jldbnf45100.xml	1	0	0	0	0	0	0	18	18	18	36	12	18	0	0	2	2	9	39	9	39	525	22	0	0	0	0	0	0	0	0	0	0	0	0	0	0	0	0	0	0	0	0	0	0	0	0	0
samples/krx-tobe/jldbnf45200/websquare/jldbnf45200.xml	1	0	0	0	0	0	0	23	23	23	46	5	23	0	0	0	0	1	55	1	55	588	23	0	0	0	0	0	0	0	0	0	0	0	0	0	0	0	0	0	0	0	0	0	0	0	0	0
samples/krx-tobe/jldbnf50000/websquare/jldbnf50000.xml	1	0	0	0	0	1	5	20	20	20	40	10	20	0	0	0	0	15	50	15	50	502	35	0	0	0	0	0	0	0	0	0	0	0	0	0	0	0	0	0	0	0	0	0	0	0	0	0
samples/krx-tobe/jldbnf50001/websquare/jldbnf50001.xml	1	0	0	0	0	0	4	35	35	35	70	8	35	1	0	0	0	5	88	5	88	729	38	0	0	0	0	0	0	0	0	0	0	0	0	0	0	0	0	0	0	0	0	0	0	0	0	0
samples/krx-tobe/jldbnf50100/websquare/jldbnf50100.xml	1	0	0	0	0	0	3	22	22	22	44	12	22	0	0	0	0	10	51	10	51	537	27	0	0	0	0	0	0	0	0	0	0	0	0	0	0	0	0	0	0	0	0	0	0	0	0	0
samples/krx-tobe/jldbnf50101/websquare/jldbnf50101.xml	1	0	0	0	0	0	2	6	6	6	12	4	6	0	0	0	0	5	14	5	14	156	11	0	0	0	0	0	0	0	0	0	0	0	0	0	0	0	0	0	0	0	0	0	0	0	0	0
samples/krx-tobe/jldbnf50200/websquare/jldbnf50200.xml	1	0	0	0	0	0	0	26	26	26	52	7	26	0	0	0	0	3	62	3	62	653	28	0	0	0	0	0	0	0	0	0	0	0	0	0	0	0	0	0	0	0	0	0	0	0	0	0
samples/krx-tobe/jldbnf50300/websquare/jldbnf50300.xml	1	0	0	0	0	0	0	20	20	20	40	15	20	0	0	2	2	10	32	10	32	549	23	0	0	0	0	0	0	0	0	0	0	0	0	0	0	0	0	0	0	0	0	0	0	0	0	0
samples/krx-tobe/jldbnf55000/websquare/jldbnf55000.xml	1	0	0	0	0	0	3	14	14	14	28	8	14	0	0	0	0	8	36	8	36	364	17	0	0	0	0	0	0	0	0	0	0	0	0	0	0	0	0	0	0	0	0	0	0	0	0	0
samples/krx-tobe/jldbnf55001/websquare/jldbnf55001.xml	1	0	0	0	0	18	17	61	61	61	122	11	61	0	0	2	2	6	162	6	162	1444	64	0	0	0	0	0	0	0	0	0	0	0	0	0	0	0	0	0	0	0	0	0	0	0	0	0
samples/krx-tobe/jldbnf55100/websquare/jldbnf55100.xml	1	0	0	0	0	0	0	15	15	15	30	6	15	0	0	0	0	1	31	1	31	376	15	0	0	0	0	0	0	0	0	0	0	0	0	0	0	0	0	0	0	0	0	0	0	0	0	0
samples/krx-tobe/jldbnf55200/websquare/jldbnf55200.xml	1	0	0	0	0	0	3	24	24	24	48	6	24	0	0	0	0	1	58	1	58	612	24	0	0	0	0	0	0	0	0	0	0	0	0	0	0	0	0	0	0	0	0	0	0	0	0	0
samples/krx-tobe/jldbnf55201/websquare/jldbnf55201.xml	1	0	0	0	0	0	3	10	10	10	20	8	10	0	0	0	0	12	29	12	29	268	21	0	0	0	0	0	0	0	0	0	0	0	0	0	0	0	0	0	0	0	0	0	0	0	0	0
samples/krx-tobe/jldbnf55300/websquare/jldbnf55300.xml	1	0	0	0	0	0	1	10	10	10	20	7	10	0	0	0	0	4	17	4	17	233	13	0	0	0	0	0	0	0	0	0	0	0	0	0	0	0	0	0	0	0	0	0	0	0	0	0
samples/krx-tobe/jldbnf55301/websquare/jldbnf55301.xml	1	0	0	0	0	0	3	29	29	29	58	10	29	0	0	0	0	2	62	2	62	687	29	0	0	0	0	0	0	0	0	0	0	0	0	0	0	0	0	0	0	0	0	0	0	0	0	0
samples/krx-tobe/jldbnf55400/websquare/jldbnf55400.xml	1	0	0	0	0	0	1	10	10	10	20	7	10	0	0	0	0	4	17	4	17	233	13	0	0	0	0	0	0	0	0	0	0	0	0	0	0	0	0	0	0	0	0	0	0	0	0	0
samples/krx-tobe/jldbnf60100/websquare/jldbnf60100.xml	1	0	0	3	3	19	8	30	30	30	60	13	30	0	0	3	3	20	62	20	62	718	39	0	0	0	0	0	0	0	0	0	0	0	0	0	0	0	0	0	0	0	0	0	0	0	0	0
samples/krx-tobe/jldbnf60101/websquare/jldbnf60101.xml	1	0	0	0	0	0	9	43	43	43	86	20	43	1	0	5	5	12	110	12	110	988	46	0	0	0	0	0	0	0	0	0	0	0	0	0	0	0	0	0	0	0	0	0	0	0	0	0
samples/krx-tobe/jldbnf60102/websquare/jldbnf60102.xml	1	0	0	0	0	0	1	5	5	5	10	3	5	0	0	0	0	1	8	1	8	124	5	0	0	0	0	0	0	0	0	0	0	0	0	0	0	0	0	0	0	0	0	0	0	0	0	0
samples/krx-tobe/jldbnf60103/websquare/jldbnf60103.xml	1	0	0	0	0	0	0	5	5	5	10	4	5	0	0	0	0	2	7	2	7	114	7	0	0	0	0	0	0	0	0	0	0	0	0	0	0	0	0	0	0	0	0	0	0	0	0	0
samples/krx-tobe/jldbnf60200/websquare/jldbnf60200.xml	1	0	0	2	2	11	7	28	28	28	56	13	28	0	0	2	2	17	59	17	59	672	36	0	0	0	0	0	0	0	0	0	0	0	0	0	0	0	0	0	0	0	0	0	0	0	0	0
samples/krx-tobe/jldbnf60201/websquare/jldbnf60201.xml	1	0	0	6	6	19	9	37	37	37	74	15	37	0	0	5	5	17	97	17	97	890	48	0	0	0	0	0	0	0	0	0	0	0	0	0	0	0	0	0	0	0	0	0	0	0	0	0
samples/krx-tobe/jldbnf90000/websquare/jldbnf90000.xml	1	0	0	0	0	0	6	15	15	15	30	7	15	0	0	0	0	4	28	4	28	373	30	0	0	0	0	0	0	0	0	0	0	0	0	0	0	0	0	0	0	0	0	0	0	0	0	0
samples/krx-tobe/jldbnf90001/websquare/jldbnf90001.xml	1	0	0	0	0	0	4	6	6	6	12	4	6	0	0	0	0	12	26	12	26	205	59	0	0	0	0	0	0	0	0	0	0	0	0	0	0	0	0	0	0	0	0	0	0	0	0	0
samples/krx-tobe/jldbnf90002/websquare/jldbnf90002.xml	1	0	0	0	0	0	6	17	17	17	34	11	17	0	0	0	0	5	35	5	35	373	26	0	0	0	0	0	0	0	0	0	0	0	0	0	0	0	0	0	0	0	0	0	0	0	0	0
samples/krx-tobe/jldbnf90004/websquare/jldbnf90004.xml	1	0	0	1	1	9	33	18	18	18	36	10	18	0	0	1	1	7	43	7	43	472	37	0	0	0	0	0	0	0	0	0	0	0	0	0	0	0	0	0	0	0	0	0	0	0	0	0
samples/krx-tobe/jldbnf90005/websquare/jldbnf90005.xml	1	0	0	0	0	1	4	13	13	13	26	7	13	0	0	0	0	3	22	3	22	294	22	0	0	0	0	0	0	0	0	0	0	0	0	0	0	0	0	0	0	0	0	0	0	0	0	0
samples/krx-tobe/jldbnf90006/websquare/jldbnf90006.xml	1	0	0	0	0	1	4	13	13	13	26	7	13	0	0	0	0	3	22	3	22	295	22	0	0	0	0	0	0	0	0	0	0	0	0	0	0	0	0	0	0	0	0	0	0	0	0	0
samples/krx-tobe/jldbnf90007/websquare/jldbnf90007.xml	1	0	0	0	0	0	0	4	4	4	8	2	4	0	0	0	0	0	6	0	6	93	4	0	0	0	0	0	0	0	0	0	0	0	0	0	0	0	0	0	0	0	0	0	0	0	0	0
samples/krx-tobe/jldbnf90008/websquare/jldbnf90008.xml	1	0	0	2	2	18	5	29	29	29	58	11	29	0	0	2	2	7	59	7	59	688	38	0	0	0	0	0	0	0	0	0	0	0	0	0	0	0	0	0	0	0	0	0	0	0	0	0
samples/krx-tobe/jldbnf90009/websquare/jldbnf90009.xml	1	0	0	0	0	0	0	5	5	5	10	4	5	0	0	0	0	0	4	0	4	116	5	0	0	0	0	0	0	0	0	0	0	0	0	0	0	0	0	0	0	0	0	0	0	0	0	0
samples/krx-tobe/jldbnf90010/websquare/jldbnf90010.xml	1	0	0	0	0	0	7	2	2	2	4	2	2	0	0	0	0	0	0	0	0	66	2	0	0	0	0	0	0	0	0	0	0	0	0	0	0	0	0	0	0	0	0	0	0	0	0	0
samples/krx-tobe/jldbnf90011/websquare/jldbnf90011.xml	1	0	0	1	1	9	6	27	27	27	54	16	27	0	0	1	1	11	67	11	67	646	34	0	0	0	0	0	0	0	0	0	0	0	0	0	0	0	0	0	0	0	0	0	0	0	0	0
samples/krx-tobe/jldbnf90011_excel/websquare/jldbnf90011_excel.xml	1	0	0	0	0	0	0	2	2	2	4	2	2	0	0	0	0	0	0	0	0	52	2	0	0	0	0	0	0	0	0	0	0	0	0	0	0	0	0	0	0	0	0	0	0	0	0	0
samples/krx-tobe/jldbns30000/websquare/jldbns30000.xml	1	0	0	0	0	10	0	23	23	23	46	19	23	3	0	0	0	9	14	9	14	589	23	0	0	0	0	0	0	0	0	0	0	0	0	0	0	0	0	0	0	0	0	0	0	0	0	0
samples/krx-tobe/jldcom91000/websquare/jldcom91000.xml	1	0	0	1	1	50	15	69	69	69	138	46	69	9	0	7	7	7	32	7	32	1675	70	0	0	0	0	0	0	0	0	0	0	0	0	0	0	0	0	0	0	0	0	0	0	0	0	0
samples/krx-tobe/jlddst00000/websquare/jlddst00000.xml	1	0	0	1	1	11	11	43	43	43	86	18	43	0	0	2	2	31	110	31	110	1225	80	0	0	0	0	0	0	0	0	0	0	0	0	0	0	0	0	0	0	0	0	0	0	0	0	0
samples/krx-tobe/jlddst00100/websquare/jlddst00100.xml	1	0	0	0	0	4	13	34	34	34	68	22	34	0	0	1	1	27	82	27	82	786	56	0	0	0	0	0	0	0	0	0	0	0	0	0	0	0	0	0	0	0	0	0	0	0	0	0
samples/krx-tobe/jlddst00200/websquare/jlddst00200.xml	1	0	0	0	0	0	14	23	23	23	46	14	23	0	0	0	0	11	27	11	27	666	24	0	0	0	0	0	0	0	0	0	0	0	0	0	0	0	0	0	0	0	0	0	0	0	0	0
samples/krx-tobe/jlddst00300/websquare/jlddst00300.xml	1	0	0	0	0	3	61	93	93	93	186	29	93	0	0	2	2	40	256	40	256	2308	333	0	0	0	0	0	0	0	0	0	0	0	0	0	0	0	0	0	0	0	0	0	0	0	0	0
samples/krx-tobe/jlddst00301/websquare/jlddst00301.xml	1	0	0	0	0	3	4	17	17	17	34	9	17	0	0	1	1	8	25	8	25	386	29	0	0	0	0	0	0	0	0	0	0	0	0	0	0	0	0	0	0	0	0	0	0	0	0	0
samples/krx-tobe/jlddst00302/websquare/jlddst00302.xml	1	0	0	0	0	3	4	17	17	17	34	9	17	0	0	1	1	8	25	8	25	386	29	0	0	0	0	0	0	0	0	0	0	0	0	0	0	0	0	0	0	0	0	0	0	0	0	0
samples/krx-tobe/jlddst00303/websquare/jlddst00303.xml	1	0	0	1	1	8	4	32	32	32	64	16	32	0	0	1	1	16	42	16	42	825	33	0	0	0	0	0	1	0	0	0	0	0	0	1	0	0	0	0	0	0	0	0	0	0	0	1
samples/krx-tobe/jlddst00400/websquare/jlddst00400.xml	1	0	0	0	0	0	8	23	23	23	46	15	23	0	0	0	0	2	38	2	38	488	27	0	0	0	0	0	0	0	0	0	0	0	0	0	0	0	0	0	0	0	0	0	0	0	0	0
samples/krx-tobe/jlddst00401/websquare/jlddst00401.xml	1	0	0	0	0	0	9	23	23	23	46	16	23	0	0	0	0	2	33	2	33	460	23	0	0	0	0	0	0	0	0	0	0	0	0	0	0	0	0	0	0	0	0	0	0	0	0	0
samples/krx-tobe/jlddst00402/websquare/jlddst00402.xml	1	0	0	1	1	8	10	30	30	30	60	16	30	0	0	1	1	3	52	3	52	626	38	0	0	0	0	0	0	0	0	0	0	0	0	0	0	0	0	0	0	0	0	0	0	0	0	0
samples/krx-tobe/jlddst00403/websquare/jlddst00403.xml	1	0	0	0	0	0	8	23	23	23	46	16	23	0	0	0	0	2	37	2	37	467	23	0	0	0	0	0	0	0	0	0	0	0	0	0	0	0	0	0	0	0	0	0	0	0	0	0
samples/krx-tobe/jlddst00404/websquare/jlddst00404.xml	1	0	0	0	0	0	8	23	23	23	46	16	23	0	0	0	0	2	35	2	35	463	23	0	0	0	0	0	0	0	0	0	0	0	0	0	0	0	0	0	0	0	0	0	0	0	0	0
samples/krx-tobe/jlddst00405/websquare/jlddst00405.xml	1	0	0	0	0	0	8	23	23	23	46	16	23	0	0	0	0	2	35	2	35	463	23	0	0	0	0	0	0	0	0	0	0	0	0	0	0	0	0	0	0	0	0	0	0	0	0	0
samples/krx-tobe/jlddst00406/websquare/jlddst00406.xml	1	0	0	1	1	8	12	26	26	26	52	15	26	0	0	1	1	5	48	5	48	568	34	0	0	0	0	0	0	0	0	0	0	0	0	0	0	0	0	0	0	0	0	0	0	0	0	0
samples/krx-tobe/jlddst00407/websquare/jlddst00407.xml	1	0	0	0	0	0	8	23	23	23	46	15	23	0	0	0	0	2	38	2	38	487	27	0	0	0	0	0	0	0	0	0	0	0	0	0	0	0	0	0	0	0	0	0	0	0	0	0
samples/krx-tobe/jlddst00500/websquare/jlddst00500.xml	1	0	0	0	0	0	5	65	65	65	130	18	65	0	0	6	6	15	139	15	139	1617	65	0	0	0	0	0	1	0	0	0	0	0	0	1	0	0	0	0	0	0	0	0	0	0	0	1
samples/krx-tobe/jlddst00600/websquare/jlddst00600.xml	1	0	0	0	0	0	6	63	63	63	126	17	63	0	0	6	6	14	134	14	134	1565	63	0	0	0	0	0	1	0	0	0	0	0	0	1	0	0	0	0	0	0	0	0	0	0	0	1
samples/krx-tobe/jlddst00700/websquare/jlddst00700.xml	1	0	0	0	0	1	17	54	54	54	108	22	54	0	0	0	0	19	124	19	124	1244	69	0	0	0	0	0	0	0	0	0	0	0	0	0	0	0	0	0	0	0	0	0	0	0	0	0
samples/krx-tobe/jlddst00710/websquare/jlddst00710.xml	1	0	0	0	0	0	1	4	4	4	8	4	4	0	0	0	0	5	9	5	9	112	10	0	0	0	0	0	0	0	0	0	0	0	0	0	0	0	0	0	0	0	0	0	0	0	0	0
samples/krx-tobe/jlddst00720/websquare/jlddst00720.xml	1	0	0	0	0	0	0	3	3	3	6	3	3	0	0	0	0	2	4	2	4	79	5	0	0	0	0	0	0	0	0	0	0	0	0	0	0	0	0	0	0	0	0	0	0	0	0	0
samples/krx-tobe/jlddst00730/websquare/jlddst00730.xml	1	0	0	0	0	0	0	3	3	3	6	3	3	0	0	0	0	2	4	2	4	78	4	0	0	0	0	0	0	0	0	0	0	0	0	0	0	0	0	0	0	0	0	0	0	0	0	0
samples/krx-tobe/jlddst00740/websquare/jlddst00740.xml	1	0	0	0	0	0	0	3	3	3	6	3	3	0	0	0	0	2	4	2	4	78	4	0	0	0	0	0	0	0	0	0	0	0	0	0	0	0	0	0	0	0	0	0	0	0	0	0
samples/krx-tobe/jlddst00750/websquare/jlddst00750.xml	1	0	0	0	0	0	0	2	2	2	4	2	2	0	0	0	0	0	0	0	0	52	2	0	0	0	0	0	0	0	0	0	0	0	0	0	0	0	0	0	0	0	0	0	0	0	0	0
samples/krx-tobe/jlddst00800/websquare/jlddst00800.xml	1	0	0	0	0	0	6	17	17	17	34	10	17	0	0	0	0	1	21	1	21	381	20	0	0	0	0	0	0	0	0	0	0	0	0	0	0	0	0	0	0	0	0	0	0	0	0	0
samples/krx-tobe/jlddst01000/websquare/jlddst01000.xml	1	0	0	1	1	8	3	36	36	36	72	14	36	0	0	1	1	7	61	7	61	850	37	0	0	0	0	0	1	0	0	0	0	0	0	1	0	0	0	0	0	0	0	0	0	0	0	1
samples/krx-tobe/jlddst01100/websquare/jlddst01100.xml	1	0	0	0	0	0	0	2	2	2	4	2	2	0	0	0	0	0	0	0	0	52	2	0	0	0	0	0	0	0	0	0	0	0	0	0	0	0	0	0	0	0	0	0	0	0	0	0
samples/krx-tobe/jlddst01200/websquare/jlddst01200.xml	1	0	0	0	0	0	0	2	2	2	4	2	2	0	0	0	0	0	0	0	0	52	2	0	0	0	0	0	0	0	0	0	0	0	0	0	0	0	0	0	0	0	0	0	0	0	0	0
samples/krx-tobe/jlddst01300/websquare/jlddst01300.xml	1	0	0	0	0	0	8	23	23	23	46	15	23	0	0	0	0	2	38	2	38	473	23	0	0	0	0	0	0	0	0	0	0	0	0	0	0	0	0	0	0	0	0	0	0	0	0	0
samples/krx-tobe/jlddst01400/websquare/jlddst01400.xml	1	0	0	0	0	0	0	10	10	10	20	7	10	0	0	0	0	2	6	2	6	216	11	0	0	0	0	0	0	0	0	0	0	0	0	0	0	0	0	0	0	0	0	0	0	0	0	0
samples/krx-tobe/jlddst01401/websquare/jlddst01401.xml	1	0	0	0	0	0	1	5	5	5	10	5	5	0	0	0	0	12	19	12	19	171	47	0	0	0	0	0	0	0	0	0	0	0	0	0	0	0	0	0	0	0	0	0	0	0	0	0
samples/krx-tobe/jlddst01410/websquare/jlddst01410.xml	1	0	0	0	0	0	0	11	11	11	22	7	11	0	0	0	0	2	9	2	9	241	12	0	0	0	0	0	0	0	0	0	0	0	0	0	0	0	0	0	0	0	0	0	0	0	0	0
samples/krx-tobe/jlddst01411/websquare/jlddst01411.xml	1	0	0	0	0	0	1	7	7	7	14	7	7	0	0	0	0	12	19	12	19	206	47	0	0	0	0	0	0	0	0	0	0	0	0	0	0	0	0	0	0	0	0	0	0	0	0	0
samples/krx-tobe/jlddst01412/websquare/jlddst01412.xml	1	0	0	0	0	0	0	3	3	3	6	3	3	0	0	0	0	2	4	2	4	81	4	0	0	0	0	0	0	0	0	0	0	0	0	0	0	0	0	0	0	0	0	0	0	0	0	0
samples/krx-tobe/jlddst01420/websquare/jlddst01420.xml	1	0	0	0	0	0	0	10	10	10	20	7	10	0	0	0	0	2	6	2	6	216	11	0	0	0	0	0	0	0	0	0	0	0	0	0	0	0	0	0	0	0	0	0	0	0	0	0
samples/krx-tobe/jlddst01421/websquare/jlddst01421.xml	1	0	0	0	0	0	1	5	5	5	10	5	5	0	0	0	0	12	19	12	19	171	31	0	0	0	0	0	0	0	0	0	0	0	0	0	0	0	0	0	0	0	0	0	0	0	0	0
samples/krx-tobe/jlddst01500/websquare/jlddst01500.xml	1	0	0	0	0	0	8	24	24	24	48	15	24	0	0	0	0	2	41	2	41	488	24	0	0	0	0	0	0	0	0	0	0	0	0	0	0	0	0	0	0	0	0	0	0	0	0	0
samples/krx-tobe/jlddst01600/websquare/jlddst01600.xml	1	0	0	1	1	8	8	27	27	27	54	20	27	0	0	1	1	11	49	11	49	564	31	0	0	0	0	0	0	0	0	0	0	0	0	0	0	0	0	0	0	0	0	0	0	0	0	0
samples/krx-tobe/jlddst05000/websquare/jlddst05000.xml	1	0	0	1	1	8	1	18	18	18	36	13	18	0	0	1	1	8	26	8	26	421	20	0	0	0	0	0	0	0	0	0	0	0	0	0	0	0	0	0	0	0	0	0	0	0	0	0
samples/krx-tobe/jlddst05001/websquare/jlddst05001.xml	1	0	0	0	0	0	1	10	10	10	20	8	10	0	0	0	0	2	7	2	7	218	10	0	0	0	0	0	0	0	0	0	0	0	0	0	0	0	0	0	0	0	0	0	0	0	0	0
samples/krx-tobe/jlddst05100/websquare/jlddst05100.xml	1	0	0	0	0	1	1	39	39	39	78	13	39	0	0	0	0	5	68	5	68	821	45	0	0	0	0	0	0	0	0	0	0	0	0	0	0	0	0	0	0	0	0	0	0	0	0	0
samples/krx-tobe/jlddst05300/websquare/jlddst05300.xml	1	0	0	0	0	0	5	39	39	39	78	21	39	0	0	0	0	8	67	8	67	894	42	0	0	0	0	0	0	0	0	0	0	0	0	0	0	0	0	0	0	0	0	0	0	0	0	0
samples/krx-tobe/jlddst05600/websquare/jlddst05600.xml	1	0	0	0	0	3	11	29	29	29	58	18	29	0	0	0	0	11	55	11	55	612	43	0	0	0	0	0	0	0	0	0	0	0	0	0	0	0	0	0	0	0	0	0	0	0	0	0
samples/krx-tobe/jlddst05601/websquare/jlddst05601.xml	1	0	0	1	1	8	2	16	16	16	32	8	16	0	0	1	1	14	33	14	33	406	24	0	0	0	0	0	0	0	0	0	0	0	0	0	0	0	0	0	0	0	0	0	0	0	0	0
samples/krx-tobe/jlddst05602/websquare/jlddst05602.xml	1	0	0	0	0	3	13	32	32	32	64	20	32	0	0	0	0	11	59	11	59	715	49	0	0	0	0	0	0	0	0	0	0	0	0	0	0	0	0	0	0	0	0	0	0	0	0	0
samples/krx-tobe/jlddst05800/websquare/jlddst05800.xml	1	0	0	1	1	8	1	20	20	20	40	15	20	0	0	1	1	7	17	7	17	429	21	0	0	0	0	0	0	0	0	0	0	0	0	0	0	0	0	0	0	0	0	0	0	0	0	0
samples/krx-tobe/jlddst05900/websquare/jlddst05900.xml	1	0	0	0	0	0	9	23	23	23	46	17	23	0	0	0	0	3	32	3	32	468	23	0	0	0	0	0	0	0	0	0	0	0	0	0	0	0	0	0	0	0	0	0	0	0	0	0
samples/krx-tobe/jlddst06000/websquare/jlddst06000.xml	1	0	0	0	0	3	11	37	37	37	74	22	37	0	0	0	0	12	61	12	61	784	51	0	0	0	0	0	0	0	0	0	0	0	0	0	0	0	0	0	0	0	0	0	0	0	0	0
samples/krx-tobe/jlddst10000/websquare/jlddst10000.xml	1	0	0	1	1	11	11	37	37	37	74	14	37	1	0	3	3	18	81	18	81	1021	52	0	0	0	0	0	0	0	0	0	0	0	0	0	0	0	0	0	0	0	0	0	0	0	0	0
samples/krx-tobe/jlddst10001/websquare/jlddst10001.xml	1	0	0	0	0	0	0	4	4	4	8	3	4	1	0	0	0	0	0	0	0	89	4	0	0	0	0	0	0	0	0	0	0	0	0	0	0	0	0	0	0	0	0	0	0	0	0	0
samples/krx-tobe/jlddst10200/websquare/jlddst10200.xml	1	0	0	1	1	8	1	21	21	21	42	9	21	1	0	3	3	8	31	8	31	522	24	0	0	0	0	0	0	0	0	0	0	0	0	0	0	0	0	0	0	0	0	0	0	0	0	0
samples/krx-tobe/jlddst10400/websquare/jlddst10400.xml	1	0	0	0	0	0	1	28	28	28	56	14	28	1	0	2	2	8	40	8	40	687	31	0	0	0	0	0	0	0	0	0	0	0	0	0	0	0	0	0	0	0	0	0	0	0	0	0
samples/krx-tobe/jlddst10403/websquare/jlddst10403.xml	1	0	0	0	0	0	0	2	2	2	4	2	2	0	0	0	0	0	0	0	0	52	2	0	0	0	0	0	0	0	0	0	0	0	0	0	0	0	0	0	0	0	0	0	0	0	0	0
samples/krx-tobe/jlddst11000/websquare/jlddst11000.xml	1	0	0	0	0	3	3	22	22	22	44	12	22	0	0	0	0	12	33	12	33	494	35	0	0	0	0	0	0	0	0	0	0	0	0	0	0	0	0	0	0	0	0	0	0	0	0	0
samples/krx-tobe/jlddst11001/websquare/jlddst11001.xml	1	0	0	0	0	0	0	8	8	8	16	5	8	0	0	0	0	1	11	1	11	187	9	0	0	0	0	0	0	0	0	0	0	0	0	0	0	0	0	0	0	0	0	0	0	0	0	0
samples/krx-tobe/jlddst15000/websquare/jlddst15000.xml	1	0	0	0	0	0	2	32	32	32	64	15	32	0	0	6	6	4	53	4	53	737	32	0	0	0	0	0	0	0	0	0	0	0	0	0	0	0	0	0	0	0	0	0	0	0	0	0
samples/krx-tobe/jlddst15100/websquare/jlddst15100.xml	1	0	0	0	0	0	2	26	26	26	52	18	26	0	0	6	6	9	36	9	36	621	26	0	0	0	0	0	0	0	0	0	0	0	0	0	0	0	0	0	0	0	0	0	0	0	0	0
samples/krx-tobe/jlddst15200/websquare/jlddst15200.xml	1	0	0	0	0	0	3	28	28	28	56	15	28	0	0	6	6	4	38	4	38	662	28	0	0	0	0	0	0	0	0	0	0	0	0	0	0	0	0	0	0	0	0	0	0	0	0	0
samples/krx-tobe/jlddst15400/websquare/jlddst15400.xml	1	0	0	1	1	8	4	30	30	30	60	17	30	1	0	7	7	11	46	11	46	760	33	0	0	0	0	0	0	0	0	0	0	0	0	0	0	0	0	0	0	0	0	0	0	0	0	0
samples/krx-tobe/jlddst15500/websquare/jlddst15500.xml	1	0	0	0	0	0	6	53	53	53	106	19	53	0	0	2	2	5	125	5	125	1131	53	0	0	0	0	0	0	0	0	0	0	0	0	0	0	0	0	0	0	0	0	0	0	0	0	0
samples/krx-tobe/jlddst15600/websquare/jlddst15600.xml	1	0	0	0	0	0	4	32	32	32	64	13	32	0	0	0	0	10	61	10	61	766	53	0	0	0	0	0	0	0	0	0	0	0	0	0	0	0	0	0	0	0	0	0	0	0	0	0
samples/krx-tobe/jlddst20000/websquare/jlddst20000.xml	1	0	0	0	0	0	10	24	24	24	48	14	24	0	0	0	0	2	39	2	39	514	30	0	0	0	0	0	0	0	0	0	0	0	0	0	0	0	0	0	0	0	0	0	0	0	0	0
samples/krx-tobe/jlddst20010/websquare/jlddst20010.xml	1	0	0	0	0	0	0	10	10	10	20	7	10	0	0	0	0	1	6	1	6	209	11	0	0	0	0	0	0	0	0	0	0	0	0	0	0	0	0	0	0	0	0	0	0	0	0	0
samples/krx-tobe/jlddst20011/websquare/jlddst20011.xml	1	0	0	1	1	8	2	10	10	10	20	7	10	0	0	1	1	12	26	12	26	267	174	0	0	0	0	0	0	0	0	0	0	0	0	0	0	0	0	0	0	0	0	0	0	0	0	0
samples/krx-tobe/jlddst20024/websquare/jlddst20024.xml	1	0	0	0	0	0	2	13	13	13	26	9	13	0	0	0	0	4	8	4	8	275	16	0	0	0	0	0	0	0	0	0	0	0	0	0	0	0	0	0	0	0	0	0	0	0	0	0
samples/krx-tobe/jlddst20034/websquare/jlddst20034.xml	1	0	0	0	0	0	2	13	13	13	26	9	13	0	0	0	0	3	8	3	8	271	16	0	0	0	0	0	0	0	0	0	0	0	0	0	0	0	0	0	0	0	0	0	0	0	0	0
samples/krx-tobe/jlddst20100/websquare/jlddst20100.xml	1	0	0	0	0	0	10	24	24	24	48	14	24	0	0	0	0	2	39	2	39	514	30	0	0	0	0	0	0	0	0	0	0	0	0	0	0	0	0	0	0	0	0	0	0	0	0	0
samples/krx-tobe/jlddst20124/websquare/jlddst20124.xml	1	0	0	0	0	0	2	13	13	13	26	9	13	0	0	0	0	4	8	4	8	275	16	0	0	0	0	0	0	0	0	0	0	0	0	0	0	0	0	0	0	0	0	0	0	0	0	0
samples/krx-tobe/jlddst20134/websquare/jlddst20134.xml	1	0	0	0	0	0	2	13	13	13	26	9	13	0	0	0	0	3	8	3	8	271	16	0	0	0	0	0	0	0	0	0	0	0	0	0	0	0	0	0	0	0	0	0	0	0	0	0
samples/krx-tobe/jlddst20200/websquare/jlddst20200.xml	1	0	0	0	0	0	1	18	18	18	36	13	18	0	0	0	0	6	21	6	21	405	22	0	0	0	0	0	0	0	0	0	0	0	0	0	0	0	0	0	0	0	0	0	0	0	0	0
samples/krx-tobe/jlddst20224/websquare/jlddst20224.xml	1	0	0	0	0	0	2	13	13	13	26	9	13	0	0	0	0	4	8	4	8	275	16	0	0	0	0	0	0	0	0	0	0	0	0	0	0	0	0	0	0	0	0	0	0	0	0	0
samples/krx-tobe/jlddst20234/websquare/jlddst20234.xml	1	0	0	0	0	0	2	13	13	13	26	9	13	0	0	0	0	3	8	3	8	271	16	0	0	0	0	0	0	0	0	0	0	0	0	0	0	0	0	0	0	0	0	0	0	0	0	0
samples/krx-tobe/jlddst20300/websquare/jlddst20300.xml	1	0	0	0	0	0	1	19	19	19	38	13	19	0	0	0	0	6	21	6	21	423	23	0	0	0	0	0	0	0	0	0	0	0	0	0	0	0	0	0	0	0	0	0	0	0	0	0
samples/krx-tobe/jlddst30000/websquare/jlddst30000.xml	1	0	0	0	0	1	1	23	23	23	46	13	23	0	0	0	0	9	25	9	25	517	29	0	0	0	0	0	0	0	0	0	0	0	0	0	0	0	0	0	0	0	0	0	0	0	0	0
samples/krx-tobe/jlddst30100/websquare/jlddst30100.xml	1	0	0	0	0	3	3	21	21	21	42	12	21	0	0	0	0	10	29	10	29	460	33	0	0	0	0	0	0	0	0	0	0	0	0	0	0	0	0	0	0	0	0	0	0	0	0	0
samples/krx-tobe/jlddst30200/websquare/jlddst30200.xml	1	0	0	0	0	3	3	25	25	25	50	14	25	0	0	0	0	12	33	12	33	561	37	0	0	0	0	0	0	0	0	0	0	0	0	0	0	0	0	0	0	0	0	0	0	0	0	0
samples/krx-tobe/jlddst30300/websquare/jlddst30300.xml	1	0	0	0	0	3	12	26	26	26	52	17	26	0	0	0	0	10	49	10	49	551	38	0	0	0	0	0	0	0	0	0	0	0	0	0	0	0	0	0	0	0	0	0	0	0	0	0
samples/krx-tobe/jlddst30301/websquare/jlddst30301.xml	1	0	0	0	0	3	12	26	26	26	52	17	26	0	0	0	0	10	49	10	49	551	38	0	0	0	0	0	0	0	0	0	0	0	0	0	0	0	0	0	0	0	0	0	0	0	0	0
samples/krx-tobe/jlddst30302/websquare/jlddst30302.xml	1	0	0	1	1	11	4	22	22	22	44	12	22	0	0	1	1	10	30	10	30	482	35	0	0	0	0	0	0	0	0	0	0	0	0	0	0	0	0	0	0	0	0	0	0	0	0	0
samples/krx-tobe/jlddst30400/websquare/jlddst30400.xml	1	0	0	0	0	2	2	22	22	22	44	13	22	0	0	0	0	11	30	11	30	505	32	0	0	0	0	0	0	0	0	0	0	0	0	0	0	0	0	0	0	0	0	0	0	0	0	0
samples/krx-tobe/jlddst30500/websquare/jlddst30500.xml	1	0	0	0	0	3	6	29	29	29	58	12	29	1	0	0	0	11	52	11	52	733	43	0	0	0	0	0	0	0	0	0	0	0	0	0	0	0	0	0	0	0	0	0	0	0	0	0
samples/krx-tobe/jlddst30600/websquare/jlddst30600.xml	1	0	0	0	0	3	12	26	26	26	52	17	26	0	0	0	0	10	49	10	49	551	38	0	0	0	0	0	0	0	0	0	0	0	0	0	0	0	0	0	0	0	0	0	0	0	0	0
samples/krx-tobe/jlddst30700/websquare/jlddst30700.xml	1	0	0	0	0	3	10	28	28	28	56	17	28	0	0	0	0	9	51	9	51	580	40	0	0	0	0	0	0	0	0	0	0	0	0	0	0	0	0	0	0	0	0	0	0	0	0	0
samples/krx-tobe/jlddst30800/websquare/jlddst30800.xml	1	0	0	0	0	3	12	35	35	35	70	22	35	0	0	0	0	11	68	11	68	752	47	0	0	0	0	0	0	0	0	0	0	0	0	0	0	0	0	0	0	0	0	0	0	0	0	0
samples/krx-tobe/jlddst30900/websquare/jlddst30900.xml	1	0	0	0	0	3	3	21	21	21	42	12	21	0	0	0	0	10	29	10	29	458	33	0	0	0	0	0	0	0	0	0	0	0	0	0	0	0	0	0	0	0	0	0	0	0	0	0
samples/krx-tobe/jlddst33010/websquare/jlddst33010.xml	1	0	0	0	0	0	0	18	18	18	36	11	18	0	0	0	0	3	12	3	12	380	18	0	0	0	0	0	0	0	0	0	0	0	0	0	0	0	0	0	0	0	0	0	0	0	0	0
samples/krx-tobe/jlddst33011/websquare/jlddst33011.xml	1	0	0	0	0	0	1	11	11	11	22	5	11	0	0	0	0	12	37	12	37	304	28	0	0	0	0	0	0	0	0	0	0	0	0	0	0	0	0	0	0	0	0	0	0	0	0	0
samples/krx-tobe/jlddst35100/websquare/jlddst35100.xml	1	0	0	0	0	0	3	20	20	20	40	12	20	0	0	0	0	3	15	3	15	418	20	0	0	0	0	0	0	0	0	0	0	0	0	0	0	0	0	0	0	0	0	0	0	0	0	0
samples/krx-tobe/jlddst35300/websquare/jlddst35300.xml	1	0	0	0	0	0	0	10	10	10	20	5	10	0	0	0	0	2	10	2	10	230	10	0	0	0	0	0	0	0	0	0	0	0	0	0	0	0	0	0	0	0	0	0	0	0	0	0
samples/krx-tobe/jlddst35400/websquare/jlddst35400.xml	1	0	0	0	0	0	2	15	15	15	30	6	15	0	0	0	0	6	16	6	16	331	16	0	0	0	0	0	0	0	0	0	0	0	0	0	0	0	0	0	0	0	0	0	0	0	0	0
samples/krx-tobe/jlddst35700/websquare/jlddst35700.xml	1	0	0	0	0	0	3	18	18	18	36	11	18	0	0	0	0	3	12	3	12	380	18	0	0	0	0	0	0	0	0	0	0	0	0	0	0	0	0	0	0	0	0	0	0	0	0	0
samples/krx-tobe/jlddst36400/websquare/jlddst36400.xml	1	0	0	0	0	2	3	22	22	22	44	13	22	0	0	0	0	8	35	8	35	512	30	0	0	0	0	0	0	0	0	0	0	0	0	0	0	0	0	0	0	0	0	0	0	0	0	0
samples/krx-tobe/jlddst36500/websquare/jlddst36500.xml	1	0	0	0	0	0	0	5	5	5	10	5	5	0	0	0	0	0	0	0	0	105	5	0	0	0	0	0	0	0	0	0	0	0	0	0	0	0	0	0	0	0	0	0	0	0	0	0
samples/krx-tobe/jlddst36600/websquare/jlddst36600.xml	1	0	0	0	0	0	0	4	4	4	8	4	4	0	0	0	0	0	3	0	3	101	7	0	0	0	0	0	0	0	0	0	0	0	0	0	0	0	0	0	0	0	0	0	0	0	0	0
samples/krx-tobe/jlddst36700/websquare/jlddst36700.xml	1	0	0	0	0	0	0	3	3	3	6	3	3	0	0	0	0	0	0	0	0	71	3	0	0	0	0	0	0	0	0	0	0	0	0	0	0	0	0	0	0	0	0	0	0	0	0	0
samples/krx-tobe/jlddst36800/websquare/jlddst36800.xml	1	0	0	0	0	0	0	3	3	3	6	3	3	0	0	0	0	0	0	0	0	71	3	0	0	0	0	0	0	0	0	0	0	0	0	0	0	0	0	0	0	0	0	0	0	0	0	0
samples/krx-tobe/jlddst36900/websquare/jlddst36900.xml	1	0	0	0	0	0	0	29	29	29	58	4	29	0	0	0	0	0	75	0	75	634	33	0	0	0	0	0	0	0	0	0	0	0	0	0	0	0	0	0	0	0	0	0	0	0	0	0
samples/krx-tobe/jlddst36910/websquare/jlddst36910.xml	1	0	0	0	0	0	1	10	10	10	20	9	10	0	0	0	0	4	6	4	6	207	11	0	0	0	0	0	0	0	0	0	0	0	0	0	0	0	0	0	0	0	0	0	0	0	0	0
samples/krx-tobe/jlddst37004/websquare/jlddst37004.xml	1	0	0	0	0	0	0	4	4	4	8	4	4	0	0	0	0	0	0	0	0	83	4	0	0	0	0	0	0	0	0	0	0	0	0	0	0	0	0	0	0	0	0	0	0	0	0	0
samples/krx-tobe/jlddst37005/websquare/jlddst37005.xml	1	0	0	0	0	0	0	4	4	4	8	4	4	0	0	0	0	0	0	0	0	83	4	0	0	0	0	0	0	0	0	0	0	0	0	0	0	0	0	0	0	0	0	0	0	0	0	0
samples/krx-tobe/jlddst38010/websquare/jlddst38010.xml	1	0	0	0	0	0	3	18	18	18	36	11	18	0	0	0	0	1	8	1	8	361	18	0	0	0	0	0	0	0	0	0	0	0	0	0	0	0	0	0	0	0	0	0	0	0	0	0
samples/krx-tobe/jlddst38020/websquare/jlddst38020.xml	1	0	0	0	0	0	1	20	20	20	40	12	20	0	0	0	0	4	14	4	14	453	20	0	0	0	0	0	0	0	0	0	0	0	0	0	0	0	0	0	0	0	0	0	0	0	0	0
samples/krx-tobe/jlddst38030/websquare/jlddst38030.xml	1	0	0	0	0	0	2	20	20	20	40	12	20	0	0	0	0	1	11	1	11	387	20	0	0	0	0	0	0	0	0	0	0	0	0	0	0	0	0	0	0	0	0	0	0	0	0	0
samples/krx-tobe/jlddst38040/websquare/jlddst38040.xml	1	0	0	0	0	0	3	20	20	20	40	12	20	0	0	0	0	2	10	2	10	421	20	0	0	0	0	0	0	0	0	0	0	0	0	0	0	0	0	0	0	0	0	0	0	0	0	0
samples/krx-tobe/jlddst38110/websquare/jlddst38110.xml	1	0	0	0	0	0	1	18	18	18	36	11	18	0	0	0	0	3	12	3	12	396	18	0	0	0	0	0	0	0	0	0	0	0	0	0	0	0	0	0	0	0	0	0	0	0	0	0
samples/krx-tobe/jlddst38120/websquare/jlddst38120.xml	1	0	0	0	0	3	4	23	23	23	46	12	23	0	0	0	0	10	28	10	28	513	35	0	0	0	0	0	0	0	0	0	0	0	0	0	0	0	0	0	0	0	0	0	0	0	0	0
samples/krx-tobe/jlddst38130/websquare/jlddst38130.xml	1	0	0	0	0	0	0	18	18	18	36	11	18	0	0	0	0	3	12	3	12	381	18	0	0	0	0	0	0	0	0	0	0	0	0	0	0	0	0	0	0	0	0	0	0	0	0	0
samples/krx-tobe/jlddst38140/websquare/jlddst38140.xml	1	0	0	0	0	3	3	23	23	23	46	13	23	0	0	0	0	11	34	11	34	515	35	0	0	0	0	0	0	0	0	0	0	0	0	0	0	0	0	0	0	0	0	0	0	0	0	0
samples/krx-tobe/jlddst38150/websquare/jlddst38150.xml	1	0	0	0	0	3	10	26	26	26	52	16	26	0	0	0	0	10	51	10	51	564	38	0	0	0	0	0	0	0	0	0	0	0	0	0	0	0	0	0	0	0	0	0	0	0	0	0
samples/krx-tobe/jlddst50000/websquare/jlddst50000.xml	1	0	0	1	1	8	6	39	39	39	78	22	39	0	0	1	1	25	91	25	91	1077	84	0	0	0	0	0	0	0	0	0	0	0	0	0	0	0	0	0	0	0	0	0	0	0	0	0
samples/krx-tobe/jlddst50100/websquare/jlddst50100.xml	1	0	0	0	0	0	4	20	20	20	40	11	20	0	0	0	0	5	31	5	31	451	23	0	0	0	0	0	0	0	0	0	0	0	0	0	0	0	0	0	0	0	0	0	0	0	0	0
samples/krx-tobe/jlddst50200/websquare/jlddst50200.xml	1	0	0	0	0	0	0	15	15	15	30	7	15	0	0	0	0	2	17	2	17	327	16	0	0	0	0	0	0	0	0	0	0	0	0	0	0	0	0	0	0	0	0	0	0	0	0	0
samples/krx-tobe/jlddst60100/websquare/jlddst60100.xml	1	0	0	0	0	2	4	56	56	56	112	15	56	0	0	0	0	15	123	15	123	1443	68	0	0	0	0	0	0	0	0	0	0	0	0	0	0	0	0	0	0	0	0	0	0	0	0	0
samples/krx-tobe/jlddst60200/websquare/jlddst60200.xml	1	0	0	3	3	24	11	34	34	34	68	17	34	0	0	11	11	13	78	13	78	963	58	0	0	0	0	0	0	0	0	0	0	0	0	0	0	0	0	0	0	0	0	0	0	0	0	0
samples/krx-tobe/jlddst60201/websquare/jlddst60201.xml	1	0	0	0	0	0	3	33	33	33	66	12	33	0	0	0	0	6	68	6	68	716	42	0	0	0	0	0	0	0	0	0	0	0	0	0	0	0	0	0	0	0	0	0	0	0	0	0
samples/krx-tobe/jlddst60202/websquare/jlddst60202.xml	1	0	0	0	0	0	4	21	21	21	42	13	21	0	0	2	2	5	16	5	16	427	24	0	0	0	0	0	0	0	0	0	0	0	0	0	0	0	0	0	0	0	0	0	0	0	0	0
samples/krx-tobe/jlddst60203/websquare/jlddst60203.xml	1	0	0	0	0	0	3	30	30	30	60	10	30	0	0	0	0	5	67	5	67	651	35	0	0	0	0	0	0	0	0	0	0	0	0	0	0	0	0	0	0	0	0	0	0	0	0	0
samples/krx-tobe/jlddst60204/websquare/jlddst60204.xml	1	0	0	0	0	0	2	29	29	29	58	10	29	0	0	0	0	3	59	3	59	615	34	0	0	0	0	0	0	0	0	0	0	0	0	0	0	0	0	0	0	0	0	0	0	0	0	0
samples/krx-tobe/jlddst60205/websquare/jlddst60205.xml	1	0	0	0	0	0	1	28	28	28	56	19	28	1	0	2	3	20	37	20	37	724	40	0	0	0	0	0	0	0	0	0	0	0	0	0	0	0	0	0	0	0	0	0	0	0	0	0
samples/krx-tobe/jlddst60206/websquare/jlddst60206.xml	1	0	0	0	0	0	1	5	5	5	10	5	5	0	0	0	0	5	9	5	9	134	12	0	0	0	0	0	0	0	0	0	0	0	0	0	0	0	0	0	0	0	0	0	0	0	0	0
samples/krx-tobe/jlddst60207/websquare/jlddst60207.xml	1	0	0	0	0	0	1	10	10	10	20	7	10	0	0	0	0	4	8	4	8	222	11	0	0	0	0	0	0	0	0	0	0	0	0	0	0	0	0	0	0	0	0	0	0	0	0	0
samples/krx-tobe/jlddst60208/websquare/jlddst60208.xml	1	0	0	0	0	0	0	10	10	10	20	7	10	0	0	0	0	4	8	4	8	222	11	0	0	0	0	0	0	0	0	0	0	0	0	0	0	0	0	0	0	0	0	0	0	0	0	0
samples/krx-tobe/jlddst60210/websquare/jlddst60210.xml	1	0	0	0	0	0	1	10	10	10	20	8	10	0	0	0	0	2	7	2	7	213	10	0	0	0	0	0	0	0	0	0	0	0	0	0	0	0	0	0	0	0	0	0	0	0	0	0
samples/krx-tobe/jlddst60212/websquare/jlddst60212.xml	1	0	0	0	0	0	3	3	3	3	6	3	3	0	0	0	0	2	4	2	4	80	6	0	0	0	0	0	0	0	0	0	0	0	0	0	0	0	0	0	0	0	0	0	0	0	0	0
samples/krx-tobe/jlddst60218/websquare/jlddst60218.xml	1	0	0	0	0	0	1	13	13	13	26	8	13	0	0	0	0	4	13	4	13	282	15	0	0	0	0	0	0	0	0	0	0	0	0	0	0	0	0	0	0	0	0	0	0	0	0	0
samples/krx-tobe/jlddst60221/websquare/jlddst60221.xml	1	0	0	0	0	0	2	13	13	13	26	9	13	0	0	0	0	4	8	4	8	272	16	0	0	0	0	0	0	0	0	0	0	0	0	0	0	0	0	0	0	0	0	0	0	0	0	0
samples/krx-tobe/jlddst60222/websquare/jlddst60222.xml	1	0	0	0	0	0	2	13	13	13	26	9	13	0	0	0	0	4	8	4	8	279	16	0	0	0	0	0	0	0	0	0	0	0	0	0	0	0	0	0	0	0	0	0	0	0	0	0
samples/krx-tobe/jlddst60223/websquare/jlddst60223.xml	1	0	0	0	0	0	2	13	13	13	26	9	13	0	0	0	0	4	8	4	8	279	16	0	0	0	0	0	0	0	0	0	0	0	0	0	0	0	0	0	0	0	0	0	0	0	0	0
samples/krx-tobe/jlddst60224/websquare/jlddst60224.xml	1	0	0	0	0	0	2	13	13	13	26	9	13	0	0	0	0	4	10	4	10	284	16	0	0	0	0	0	0	0	0	0	0	0	0	0	0	0	0	0	0	0	0	0	0	0	0	0
samples/krx-tobe/jlddst60225/websquare/jlddst60225.xml	1	0	0	0	0	0	2	13	13	13	26	9	13	0	0	0	0	4	10	4	10	283	16	0	0	0	0	0	0	0	0	0	0	0	0	0	0	0	0	0	0	0	0	0	0	0	0	0
samples/krx-tobe/jlddst60226/websquare/jlddst60226.xml	1	0	0	0	0	0	2	13	13	13	26	9	13	0	0	0	0	4	10	4	10	284	16	0	0	0	0	0	0	0	0	0	0	0	0	0	0	0	0	0	0	0	0	0	0	0	0	0
samples/krx-tobe/jlddst60227/websquare/jlddst60227.xml	1	0	0	0	0	0	2	16	16	16	32	10	16	0	0	0	0	3	13	3	13	348	22	0	0	0	0	0	0	0	0	0	0	0	0	0	0	0	0	0	0	0	0	0	0	0	0	0
samples/krx-tobe/jlddst60228/websquare/jlddst60228.xml	1	0	0	0	0	0	2	13	13	13	26	9	13	0	0	0	0	4	10	4	10	284	16	0	0	0	0	0	0	0	0	0	0	0	0	0	0	0	0	0	0	0	0	0	0	0	0	0
samples/krx-tobe/jlddst60231/websquare/jlddst60231.xml	1	0	0	0	0	0	2	5	5	5	10	5	5	1	0	0	0	5	9	5	9	131	39	0	0	0	0	0	0	0	0	0	0	0	0	0	0	0	0	0	0	0	0	0	0	0	0	0
samples/krx-tobe/jlddst60232/websquare/jlddst60232.xml	1	0	0	0	0	0	0	4	4	4	8	4	4	0	0	0	0	2	4	2	4	102	7	0	0	0	0	0	0	0	0	0	0	0	0	0	0	0	0	0	0	0	0	0	0	0	0	0
samples/krx-tobe/jlddst60500/websquare/jlddst60500.xml	1	0	0	0	0	0	0	2	2	2	4	2	2	0	0	0	0	0	0	0	0	52	2	0	0	0	0	0	0	0	0	0	0	0	0	0	0	0	0	0	0	0	0	0	0	0	0	0
samples/krx-tobe/jlddst60600/websquare/jlddst60600.xml	1	0	0	0	0	0	0	2	2	2	4	2	2	0	0	0	0	0	0	0	0	52	2	0	0	0	0	0	0	0	0	0	0	0	0	0	0	0	0	0	0	0	0	0	0	0	0	0
samples/krx-tobe/jlddst60700/websquare/jlddst60700.xml	1	0	0	0	0	0	1	11	11	11	22	7	11	0	0	0	0	1	8	1	8	262	14	0	0	0	0	0	0	0	0	0	0	0	0	0	0	0	0	0	0	0	0	0	0	0	0	0
samples/krx-tobe/jlddst70000/websquare/jlddst70000.xml	1	0	0	0	0	2	17	37	37	37	74	25	37	0	0	0	0	22	65	22	65	905	53	0	0	0	0	0	0	0	0	0	0	0	0	0	0	0	0	0	0	0	0	0	0	0	0	0
samples/krx-tobe/jlddst70010/websquare/jlddst70010.xml	1	0	0	0	0	0	0	13	13	13	26	8	13	1	0	0	0	5	18	5	18	301	16	0	0	0	0	0	0	0	0	0	0	0	0	0	0	0	0	0	0	0	0	0	0	0	0	0
samples/krx-tobe/jlddst70100/websquare/jlddst70100.xml	1	0	0	0	0	1	10	25	25	25	50	16	25	0	0	0	0	7	50	7	50	557	33	0	0	0	0	0	0	0	0	0	0	0	0	0	0	0	0	0	0	0	0	0	0	0	0	0
samples/krx-tobe/jlddst70300/websquare/jlddst70300.xml	1	0	0	1	1	8	2	11	11	11	22	8	11	0	0	1	1	4	12	4	12	240	14	0	0	0	0	0	0	0	0	0	0	0	0	0	0	0	0	0	0	0	0	0	0	0	0	0
samples/krx-tobe/jlddst70410/websquare/jlddst70410.xml	1	0	0	0	0	0	8	19	19	19	38	15	19	0	0	0	0	2	32	2	32	385	19	0	0	0	0	0	0	0	0	0	0	0	0	0	0	0	0	0	0	0	0	0	0	0	0	0
samples/krx-tobe/jlddst70420/websquare/jlddst70420.xml	1	0	0	0	0	3	4	21	21	21	42	12	21	0	0	0	0	11	37	11	37	474	33	0	0	0	0	0	0	0	0	0	0	0	0	0	0	0	0	0	0	0	0	0	0	0	0	0
samples/krx-tobe/jlddst70430/websquare/jlddst70430.xml	1	0	0	0	0	0	1	14	14	14	28	11	14	0	0	0	0	3	15	3	15	309	14	0	0	0	0	0	0	0	0	0	0	0	0	0	0	0	0	0	0	0	0	0	0	0	0	0
samples/krx-tobe/jlddst70500/websquare/jlddst70500.xml	1	0	0	0	0	2	16	37	37	37	74	25	37	0	0	0	0	22	65	22	65	905	53	0	0	0	0	0	0	0	0	0	0	0	0	0	0	0	0	0	0	0	0	0	0	0	0	0
samples/krx-tobe/jlddst71000/websquare/jlddst71000.xml	1	0	0	1	1	8	10	32	32	32	64	22	32	0	0	1	1	12	44	12	44	714	37	0	0	0	0	0	0	0	0	0	0	0	0	0	0	0	0	0	0	0	0	0	0	0	0	0
samples/krx-tobe/jlddst71001/websquare/jlddst71001.xml	1	0	0	0	0	1	12	30	30	30	60	18	30	0	0	0	0	9	57	9	57	654	41	0	0	0	0	0	0	0	0	0	0	0	0	0	0	0	0	0	0	0	0	0	0	0	0	0
samples/krx-tobe/jlddst71021/websquare/jlddst71021.xml	1	0	0	0	0	0	1	7	7	7	14	7	7	1	0	0	0	12	19	12	19	211	97	0	0	0	0	0	0	0	0	0	0	0	0	0	0	0	0	0	0	0	0	0	0	0	0	0
samples/krx-tobe/jlddst71022/websquare/jlddst71022.xml	1	0	0	0	0	0	1	7	7	7	14	7	7	1	0	0	0	12	19	12	19	213	119	0	0	0	0	0	0	0	0	0	0	0	0	0	0	0	0	0	0	0	0	0	0	0	0	0
samples/krx-tobe/jlddst71023/websquare/jlddst71023.xml	1	0	0	0	0	0	1	7	7	7	14	7	7	1	0	0	0	12	19	12	19	210	94	0	0	0	0	0	0	0	0	0	0	0	0	0	0	0	0	0	0	0	0	0	0	0	0	0
samples/krx-tobe/jlddst71024/websquare/jlddst71024.xml	1	0	0	0	0	0	1	7	7	7	14	7	7	1	0	0	0	12	19	12	19	213	116	0	0	0	0	0	0	0	0	0	0	0	0	0	0	0	0	0	0	0	0	0	0	0	0	0
samples/krx-tobe/jlddst71100/websquare/jlddst71100.xml	1	0	0	1	1	8	10	30	30	30	60	20	30	0	0	1	1	8	42	8	42	655	34	0	0	0	0	0	0	0	0	0	0	0	0	0	0	0	0	0	0	0	0	0	0	0	0	0
samples/krx-tobe/jlddst71110/websquare/jlddst71110.xml	1	0	0	0	0	0	1	6	6	6	12	6	6	1	0	0	0	5	9	5	9	150	110	0	0	0	0	0	0	0	0	0	0	0	0	0	0	0	0	0	0	0	0	0	0	0	0	0
samples/krx-tobe/jlddst72000/websquare/jlddst72000.xml	1	0	0	1	1	8	2	14	14	14	28	8	14	0	0	1	1	13	26	13	26	351	22	0	0	0	0	0	0	0	0	0	0	0	0	0	0	0	0	0	0	0	0	0	0	0	0	0
samples/krx-tobe/jlddst72001/websquare/jlddst72001.xml	1	0	0	0	0	0	0	3	3	3	6	3	3	0	0	0	0	0	1	0	1	72	3	0	0	0	0	0	0	0	0	0	0	0	0	0	0	0	0	0	0	0	0	0	0	0	0	0
samples/krx-tobe/jlddst72100/websquare/jlddst72100.xml	1	0	0	1	1	8	10	32	32	32	64	20	32	0	0	1	1	5	47	5	47	711	35	0	0	0	0	0	1	0	0	0	0	0	0	1	0	0	0	0	0	0	0	0	0	0	0	1
samples/krx-tobe/jlddst72110/websquare/jlddst72110.xml	1	0	0	0	0	0	1	8	8	8	16	6	8	0	0	0	0	5	12	5	12	190	77	0	0	0	0	0	0	0	0	0	0	0	0	0	0	0	0	0	0	0	0	0	0	0	0	0
samples/krx-tobe/jlddst73021/websquare/jlddst73021.xml	1	0	0	0	0	0	1	7	7	7	14	6	7	0	0	0	0	1	2	1	2	148	7	0	0	0	0	0	0	0	0	0	0	0	0	0	0	0	0	0	0	0	0	0	0	0	0	0
samples/krx-tobe/jlddst73030/websquare/jlddst73030.xml	1	0	0	0	0	0	1	13	13	13	26	10	13	0	0	0	0	3	15	3	15	283	13	0	0	0	0	0	0	0	0	0	0	0	0	0	0	0	0	0	0	0	0	0	0	0	0	0
samples/krx-tobe/jlddst73031/websquare/jlddst73031.xml	1	0	0	0	0	0	1	7	7	7	14	6	7	0	0	0	0	1	2	1	2	148	7	0	0	0	0	0	0	0	0	0	0	0	0	0	0	0	0	0	0	0	0	0	0	0	0	0
samples/krx-tobe/jlddst73200/websquare/jlddst73200.xml	1	0	0	0	0	0	0	7	7	7	14	2	7	0	0	0	0	2	13	2	13	174	7	0	0	0	0	0	0	0	0	0	0	0	0	0	0	0	0	0	0	0	0	0	0	0	0	0
samples/krx-tobe/jlddst73210/websquare/jlddst73210.xml	1	0	0	0	0	0	0	13	13	13	26	10	13	0	0	0	0	3	15	3	15	283	13	0	0	0	0	0	0	0	0	0	0	0	0	0	0	0	0	0	0	0	0	0	0	0	0	0
samples/krx-tobe/jlddst73220/websquare/jlddst73220.xml	1	0	0	0	0	0	0	13	13	13	26	10	13	0	0	0	0	3	15	3	15	283	13	0	0	0	0	0	0	0	0	0	0	0	0	0	0	0	0	0	0	0	0	0	0	0	0	0
samples/krx-tobe/jlddst73230/websquare/jlddst73230.xml	1	0	0	0	0	0	1	8	8	8	16	7	8	0	0	0	0	3	8	3	8	185	9	0	0	0	0	0	0	0	0	0	0	0	0	0	0	0	0	0	0	0	0	0	0	0	0	0
samples/krx-tobe/jlddst73240/websquare/jlddst73240.xml	1	0	0	0	0	0	0	13	13	13	26	10	13	0	0	0	0	3	15	3	15	283	13	0	0	0	0	0	0	0	0	0	0	0	0	0	0	0	0	0	0	0	0	0	0	0	0	0
samples/krx-tobe/jlddst73250/websquare/jlddst73250.xml	1	0	0	0	0	0	0	13	13	13	26	10	13	0	0	0	0	3	15	3	15	283	13	0	0	0	0	0	0	0	0	0	0	0	0	0	0	0	0	0	0	0	0	0	0	0	0	0
samples/krx-tobe/jlddst73400/websquare/jlddst73400.xml	1	0	0	0	0	0	1	13	13	13	26	10	13	0	0	0	0	3	15	3	15	283	13	0	0	0	0	0	0	0	0	0	0	0	0	0	0	0	0	0	0	0	0	0	0	0	0	0
samples/krx-tobe/jlddst73410/websquare/jlddst73410.xml	1	0	0	0	0	0	1	7	7	7	14	6	7	0	0	0	0	1	2	1	2	148	7	0	0	0	0	0	0	0	0	0	0	0	0	0	0	0	0	0	0	0	0	0	0	0	0	0
samples/krx-tobe/jlddst73500/websquare/jlddst73500.xml	1	0	0	0	0	0	1	13	13	13	26	10	13	0	0	0	0	3	15	3	15	283	13	0	0	0	0	0	0	0	0	0	0	0	0	0	0	0	0	0	0	0	0	0	0	0	0	0
samples/krx-tobe/jlddst73501/websquare/jlddst73501.xml	1	0	0	0	0	0	1	7	7	7	14	6	7	0	0	0	0	1	2	1	2	148	7	0	0	0	0	0	0	0	0	0	0	0	0	0	0	0	0	0	0	0	0	0	0	0	0	0
samples/krx-tobe/jlddst74200/websquare/jlddst74200.xml	1	0	0	0	0	0	0	8	8	8	16	6	8	0	0	0	0	2	12	2	12	223	8	0	0	0	0	0	0	0	0	0	0	0	0	0	0	0	0	0	0	0	0	0	0	0	0	0
samples/krx-tobe/jlddst74300/websquare/jlddst74300.xml	1	0	0	0	0	0	0	8	8	8	16	6	8	0	0	0	0	2	12	2	12	223	8	0	0	0	0	0	0	0	0	0	0	0	0	0	0	0	0	0	0	0	0	0	0	0	0	0
samples/krx-tobe/jlddst74500/websquare/jlddst74500.xml	1	0	0	1	1	8	1	13	13	13	26	9	13	0	0	1	1	2	12	2	12	270	14	0	0	0	0	0	0	0	0	0	0	0	0	0	0	0	0	0	0	0	0	0	0	0	0	0
samples/krx-tobe/jlddst74510/websquare/jlddst74510.xml	1	0	0	0	0	0	0	7	7	7	14	6	7	0	0	0	0	1	2	1	2	147	7	0	0	0	0	0	0	0	0	0	0	0	0	0	0	0	0	0	0	0	0	0	0	0	0	0
samples/krx-tobe/jlddst74600/websquare/jlddst74600.xml	1	0	0	2	2	16	2	14	14	14	28	9	14	0	0	2	2	2	13	2	13	287	16	0	0	0	0	0	0	0	0	0	0	0	0	0	0	0	0	0	0	0	0	0	0	0	0	0
samples/krx-tobe/jlddst74610/websquare/jlddst74610.xml	1	0	0	0	0	0	0	7	7	7	14	6	7	0	0	0	0	1	2	1	2	148	7	0	0	0	0	0	0	0	0	0	0	0	0	0	0	0	0	0	0	0	0	0	0	0	0	0
samples/krx-tobe/jlddst75000/websquare/jlddst75000.xml	1	0	0	0	0	0	0	17	17	17	34	13	17	0	0	0	0	7	24	7	24	381	18	0	0	0	0	0	0	0	0	0	0	0	0	0	0	0	0	0	0	0	0	0	0	0	0	0
samples/krx-tobe/jlddst75100/websquare/jlddst75100.xml	1	0	0	0	0	1	1	51	51	51	102	12	51	0	0	0	0	6	116	6	116	1084	55	0	0	0	0	0	0	0	0	0	0	0	0	0	0	0	0	0	0	0	0	0	0	0	0	0
samples/krx-tobe/jlddst75200/websquare/jlddst75200.xml	1	0	0	0	0	1	9	26	26	26	52	17	26	0	0	0	0	8	45	8	45	547	32	0	0	0	0	0	0	0	0	0	0	0	0	0	0	0	0	0	0	0	0	0	0	0	0	0
samples/krx-tobe/jlddst75300/websquare/jlddst75300.xml	1	0	0	0	0	1	7	23	23	23	46	15	23	0	0	0	0	5	37	5	37	452	28	0	0	0	0	0	0	0	0	0	0	0	0	0	0	0	0	0	0	0	0	0	0	0	0	0
samples/krx-tobe/jlddst75400/websquare/jlddst75400.xml	1	0	0	0	0	1	2	17	17	17	34	9	17	0	0	0	0	6	24	6	24	371	23	0	0	0	0	0	0	0	0	0	0	0	0	0	0	0	0	0	0	0	0	0	0	0	0	0
samples/krx-tobe/jlddst75500/websquare/jlddst75500.xml	1	0	0	0	0	0	3	18	18	18	36	11	18	0	0	0	0	1	8	1	8	364	18	0	0	0	0	0	0	0	0	0	0	0	0	0	0	0	0	0	0	0	0	0	0	0	0	0
samples/krx-tobe/jlddst76000/websquare/jlddst76000.xml	1	0	0	0	0	0	0	3	3	3	6	3	3	0	0	0	0	0	0	0	0	71	3	0	0	0	0	0	0	0	0	0	0	0	0	0	0	0	0	0	0	0	0	0	0	0	0	0
samples/krx-tobe/jlddst77000/websquare/jlddst77000.xml	1	0	0	0	0	2	12	27	27	27	54	18	27	0	0	0	0	10	54	10	54	587	36	0	0	0	0	0	0	0	0	0	0	0	0	0	0	0	0	0	0	0	0	0	0	0	0	0
samples/krx-tobe/jlddst77100/websquare/jlddst77100.xml	1	0	0	0	0	0	0	7	7	7	14	5	7	0	0	0	0	1	5	1	5	152	7	0	0	0	0	0	0	0	0	0	0	0	0	0	0	0	0	0	0	0	0	0	0	0	0	0
samples/krx-tobe/jlddst80000/websquare/jlddst80000.xml	1	0	0	0	0	1	1	10	10	10	20	5	10	0	0	0	0	5	12	5	12	226	14	0	0	0	0	0	0	0	0	0	0	0	0	0	0	0	0	0	0	0	0	0	0	0	0	0
samples/krx-tobe/jlddst80100/websquare/jlddst80100.xml	1	0	0	0	0	0	0	2	2	2	4	2	2	0	0	0	0	0	0	0	0	52	2	0	0	0	0	0	0	0	0	0	0	0	0	0	0	0	0	0	0	0	0	0	0	0	0	0
samples/krx-tobe/jlddst80200/websquare/jlddst80200.xml	1	0	0	0	0	0	3	20	20	20	40	12	20	0	0	0	0	3	15	3	15	418	20	0	0	0	0	0	0	0	0	0	0	0	0	0	0	0	0	0	0	0	0	0	0	0	0	0
samples/krx-tobe/jlddst80300/websquare/jlddst80300.xml	1	0	0	0	0	2	9	30	30	30	60	18	30	0	0	2	2	12	63	12	63	680	41	0	0	0	0	0	0	0	0	0	0	0	0	0	0	0	0	0	0	0	0	0	0	0	0	0
samples/krx-tobe/jlddst80400/websquare/jlddst80400.xml	1	0	0	0	0	0	0	20	20	20	40	13	20	0	0	0	0	4	19	4	19	427	20	0	0	0	0	0	0	0	0	0	0	0	0	0	0	0	0	0	0	0	0	0	0	0	0	0
samples/krx-tobe/jlddst80401/websquare/jlddst80401.xml	1	0	0	0	0	0	0	20	20	20	40	10	20	0	0	0	0	4	23	4	23	455	20	0	0	0	0	0	0	0	0	0	0	0	0	0	0	0	0	0	0	0	0	0	0	0	0	0
samples/krx-tobe/jlddst80500/websquare/jlddst80500.xml	1	0	0	0	0	0	0	13	13	13	26	9	13	0	0	0	0	3	9	3	9	280	13	0	0	0	0	0	0	0	0	0	0	0	0	0	0	0	0	0	0	0	0	0	0	0	0	0
samples/krx-tobe/jlddst80501/websquare/jlddst80501.xml	1	0	0	0	0	0	0	7	7	7	14	7	7	0	0	0	0	2	4	2	4	158	7	0	0	0	0	0	0	0	0	0	0	0	0	0	0	0	0	0	0	0	0	0	0	0	0	0
samples/krx-tobe/jlddst80600/websquare/jlddst80600.xml	1	0	0	0	0	3	3	23	23	23	46	13	23	0	0	0	0	11	34	11	34	515	35	0	0	0	0	0	0	0	0	0	0	0	0	0	0	0	0	0	0	0	0	0	0	0	0	0
samples/krx-tobe/jlddst80700/websquare/jlddst80700.xml	1	0	0	0	0	0	3	20	20	20	40	12	20	0	0	0	0	3	15	3	15	418	20	0	0	0	0	0	0	0	0	0	0	0	0	0	0	0	0	0	0	0	0	0	0	0	0	0
samples/krx-tobe/jlddst85000/websquare/jlddst85000.xml	1	0	0	0	0	0	0	28	28	28	56	9	28	0	0	0	0	3	57	3	57	680	28	0	0	0	0	0	0	0	0	0	0	0	0	0	0	0	0	0	0	0	0	0	0	0	0	0
samples/krx-tobe/jlddst85200/websquare/jlddst85200.xml	1	0	0	0	0	0	7	19	19	19	38	14	19	0	0	0	0	2	32	2	32	385	19	0	0	0	0	0	0	0	0	0	0	0	0	0	0	0	0	0	0	0	0	0	0	0	0	0
samples/krx-tobe/jlddst90000/websquare/jlddst90000.xml	1	0	0	1	1	24	60	74	74	74	148	17	74	0	0	1	1	24	211	24	211	1765	822	0	0	0	0	0	0	0	0	0	0	0	0	0	0	0	0	0	0	0	0	0	0	0	0	0
samples/krx-tobe/jlddst90001/websquare/jlddst90001.xml	1	0	0	0	0	0	1	40	40	40	80	10	40	0	0	0	0	3	92	3	92	846	45	0	0	0	0	0	0	0	0	0	0	0	0	0	0	0	0	0	0	0	0	0	0	0	0	0
samples/krx-tobe/jlddst90002/websquare/jlddst90002.xml	1	0	0	1	1	8	7	16	16	16	32	9	16	0	0	1	1	13	45	13	45	471	73	0	0	0	0	0	0	0	0	0	0	0	0	0	0	0	0	0	0	0	0	0	0	0	0	0
samples/krx-tobe/jlddst90003/websquare/jlddst90003.xml	1	0	0	0	0	0	2	11	11	11	22	6	11	0	0	0	0	0	11	0	11	216	14	0	0	0	0	0	0	0	0	0	0	0	0	0	0	0	0	0	0	0	0	0	0	0	0	0
samples/krx-tobe/jlddst90005/websquare/jlddst90005.xml	1	0	0	1	1	8	2	7	7	7	14	5	7	0	0	1	1	5	12	5	12	170	99	0	0	0	0	0	0	0	0	0	0	0	0	0	0	0	0	0	0	0	0	0	0	0	0	0
samples/krx-tobe/jlddst90006/websquare/jlddst90006.xml	1	0	0	0	0	0	0	34	34	34	68	2	34	0	0	0	0	1	93	1	93	757	34	0	0	0	0	0	0	0	0	0	0	0	0	0	0	0	0	0	0	0	0	0	0	0	0	0
samples/krx-tobe/jlddst90007/websquare/jlddst90007.xml	1	0	0	0	0	0	2	15	15	15	30	9	15	0	0	0	0	3	11	3	11	324	19	0	0	0	0	0	0	0	0	0	0	0	0	0	0	0	0	0	0	0	0	0	0	0	0	0
samples/krx-tobe/jldfil00000/websquare/jldfil00000.xml	1	0	0	0	0	0	70	51	51	51	102	18	51	0	0	0	0	30	91	30	91	1525	319	0	0	0	0	0	0	0	0	0	0	0	0	0	0	0	0	0	0	0	0	0	0	0	0	0
samples/krx-tobe/jldfil00001/websquare/jldfil00001.xml	1	0	0	0	0	0	32	44	44	44	88	16	44	0	0	0	0	28	79	28	79	1124	109	0	0	0	0	0	0	0	0	0	0	0	0	0	0	0	0	0	0	0	0	0	0	0	0	0
samples/krx-tobe/jldfil00003/websquare/jldfil00003.xml	1	0	0	1	1	9	6	17	17	17	34	10	17	0	0	1	1	13	25	13	25	402	31	0	0	0	0	0	0	0	0	0	0	0	0	0	0	0	0	0	0	0	0	0	0	0	0	0
samples/krx-tobe/jldfil00004/websquare/jldfil00004.xml	1	0	0	0	0	0	3	16	16	16	32	5	16	0	0	0	0	8	45	8	45	360	21	0	0	0	0	0	0	0	0	0	0	0	0	0	0	0	0	0	0	0	0	0	0	0	0	0
samples/krx-tobe/jldfil00005/websquare/jldfil00005.xml	1	0	0	0	0	0	7	3	3	3	6	3	3	0	0	0	0	0	0	0	0	84	3	0	0	0	0	0	0	0	0	0	0	0	0	0	0	0	0	0	0	0	0	0	0	0	0	0
samples/krx-tobe/jldfil00006/websquare/jldfil00006.xml	1	0	0	0	0	0	8	19	19	19	38	13	19	0	0	0	0	18	44	18	44	490	43	0	0	0	0	0	0	0	0	0	0	0	0	0	0	0	0	0	0	0	0	0	0	0	0	0
samples/krx-tobe/jldfil00007/websquare/jldfil00007.xml	1	0	0	0	0	0	4	12	12	12	24	6	12	0	0	0	0	3	18	3	18	258	24	0	0	0	0	0	0	0	0	0	0	0	0	0	0	0	0	0	0	0	0	0	0	0	0	0
samples/krx-tobe/jldfil00007_eng/websquare/jldfil00007_eng.xml	1	0	0	1	1	8	3	9	9	9	18	6	9	0	0	1	1	1	7	1	7	188	13	0	0	0	0	0	0	0	0	0	0	0	0	0	0	0	0	0	0	0	0	0	0	0	0	0
samples/krx-tobe/jldfil00008/websquare/jldfil00008.xml	1	0	0	0	0	0	1	4	4	4	8	4	4	0	0	0	0	2	1	2	1	91	7	0	0	0	0	0	0	0	0	0	0	0	0	0	0	0	0	0	0	0	0	0	0	0	0	0
samples/krx-tobe/jldfil00010/websquare/jldfil00010.xml	1	0	0	0	0	0	2	33	33	33	66	14	33	0	0	3	3	20	74	20	74	838	56	0	0	0	0	0	1	0	0	0	0	0	0	1	0	0	0	0	0	0	0	0	0	0	0	1
samples/krx-tobe/jldfil00011/websquare/jldfil00011.xml	1	0	0	1	1	9	3	14	14	14	28	7	14	0	0	1	1	6	19	6	19	311	20	0	0	0	0	0	0	0	0	0	0	0	0	0	0	0	0	0	0	0	0	0	0	0	0	0
samples/krx-tobe/jldfil00012/websquare/jldfil00012.xml	1	0	0	0	0	0	3	3	3	3	6	3	3	0	0	0	0	0	0	0	0	75	3	0	0	0	0	0	0	0	0	0	0	0	0	0	0	0	0	0	0	0	0	0	0	0	0	0
samples/krx-tobe/jldfil00013/websquare/jldfil00013.xml	1	0	0	0	0	0	12	18	18	18	36	11	18	0	0	0	0	13	39	13	39	437	30	0	0	0	0	0	0	0	0	0	0	0	0	0	0	0	0	0	0	0	0	0	0	0	0	0
samples/krx-tobe/jldfil00014/websquare/jldfil00014.xml	1	0	0	0	0	0	5	10	10	10	20	7	10	0	0	0	0	10	23	10	23	236	43	0	0	0	0	0	0	0	0	0	0	0	0	0	0	0	0	0	0	0	0	0	0	0	0	0
samples/krx-tobe/jldfil00015/websquare/jldfil00015.xml	1	0	0	0	0	0	1	8	8	8	16	5	8	0	0	0	0	5	18	5	18	188	36	0	0	0	0	0	0	0	0	0	0	0	0	0	0	0	0	0	0	0	0	0	0	0	0	0
samples/krx-tobe/jldfil00016/websquare/jldfil00016.xml	1	0	0	1	1	8	2	13	13	13	26	8	13	0	0	1	1	4	15	4	15	297	16	0	0	0	0	0	0	0	0	0	0	0	0	0	0	0	0	0	0	0	0	0	0	0	0	0
samples/krx-tobe/jldfil00018/websquare/jldfil00018.xml	1	0	0	0	0	1	7	36	36	36	72	9	36	0	0	0	0	14	94	14	94	930	56	0	0	0	0	0	0	0	0	0	0	0	0	0	0	0	0	0	0	0	0	0	0	0	0	0
samples/krx-tobe/jldfil00019/websquare/jldfil00019.xml	1	0	0	0	0	1	2	30	30	30	60	8	30	0	0	0	0	10	79	10	79	772	33	0	0	0	0	0	0	0	0	0	0	0	0	0	0	0	0	0	0	0	0	0	0	0	0	0
samples/krx-tobe/jldfil00020/websquare/jldfil00020.xml	1	0	0	0	0	0	4	20	20	20	40	12	20	0	0	0	0	21	55	21	55	550	34	0	0	0	0	0	0	0	0	0	0	0	0	0	0	0	0	0	0	0	0	0	0	0	0	0
samples/krx-tobe/jldfil00021/websquare/jldfil00021.xml	1	0	0	0	0	0	49	27	27	27	54	11	27	0	0	0	0	20	59	20	59	870	216	0	0	0	0	0	0	0	0	0	0	0	0	0	0	0	0	0	0	0	0	0	0	0	0	0
samples/krx-tobe/jldfil00022/websquare/jldfil00022.xml	1	0	0	0	0	0	11	25	25	25	50	12	25	0	0	0	0	19	55	19	55	587	56	0	0	0	0	0	0	0	0	0	0	0	0	0	0	0	0	0	0	0	0	0	0	0	0	0
samples/krx-tobe/jldfil00023/websquare/jldfil00023.xml	1	0	0	0	0	0	13	25	25	25	50	11	25	0	0	0	0	19	57	19	57	627	50	0	0	0	0	0	0	0	0	0	0	0	0	0	0	0	0	0	0	0	0	0	0	0	0	0
samples/krx-tobe/jldfil00024/websquare/jldfil00024.xml	1	0	0	0	0	1	2	30	30	30	60	8	30	0	0	0	0	10	79	10	79	772	33	0	0	0	0	0	0	0	0	0	0	0	0	0	0	0	0	0	0	0	0	0	0	0	0	0
samples/krx-tobe/jldfil00025/websquare/jldfil00025.xml	1	0	0	1	1	9	3	14	14	14	28	7	14	0	0	1	1	6	19	6	19	317	20	0	0	0	0	0	0	0	0	0	0	0	0	0	0	0	0	0	0	0	0	0	0	0	0	0
samples/krx-tobe/jldfil00026/websquare/jldfil00026.xml	1	0	0	0	0	1	1	30	30	30	60	7	30	0	0	0	0	3	74	3	74	745	30	0	0	0	0	0	0	0	0	0	0	0	0	0	0	0	0	0	0	0	0	0	0	0	0	0
samples/krx-tobe/jldfil00027/websquare/jldfil00027.xml	1	0	0	0	0	0	11	26	26	26	52	13	26	0	0	0	0	20	58	20	58	611	57	0	0	0	0	0	0	0	0	0	0	0	0	0	0	0	0	0	0	0	0	0	0	0	0	0
samples/krx-tobe/jldfil00028/websquare/jldfil00028.xml	1	0	0	1	1	9	3	14	14	14	28	7	14	0	0	1	1	6	19	6	19	317	20	0	0	0	0	0	0	0	0	0	0	0	0	0	0	0	0	0	0	0	0	0	0	0	0	0
samples/krx-tobe/jldfil00029/websquare/jldfil00029.xml	1	0	0	0	0	1	1	29	29	29	58	7	29	0	0	0	0	3	69	3	69	712	29	0	0	0	0	0	0	0	0	0	0	0	0	0	0	0	0	0	0	0	0	0	0	0	0	0
samples/krx-tobe/jldfil00030/websquare/jldfil00030.xml	1	0	0	1	1	9	5	40	40	40	80	16	40	0	0	4	4	24	82	24	82	972	67	0	0	0	0	0	1	0	0	0	0	0	0	1	0	0	0	0	0	0	0	0	0	0	0	1
samples/krx-tobe/jldfil00031/websquare/jldfil00031.xml	1	0	0	0	0	1	1	29	29	29	58	7	29	0	0	0	0	3	66	3	66	709	32	0	0	0	0	0	0	0	0	0	0	0	0	0	0	0	0	0	0	0	0	0	0	0	0	0
samples/krx-tobe/jldfil00032/websquare/jldfil00032.xml	1	0	0	0	0	1	3	32	32	32	64	9	32	0	0	0	0	10	84	10	84	810	41	0	0	0	0	0	0	0	0	0	0	0	0	0	0	0	0	0	0	0	0	0	0	0	0	0
samples/krx-tobe/jldfil00033/websquare/jldfil00033.xml	1	0	0	0	0	2	1	29	29	29	58	7	29	0	0	0	0	3	66	3	66	695	33	0	0	0	0	0	0	0	0	0	0	0	0	0	0	0	0	0	0	0	0	0	0	0	0	0
samples/krx-tobe/jldfil00034/websquare/jldfil00034.xml	1	0	0	1	1	8	2	13	13	13	26	7	13	0	0	1	1	4	15	4	15	300	16	0	0	0	0	0	0	0	0	0	0	0	0	0	0	0	0	0	0	0	0	0	0	0	0	0
samples/krx-tobe/jldfil00035/websquare/jldfil00035.xml	1	0	0	0	0	1	2	30	30	30	60	8	30	0	0	0	0	10	79	10	79	771	33	0	0	0	0	0	0	0	0	0	0	0	0	0	0	0	0	0	0	0	0	0	0	0	0	0
samples/krx-tobe/jldfil00036/websquare/jldfil00036.xml	1	0	0	0	0	0	2	4	4	4	8	2	4	0	0	0	0	1	6	1	6	98	7	0	0	0	0	0	0	0	0	0	0	0	0	0	0	0	0	0	0	0	0	0	0	0	0	0
samples/krx-tobe/jldfil00037/websquare/jldfil00037.xml	1	0	0	0	0	1	1	29	29	29	58	7	29	0	0	0	0	2	65	2	65	686	33	0	0	0	0	0	0	0	0	0	0	0	0	0	0	0	0	0	0	0	0	0	0	0	0	0
samples/krx-tobe/jldfil00038/websquare/jldfil00038.xml	1	0	0	0	0	1	1	29	29	29	58	7	29	0	0	0	0	2	65	2	65	686	33	0	0	0	0	0	0	0	0	0	0	0	0	0	0	0	0	0	0	0	0	0	0	0	0	0
samples/krx-tobe/jldfil00039/websquare/jldfil00039.xml	1	0	0	0	0	1	1	29	29	29	58	7	29	0	0	0	0	2	65	2	65	686	33	0	0	0	0	0	0	0	0	0	0	0	0	0	0	0	0	0	0	0	0	0	0	0	0	0
samples/krx-tobe/jldfil00040/websquare/jldfil00040.xml	1	0	0	0	0	0	8	13	13	13	26	5	13	0	0	0	0	16	28	16	28	372	16	0	0	0	0	0	0	0	0	0	0	0	0	0	0	0	0	0	0	0	0	0	0	0	0	0
samples/krx-tobe/jldfil00041/websquare/jldfil00041.xml	1	0	0	1	1	8	2	13	13	13	26	7	13	0	0	1	1	4	15	4	15	300	16	0	0	0	0	0	0	0	0	0	0	0	0	0	0	0	0	0	0	0	0	0	0	0	0	0
samples/krx-tobe/jldfil00042/websquare/jldfil00042.xml	1	0	0	0	0	1	2	30	30	30	60	8	30	0	0	0	0	10	79	10	79	771	33	0	0	0	0	0	0	0	0	0	0	0	0	0	0	0	0	0	0	0	0	0	0	0	0	0
samples/krx-tobe/jldfil00043/websquare/jldfil00043.xml	1	0	0	0	0	1	1	29	29	29	58	7	29	0	0	0	0	3	68	3	68	706	29	0	0	0	0	0	0	0	0	0	0	0	0	0	0	0	0	0	0	0	0	0	0	0	0	0
samples/krx-tobe/jldfil00044/websquare/jldfil00044.xml	1	0	0	0	0	0	9	14	14	14	28	6	14	0	0	0	0	19	33	19	33	407	18	0	0	0	0	0	0	0	0	0	0	0	0	0	0	0	0	0	0	0	0	0	0	0	0	0
samples/krx-tobe/jldfil00045/websquare/jldfil00045.xml	1	0	0	0	0	1	3	29	29	29	58	7	29	0	0	0	0	2	65	2	65	688	33	0	0	0	0	0	0	0	0	0	0	0	0	0	0	0	0	0	0	0	0	0	0	0	0	0
samples/krx-tobe/jldfil00046/websquare/jldfil00046.xml	1	0	0	0	0	1	2	10	10	10	20	4	10	0	0	0	0	4	20	4	20	245	10	0	0	0	0	0	0	0	0	0	0	0	0	0	0	0	0	0	0	0	0	0	0	0	0	0
samples/krx-tobe/jldfil00047/websquare/jldfil00047.xml	1	0	0	1	1	8	2	13	13	13	26	8	13	0	0	1	1	4	15	4	15	297	16	0	0	0	0	0	0	0	0	0	0	0	0	0	0	0	0	0	0	0	0	0	0	0	0	0
samples/krx-tobe/jldfil00048/websquare/jldfil00048.xml	1	0	0	0	0	1	2	30	30	30	60	8	30	0	0	0	0	9	79	9	79	764	33	0	0	0	0	0	0	0	0	0	0	0	0	0	0	0	0	0	0	0	0	0	0	0	0	0
samples/krx-tobe/jldfil00049/websquare/jldfil00049.xml	1	0	0	0	0	0	10	15	15	15	30	8	15	0	0	0	0	16	29	16	29	407	18	0	0	0	0	0	0	0	0	0	0	0	0	0	0	0	0	0	0	0	0	0	0	0	0	0
samples/krx-tobe/jldfil00050/websquare/jldfil00050.xml	1	0	0	0	0	1	2	29	29	29	58	7	29	0	0	0	0	3	71	3	71	713	29	0	0	0	0	0	0	0	0	0	0	0	0	0	0	0	0	0	0	0	0	0	0	0	0	0
samples/krx-tobe/jldfil00051/websquare/jldfil00051.xml	1	0	0	0	0	0	3	4	4	4	8	2	4	0	0	0	0	1	9	1	9	101	4	0	0	0	0	0	0	0	0	0	0	0	0	0	0	0	0	0	0	0	0	0	0	0	0	0
samples/krx-tobe/jldfil00052/websquare/jldfil00052.xml	1	0	0	0	0	2	3	8	8	8	16	5	8	0	0	0	0	1	10	1	10	201	8	0	0	0	0	0	0	0	0	0	0	0	0	0	0	0	0	0	0	0	0	0	0	0	0	0
samples/krx-tobe/jldfil00053/websquare/jldfil00053.xml	1	0	0	0	0	0	4	14	14	14	28	11	14	0	0	0	0	7	26	7	26	338	26	0	0	0	0	0	0	0	0	0	0	0	0	0	0	0	0	0	0	0	0	0	0	0	0	0
samples/krx-tobe/jldfil00060/websquare/jldfil00060.xml	1	0	0	0	0	1	2	30	30	30	60	7	30	0	0	0	0	3	76	3	76	749	30	0	0	0	0	0	0	0	0	0	0	0	0	0	0	0	0	0	0	0	0	0	0	0	0	0
samples/krx-tobe/jldfil00070/websquare/jldfil00070.xml	1	0	0	0	0	1	2	29	29	29	58	7	29	0	0	0	0	3	71	3	71	716	29	0	0	0	0	0	0	0	0	0	0	0	0	0	0	0	0	0	0	0	0	0	0	0	0	0
samples/krx-tobe/jldfil00080/websquare/jldfil00080.xml	1	0	0	0	0	1	6	32	32	32	64	9	32	0	0	0	0	10	84	10	84	816	35	0	0	0	0	0	0	0	0	0	0	0	0	0	0	0	0	0	0	0	0	0	0	0	0	0
samples/krx-tobe/jldfil00090/websquare/jldfil00090.xml	1	0	0	0	0	0	3	4	4	4	8	2	4	0	0	0	0	1	9	1	9	101	4	0	0	0	0	0	0	0	0	0	0	0	0	0	0	0	0	0	0	0	0	0	0	0	0	0
samples/krx-tobe/jldfil00100/websquare/jldfil00100.xml	1	0	0	0	0	0	21	24	24	24	48	10	24	0	0	0	0	17	58	17	58	592	45	0	0	0	0	0	0	0	0	0	0	0	0	0	0	0	0	0	0	0	0	0	0	0	0	0
samples/krx-tobe/jldfil00101/websquare/jldfil00101.xml	1	0	0	0	0	0	3	24	24	24	48	11	24	0	0	21	21	17	58	17	58	751	83	0	0	0	0	0	0	0	0	0	0	0	0	0	0	0	0	0	0	0	0	0	0	0	0	0
samples/krx-tobe/jldfil00110/websquare/jldfil00110.xml	1	0	0	0	0	0	6	6	6	6	12	4	6	0	0	0	0	8	12	8	12	176	9	0	0	0	0	0	0	0	0	0	0	0	0	0	0	0	0	0	0	0	0	0	0	0	0	0
samples/krx-tobe/jldfil00120/websquare/jldfil00120.xml	1	0	0	2	2	18	7	20	20	20	40	11	20	0	0	2	2	14	34	14	34	458	44	0	0	0	0	0	0	0	0	0	0	0	0	0	0	0	0	0	0	0	0	0	0	0	0	0
samples/krx-tobe/jldfil00130/websquare/jldfil00130.xml	1	0	0	0	0	1	2	29	29	29	58	7	29	0	0	0	0	2	70	2	70	704	29	0	0	0	0	0	0	0	0	0	0	0	0	0	0	0	0	0	0	0	0	0	0	0	0	0
samples/krx-tobe/jldfil00140/websquare/jldfil00140.xml	1	0	0	0	0	1	2	29	29	29	58	7	29	0	0	0	0	2	70	2	70	704	29	0	0	0	0	0	0	0	0	0	0	0	0	0	0	0	0	0	0	0	0	0	0	0	0	0
samples/krx-tobe/jldfil00150/websquare/jldfil00150.xml	1	0	0	1	1	8	2	16	16	16	32	9	16	0	0	1	1	5	17	5	17	366	19	0	0	0	0	0	0	0	0	0	0	0	0	0	0	0	0	0	0	0	0	0	0	0	0	0
samples/krx-tobe/jldfil00160/websquare/jldfil00160.xml	1	0	0	0	0	1	3	30	30	30	60	8	30	0	0	0	0	10	81	10	81	773	33	0	0	0	0	0	0	0	0	0	0	0	0	0	0	0	0	0	0	0	0	0	0	0	0	0
samples/krx-tobe/jldfil00170/websquare/jldfil00170.xml	1	0	0	2	2	18	9	20	20	20	40	9	20	0	0	2	2	11	40	11	40	492	38	0	0	0	0	0	0	0	0	0	0	0	0	0	0	0	0	0	0	0	0	0	0	0	0	0
samples/krx-tobe/jldfil00171/websquare/jldfil00171.xml	1	0	0	0	0	1	5	32	32	32	64	8	32	0	0	0	0	13	86	13	86	834	37	0	0	0	0	0	0	0	0	0	0	0	0	0	0	0	0	0	0	0	0	0	0	0	0	0
samples/krx-tobe/jldfil00172/websquare/jldfil00172.xml	1	0	0	0	0	1	3	30	30	30	60	7	30	0	0	0	0	3	69	3	69	733	30	0	0	0	0	0	0	0	0	0	0	0	0	0	0	0	0	0	0	0	0	0	0	0	0	0
samples/krx-tobe/jldfil00173/websquare/jldfil00173.xml	1	0	0	0	0	0	6	9	9	9	18	6	9	0	0	0	0	8	24	8	24	250	17	0	0	0	0	0	0	0	0	0	0	0	0	0	0	0	0	0	0	0	0	0	0	0	0	0
samples/krx-tobe/jldfil00174/websquare/jldfil00174.xml	1	0	0	0	0	0	10	15	15	15	30	8	15	0	0	0	0	16	29	16	29	407	18	0	0	0	0	0	0	0	0	0	0	0	0	0	0	0	0	0	0	0	0	0	0	0	0	0
samples/krx-tobe/jldfil00175/websquare/jldfil00175.xml	1	0	0	0	0	0	11	24	24	24	48	12	24	0	0	0	0	19	53	19	53	577	35	0	0	0	0	0	0	0	0	0	0	0	0	0	0	0	0	0	0	0	0	0	0	0	0	0
samples/krx-tobe/jldfil00176/websquare/jldfil00176.xml	1	0	0	0	0	0	3	4	4	4	8	2	4	0	0	0	0	1	9	1	9	101	4	0	0	0	0	0	0	0	0	0	0	0	0	0	0	0	0	0	0	0	0	0	0	0	0	0
samples/krx-tobe/jldfil00200/websquare/jldfil00200.xml	1	0	0	0	0	0	19	27	27	27	54	11	27	0	0	0	0	19	59	19	59	653	48	0	0	0	0	0	0	0	0	0	0	0	0	0	0	0	0	0	0	0	0	0	0	0	0	0
samples/krx-tobe/jldfil00300/websquare/jldfil00300.xml	1	0	0	0	0	0	19	25	25	25	50	10	25	0	0	0	0	14	39	14	39	627	52	0	0	0	0	0	0	0	0	0	0	0	0	0	0	0	0	0	0	0	0	0	0	0	0	0
samples/krx-tobe/jldfil00301/websquare/jldfil00301.xml	1	0	0	0	0	0	11	26	26	26	52	12	26	0	0	0	0	8	36	8	36	581	40	0	0	0	0	0	0	0	0	0	0	0	0	0	0	0	0	0	0	0	0	0	0	0	0	0
samples/krx-tobe/jldfil00330/websquare/jldfil00330.xml	1	0	0	1	1	9	14	30	30	30	60	11	30	0	0	1	1	14	67	14	67	664	47	0	0	0	0	0	0	0	0	0	0	0	0	0	0	0	0	0	0	0	0	0	0	0	0	0
samples/krx-tobe/jldfil00400/websquare/jldfil00400.xml	1	0	0	0	0	0	28	32	32	32	64	14	32	0	0	0	0	18	71	18	71	821	79	0	0	0	0	0	0	0	0	0	0	0	0	0	0	0	0	0	0	0	0	0	0	0	0	0
samples/krx-tobe/jldfil00401/websquare/jldfil00401.xml	1	0	0	0	0	0	7	28	28	28	56	14	28	0	0	0	0	14	59	14	59	636	32	0	0	0	0	0	0	0	0	0	0	0	0	0	0	0	0	0	0	0	0	0	0	0	0	0
samples/krx-tobe/jldfil00500/websquare/jldfil00500.xml	1	0	0	0	0	0	9	31	31	31	62	15	31	0	0	0	0	30	83	30	83	802	51	0	0	0	0	0	0	0	0	0	0	0	0	0	0	0	0	0	0	0	0	0	0	0	0	0
samples/krx-tobe/jldfil00600/websquare/jldfil00600.xml	1	0	0	0	0	0	0	3	3	3	6	2	3	0	0	0	0	0	3	0	3	75	3	0	0	0	0	0	0	0	0	0	0	0	0	0	0	0	0	0	0	0	0	0	0	0	0	0
samples/krx-tobe/jldfil00800/websquare/jldfil00800.xml	1	0	0	0	0	0	6	16	16	16	32	9	16	0	0	0	0	8	41	8	41	349	19	0	0	0	0	0	0	0	0	0	0	0	0	0	0	0	0	0	0	0	0	0	0	0	0	0
samples/krx-tobe/jldfil00900/websquare/jldfil00900.xml	1	0	0	0	0	0	3	12	12	12	24	5	12	0	0	0	0	10	28	10	28	321	26	0	0	0	0	0	0	0	0	0	0	0	0	0	0	0	0	0	0	0	0	0	0	0	0	0
samples/krx-tobe/jldfil00910/websquare/jldfil00910.xml	1	0	0	0	0	0	1	8	8	8	16	6	8	0	0	0	0	12	25	12	25	230	15	0	0	0	0	0	0	0	0	0	0	0	0	0	0	0	0	0	0	0	0	0	0	0	0	0
samples/krx-tobe/jldfil01000/websquare/jldfil01000.xml	1	0	0	1	1	8	2	13	13	13	26	8	13	0	0	1	1	4	15	4	15	297	16	0	0	0	0	0	0	0	0	0	0	0	0	0	0	0	0	0	0	0	0	0	0	0	0	0
samples/krx-tobe/jldfil01001/websquare/jldfil01001.xml	1	0	0	0	0	1	2	30	30	30	60	8	30	0	0	0	0	9	79	9	79	764	33	0	0	0	0	0	0	0	0	0	0	0	0	0	0	0	0	0	0	0	0	0	0	0	0	0
samples/krx-tobe/jldfil01010/websquare/jldfil01010.xml	1	0	0	0	0	0	8	10	10	10	20	7	10	0	0	0	0	8	23	8	23	271	14	0	0	0	0	0	0	0	0	0	0	0	0	0	0	0	0	0	0	0	0	0	0	0	0	0
samples/krx-tobe/jldfil01020/websquare/jldfil01020.xml	1	0	0	0	0	0	8	14	14	14	28	6	14	0	0	0	0	16	29	16	29	396	17	0	0	0	0	0	0	0	0	0	0	0	0	0	0	0	0	0	0	0	0	0	0	0	0	0
samples/krx-tobe/jldfil01030/websquare/jldfil01030.xml	1	0	0	2	2	17	4	17	17	17	34	9	17	0	0	2	2	6	23	6	23	379	25	0	0	0	0	0	0	0	0	0	0	0	0	0	0	0	0	0	0	0	0	0	0	0	0	0
samples/krx-tobe/jldfil01040/websquare/jldfil01040.xml	1	0	0	0	0	1	1	29	29	29	58	7	29	0	0	0	0	3	68	3	68	705	29	0	0	0	0	0	0	0	0	0	0	0	0	0	0	0	0	0	0	0	0	0	0	0	0	0
samples/krx-tobe/jldfil01050/websquare/jldfil01050.xml	1	0	0	1	1	9	4	18	18	18	36	10	18	0	0	1	1	9	25	9	25	439	29	0	0	0	0	0	0	0	0	0	0	0	0	0	0	0	0	0	0	0	0	0	0	0	0	0
samples/krx-tobe/jldfil01051/websquare/jldfil01051.xml	1	0	0	0	0	0	2	5	5	5	10	4	5	0	0	0	0	12	23	12	23	179	10	0	0	0	0	0	0	0	0	0	0	0	0	0	0	0	0	0	0	0	0	0	0	0	0	0
samples/krx-tobe/jldfil01060/websquare/jldfil01060.xml	1	0	0	0	0	0	2	10	10	10	20	4	10	0	0	0	0	10	31	10	31	267	16	0	0	0	0	0	0	0	0	0	0	0	0	0	0	0	0	0	0	0	0	0	0	0	0	0
samples/krx-tobe/jldfil01070/websquare/jldfil01070.xml	1	0	0	0	0	0	8	14	14	14	28	6	14	0	0	0	0	16	29	16	29	396	17	0	0	0	0	0	0	0	0	0	0	0	0	0	0	0	0	0	0	0	0	0	0	0	0	0
samples/krx-tobe/jldfil01080/websquare/jldfil01080.xml	1	0	0	0	0	1	1	29	29	29	58	7	29	0	0	0	0	3	66	3	66	695	33	0	0	0	0	0	0	0	0	0	0	0	0	0	0	0	0	0	0	0	0	0	0	0	0	0
samples/krx-tobe/jldfil01081/websquare/jldfil01081.xml	1	0	0	0	0	1	2	29	29	29	58	7	29	0	0	0	0	3	71	3	71	713	29	0	0	0	0	0	0	0	0	0	0	0	0	0	0	0	0	0	0	0	0	0	0	0	0	0
samples/krx-tobe/jldfil01082/websquare/jldfil01082.xml	1	0	0	1	1	9	3	14	14	14	28	7	14	0	0	1	1	6	19	6	19	314	20	0	0	0	0	0	0	0	0	0	0	0	0	0	0	0	0	0	0	0	0	0	0	0	0	0
samples/krx-tobe/jldfil01083/websquare/jldfil01083.xml	1	0	0	1	1	9	3	14	14	14	28	7	14	0	0	1	1	6	19	6	19	314	20	0	0	0	0	0	0	0	0	0	0	0	0	0	0	0	0	0	0	0	0	0	0	0	0	0
samples/krx-tobe/jldfil01084/websquare/jldfil01084.xml	1	0	0	0	0	1	1	29	29	29	58	7	29	0	0	0	0	3	66	3	66	695	33	0	0	0	0	0	0	0	0	0	0	0	0	0	0	0	0	0	0	0	0	0	0	0	0	0
samples/krx-tobe/jldfil01085/websquare/jldfil01085.xml	1	0	0	0	0	0	6	9	9	9	18	6	9	0	0	0	0	8	24	8	24	250	17	0	0	0	0	0	0	0	0	0	0	0	0	0	0	0	0	0	0	0	0	0	0	0	0	0
samples/krx-tobe/jldfil02000/websquare/jldfil02000.xml	1	0	0	0	0	0	1	4	4	4	8	4	4	0	0	0	0	1	2	1	2	109	4	0	0	0	0	0	0	0	0	0	0	0	0	0	0	0	0	0	0	0	0	0	0	0	0	0
samples/krx-tobe/jldfil02001/websquare/jldfil02001.xml	1	0	0	0	0	0	0	2	2	2	4	2	2	0	0	0	0	0	0	0	0	52	2	0	0	0	0	0	0	0	0	0	0	0	0	0	0	0	0	0	0	0	0	0	0	0	0	0
samples/krx-tobe/jldfil05000/websquare/jldfil05000.xml	1	0	0	0	0	0	7	24	24	24	48	12	24	0	0	0	0	11	36	11	36	535	26	0	0	0	0	0	0	0	0	0	0	0	0	0	0	0	0	0	0	0	0	0	0	0	0	0
samples/krx-tobe/jldfil05000_attentively/websquare/jldfil05000_attentively.xml	1	0	0	0	0	0	0	2	2	2	4	2	2	0	0	0	0	0	0	0	0	52	2	0	0	0	0	0	0	0	0	0	0	0	0	0	0	0	0	0	0	0	0	0	0	0	0	0
samples/krx-tobe/jldfil05001/websquare/jldfil05001.xml	0	0	0	0	0	0	0	4	4	4	8	3	4	0	0	5	5	0	0	0	0	83	4	0	0	0	0	0	0	0	0	0	0	0	0	0	0	0	0	0	0	0	0	0	0	0	0	0
samples/krx-tobe/jldfil05001c/websquare/jldfil05001c.xml	1	0	0	1	1	10	14	37	37	37	74	19	37	0	0	1	1	13	70	13	70	1057	53	0	0	0	0	0	0	0	0	0	0	0	0	0	0	0	0	0	0	0	0	0	0	0	0	0
samples/krx-tobe/jldfil05002/websquare/jldfil05002.xml	0	0	0	0	0	0	0	4	4	4	8	3	4	0	0	5	5	0	0	0	0	83	4	0	0	0	0	0	0	0	0	0	0	0	0	0	0	0	0	0	0	0	0	0	0	0	0	0
samples/krx-tobe/jldfil05002c/websquare/jldfil05002c.xml	1	0	0	0	0	0	11	77	77	77	154	18	77	0	0	0	0	12	205	12	205	1862	97	0	0	0	0	0	0	0	0	0	0	0	0	0	0	0	0	0	0	0	0	0	0	0	0	0
samples/krx-tobe/jldfil05003/websquare/jldfil05003.xml	0	0	0	0	0	0	0	4	4	4	8	3	4	0	0	5	5	0	0	0	0	83	4	0	0	0	0	0	0	0	0	0	0	0	0	0	0	0	0	0	0	0	0	0	0	0	0	0
samples/krx-tobe/jldfil05003c/websquare/jldfil05003c.xml	1	0	0	0	0	0	162	300	300	300	600	17	300	0	0	0	0	11	861	11	861	6720	309	0	0	0	0	0	0	0	0	0	0	0	0	0	0	0	0	0	0	0	0	0	0	0	0	0
samples/krx-tobe/jldfil05004/websquare/jldfil05004.xml	0	0	0	0	0	0	0	4	4	4	8	3	4	0	0	5	5	0	0	0	0	83	4	0	0	0	0	0	0	0	0	0	0	0	0	0	0	0	0	0	0	0	0	0	0	0	0	0
samples/krx-tobe/jldfil05004c/websquare/jldfil05004c.xml	1	0	0	0	0	0	46	106	106	106	212	16	106	0	0	0	0	7	282	7	282	2416	109	0	0	0	0	0	0	0	0	0	0	0	0	0	0	0	0	0	0	0	0	0	0	0	0	0
samples/krx-tobe/jldfil05005/websquare/jldfil05005.xml	0	0	0	0	0	0	0	4	4	4	8	3	4	0	0	5	5	0	0	0	0	83	4	0	0	0	0	0	0	0	0	0	0	0	0	0	0	0	0	0	0	0	0	0	0	0	0	0
samples/krx-tobe/jldfil05005c/websquare/jldfil05005c.xml	1	0	0	0	0	0	9	25	25	25	50	14	25	0	0	0	0	8	46	8	46	572	29	0	0	0	0	0	0	0	0	0	0	0	0	0	0	0	0	0	0	0	0	0	0	0	0	0
samples/krx-tobe/jldfil05006/websquare/jldfil05006.xml	0	0	0	0	0	0	0	4	4	4	8	3	4	0	0	5	5	0	0	0	0	83	4	0	0	0	0	0	0	0	0	0	0	0	0	0	0	0	0	0	0	0	0	0	0	0	0	0
samples/krx-tobe/jldfil05006c/websquare/jldfil05006c.xml	1	0	0	0	0	0	8	25	25	25	50	14	25	0	0	0	0	8	44	8	44	569	28	0	0	0	0	0	0	0	0	0	0	0	0	0	0	0	0	0	0	0	0	0	0	0	0	0
samples/krx-tobe/jldfil05007/websquare/jldfil05007.xml	0	0	0	0	0	0	0	4	4	4	8	3	4	0	0	5	5	0	0	0	0	83	4	0	0	0	0	0	0	0	0	0	0	0	0	0	0	0	0	0	0	0	0	0	0	0	0	0
samples/krx-tobe/jldfil05007c/websquare/jldfil05007c.xml	1	0	0	0	0	0	10	39	39	39	78	16	39	0	0	0	0	8	79	8	79	894	43	0	0	0	0	0	0	0	0	0	0	0	0	0	0	0	0	0	0	0	0	0	0	0	0	0
samples/krx-tobe/jldfil05008/websquare/jldfil05008.xml	0	0	0	0	0	0	0	4	4	4	8	3	4	0	0	5	5	0	0	0	0	83	4	0	0	0	0	0	0	0	0	0	0	0	0	0	0	0	0	0	0	0	0	0	0	0	0	0
samples/krx-tobe/jldfil05008c/websquare/jldfil05008c.xml	1	0	0	0	0	0	11	39	39	39	78	16	39	0	0	0	0	8	79	8	79	895	43	0	0	0	0	0	0	0	0	0	0	0	0	0	0	0	0	0	0	0	0	0	0	0	0	0
samples/krx-tobe/jldfil05009/websquare/jldfil05009.xml	0	0	0	0	0	0	0	4	4	4	8	3	4	0	0	5	5	0	0	0	0	83	4	0	0	0	0	0	0	0	0	0	0	0	0	0	0	0	0	0	0	0	0	0	0	0	0	0
samples/krx-tobe/jldfil05009c/websquare/jldfil05009c.xml	1	0	0	0	0	0	9	24	24	24	48	15	24	0	0	0	0	8	40	8	40	564	28	0	0	0	0	0	0	0	0	0	0	0	0	0	0	0	0	0	0	0	0	0	0	0	0	0
samples/krx-tobe/jldfil05010/websquare/jldfil05010.xml	0	0	0	0	0	0	0	4	4	4	8	3	4	0	0	5	5	0	0	0	0	83	4	0	0	0	0	0	0	0	0	0	0	0	0	0	0	0	0	0	0	0	0	0	0	0	0	0
samples/krx-tobe/jldfil05010c/websquare/jldfil05010c.xml	1	0	0	0	0	0	7	26	26	26	52	15	26	0	0	0	0	11	45	11	45	635	28	0	0	0	0	0	0	0	0	0	0	0	0	0	0	0	0	0	0	0	0	0	0	0	0	0
samples/krx-tobe/jldfil05011/websquare/jldfil05011.xml	1	0	0	0	0	0	6	21	21	21	42	12	21	0	0	0	0	10	37	10	37	534	30	0	0	0	0	0	0	0	0	0	0	0	0	0	0	0	0	0	0	0	0	0	0	0	0	0
samples/krx-tobe/jldfil05012/websquare/jldfil05012.xml	0	0	0	0	0	0	0	4	4	4	8	3	4	0	0	5	5	0	0	0	0	83	4	0	0	0	0	0	0	0	0	0	0	0	0	0	0	0	0	0	0	0	0	0	0	0	0	0
samples/krx-tobe/jldfil05012c/websquare/jldfil05012c.xml	1	0	0	0	0	45	35	109	109	109	218	21	109	0	0	0	0	17	270	17	270	2728	203	0	0	0	0	0	0	0	0	0	0	0	0	0	0	0	0	0	0	0	0	0	0	0	0	0
samples/krx-tobe/jldfil05013/websquare/jldfil05013.xml	0	0	0	0	0	0	0	4	4	4	8	3	4	0	0	5	5	0	0	0	0	83	4	0	0	0	0	0	0	0	0	0	0	0	0	0	0	0	0	0	0	0	0	0	0	0	0	0
samples/krx-tobe/jldfil05013c/websquare/jldfil05013c.xml	1	0	0	0	0	0	18	112	112	112	224	19	112	0	0	2	2	9	291	9	291	2580	173	0	0	0	0	0	0	0	0	0	0	0	0	0	0	0	0	0	0	0	0	0	0	0	0	0
samples/krx-tobe/jldfil05014/websquare/jldfil05014.xml	0	0	0	0	0	0	0	4	4	4	8	3	4	0	0	5	5	0	0	0	0	83	4	0	0	0	0	0	0	0	0	0	0	0	0	0	0	0	0	0	0	0	0	0	0	0	0	0
samples/krx-tobe/jldfil05014c/websquare/jldfil05014c.xml	1	0	0	0	0	2	6	49	49	49	98	22	49	0	0	0	0	19	106	19	106	1221	108	0	0	0	0	0	0	0	0	0	0	0	0	0	0	0	0	0	0	0	0	0	0	0	0	0
samples/krx-tobe/jldfil05015/websquare/jldfil05015.xml	0	0	0	0	0	0	0	4	4	4	8	3	4	0	0	5	5	0	0	0	0	83	4	0	0	0	0	0	0	0	0	0	0	0	0	0	0	0	0	0	0	0	0	0	0	0	0	0
samples/krx-tobe/jldfil05015c/websquare/jldfil05015c.xml	1	0	0	0	0	0	2	17	17	17	34	13	17	0	0	0	0	7	27	7	27	479	30	0	0	0	0	0	0	0	0	0	0	0	0	0	0	0	0	0	0	0	0	0	0	0	0	0
samples/krx-tobe/jldfil05016/websquare/jldfil05016.xml	1	0	0	1	1	8	5	20	20	20	40	12	20	0	0	1	1	11	33	11	33	507	27	0	0	0	0	0	0	0	0	0	0	0	0	0	0	0	0	0	0	0	0	0	0	0	0	0
samples/krx-tobe/jldfil05017/websquare/jldfil05017.xml	0	0	0	0	0	0	0	4	4	4	8	3	4	0	0	5	5	0	0	0	0	83	4	0	0	0	0	0	0	0	0	0	0	0	0	0	0	0	0	0	0	0	0	0	0	0	0	0
samples/krx-tobe/jldfil05017c/websquare/jldfil05017c.xml	1	0	0	0	0	9	24	87	87	87	174	21	87	0	0	0	2	22	214	22	214	2260	118	0	0	0	0	0	0	0	0	0	0	0	0	0	0	0	0	0	0	0	0	0	0	0	0	0
samples/krx-tobe/jldfil05018/websquare/jldfil05018.xml	0	0	0	0	0	0	0	4	4	4	8	3	4	0	0	5	5	0	0	0	0	83	4	0	0	0	0	0	0	0	0	0	0	0	0	0	0	0	0	0	0	0	0	0	0	0	0	0
samples/krx-tobe/jldfil05018c/websquare/jldfil05018c.xml	1	0	0	0	0	0	11	38	38	38	76	18	38	0	0	0	0	7	72	7	72	910	51	0	0	0	0	0	0	0	0	0	0	0	0	0	0	0	0	0	0	0	0	0	0	0	0	0
samples/krx-tobe/jldfil05019/websquare/jldfil05019.xml	0	0	0	0	0	0	0	4	4	4	8	3	4	0	0	5	5	0	0	0	0	83	4	0	0	0	0	0	0	0	0	0	0	0	0	0	0	0	0	0	0	0	0	0	0	0	0	0
samples/krx-tobe/jldfil05019c/websquare/jldfil05019c.xml	1	0	0	0	0	2	6	46	46	46	92	19	46	0	0	0	0	18	104	18	104	1158	105	0	0	0	0	0	0	0	0	0	0	0	0	0	0	0	0	0	0	0	0	0	0	0	0	0
samples/krx-tobe/jldfil05020/websquare/jldfil05020.xml	0	0	0	0	0	0	0	4	4	4	8	3	4	0	0	5	5	0	0	0	0	83	4	0	0	0	0	0	0	0	0	0	0	0	0	0	0	0	0	0	0	0	0	0	0	0	0	0
samples/krx-tobe/jldfil05020c/websquare/jldfil05020c.xml	1	0	0	0	0	0	2	17	17	17	34	13	17	0	0	0	0	7	27	7	27	479	30	0	0	0	0	0	0	0	0	0	0	0	0	0	0	0	0	0	0	0	0	0	0	0	0	0
samples/krx-tobe/jldfil05021/websquare/jldfil05021.xml	1	0	0	0	0	0	3	14	14	14	28	8	14	0	0	0	0	6	19	6	19	355	15	0	0	0	0	0	0	0	0	0	0	0	0	0	0	0	0	0	0	0	0	0	0	0	0	0
samples/krx-tobe/jldfil05022/websquare/jldfil05022.xml	0	0	0	0	0	0	0	4	4	4	8	3	4	0	0	5	5	0	0	0	0	83	4	0	0	0	0	0	0	0	0	0	0	0	0	0	0	0	0	0	0	0	0	0	0	0	0	0
samples/krx-tobe/jldfil05022c/websquare/jldfil05022c.xml	1	0	0	0	0	9	34	48	48	48	96	20	48	0	0	0	0	16	92	16	92	1267	108	0	0	0	0	0	0	0	0	0	0	0	0	0	0	0	0	0	0	0	0	0	0	0	0	0
samples/krx-tobe/jldfil05023/websquare/jldfil05023.xml	0	0	0	0	0	0	0	4	4	4	8	3	4	0	0	5	5	0	0	0	0	83	4	0	0	0	0	0	0	0	0	0	0	0	0	0	0	0	0	0	0	0	0	0	0	0	0	0
samples/krx-tobe/jldfil05023c/websquare/jldfil05023c.xml	1	0	0	0	0	0	18	112	112	112	224	19	112	0	0	2	2	9	291	9	291	2578	173	0	0	0	0	0	0	0	0	0	0	0	0	0	0	0	0	0	0	0	0	0	0	0	0	0
samples/krx-tobe/jldfil05024/websquare/jldfil05024.xml	0	0	0	0	0	0	0	4	4	4	8	3	4	0	0	5	5	0	0	0	0	83	4	0	0	0	0	0	0	0	0	0	0	0	0	0	0	0	0	0	0	0	0	0	0	0	0	0
samples/krx-tobe/jldfil05024c/websquare/jldfil05024c.xml	1	0	0	0	0	2	6	47	47	47	94	20	47	0	0	0	0	18	104	18	104	1177	106	0	0	0	0	0	0	0	0	0	0	0	0	0	0	0	0	0	0	0	0	0	0	0	0	0
samples/krx-tobe/jldfil05025/websquare/jldfil05025.xml	0	0	0	0	0	0	0	4	4	4	8	3	4	0	0	5	5	0	0	0	0	83	4	0	0	0	0	0	0	0	0	0	0	0	0	0	0	0	0	0	0	0	0	0	0	0	0	0
samples/krx-tobe/jldfil05025c/websquare/jldfil05025c.xml	1	0	0	0	0	0	2	17	17	17	34	13	17	0	0	0	0	7	27	7	27	477	30	0	0	0	0	0	0	0	0	0	0	0	0	0	0	0	0	0	0	0	0	0	0	0	0	0
samples/krx-tobe/jldfil05026/websquare/jldfil05026.xml	1	0	0	0	0	0	3	13	13	13	26	8	13	0	0	0	0	6	16	6	16	326	14	0	0	0	0	0	0	0	0	0	0	0	0	0	0	0	0	0	0	0	0	0	0	0	0	0
samples/krx-tobe/jldfil05027/websquare/jldfil05027.xml	0	0	0	0	0	0	0	4	4	4	8	3	4	0	0	5	5	0	0	0	0	83	4	0	0	0	0	0	0	0	0	0	0	0	0	0	0	0	0	0	0	0	0	0	0	0	0	0
samples/krx-tobe/jldfil05027c/websquare/jldfil05027c.xml	1	0	0	0	0	9	31	42	42	42	84	20	42	0	0	2	4	17	65	17	65	1217	76	0	0	0	0	0	0	0	0	0	0	0	0	0	0	0	0	0	0	0	0	0	0	0	0	0
samples/krx-tobe/jldfil05028/websquare/jldfil05028.xml	0	0	0	0	0	0	0	4	4	4	8	3	4	0	0	5	5	0	0	0	0	83	4	0	0	0	0	0	0	0	0	0	0	0	0	0	0	0	0	0	0	0	0	0	0	0	0	0
samples/krx-tobe/jldfil05028c/websquare/jldfil05028c.xml	1	0	0	0	0	0	11	38	38	38	76	18	38	0	0	0	0	7	72	7	72	908	51	0	0	0	0	0	0	0	0	0	0	0	0	0	0	0	0	0	0	0	0	0	0	0	0	0
samples/krx-tobe/jldfil05029/websquare/jldfil05029.xml	0	0	0	0	0	0	0	4	4	4	8	3	4	0	0	5	5	0	0	0	0	83	4	0	0	0	0	0	0	0	0	0	0	0	0	0	0	0	0	0	0	0	0	0	0	0	0	0
samples/krx-tobe/jldfil05029c/websquare/jldfil05029c.xml	1	0	0	0	0	2	6	46	46	46	92	19	46	0	0	0	0	18	104	18	104	1161	106	0	0	0	0	0	0	0	0	0	0	0	0	0	0	0	0	0	0	0	0	0	0	0	0	0
samples/krx-tobe/jldfil05030/websquare/jldfil05030.xml	0	0	0	0	0	0	0	4	4	4	8	3	4	0	0	5	5	0	0	0	0	83	4	0	0	0	0	0	0	0	0	0	0	0	0	0	0	0	0	0	0	0	0	0	0	0	0	0
samples/krx-tobe/jldfil05030c/websquare/jldfil05030c.xml	1	0	0	0	0	0	2	16	16	16	32	12	16	0	0	0	0	7	27	7	27	450	29	0	0	0	0	0	0	0	0	0	0	0	0	0	0	0	0	0	0	0	0	0	0	0	0	0
samples/krx-tobe/jldfil05031/websquare/jldfil05031.xml	1	0	0	0	0	0	4	15	15	15	30	9	15	0	0	0	0	7	25	7	25	354	18	0	0	0	0	0	0	0	0	0	0	0	0	0	0	0	0	0	0	0	0	0	0	0	0	0
samples/krx-tobe/jldfil05032/websquare/jldfil05032.xml	0	0	0	0	0	0	0	4	4	4	8	3	4	0	0	5	5	0	0	0	0	83	4	0	0	0	0	0	0	0	0	0	0	0	0	0	0	0	0	0	0	0	0	0	0	0	0	0
samples/krx-tobe/jldfil05032c/websquare/jldfil05032c.xml	1	0	0	0	0	1	5	12	12	12	24	7	12	0	0	0	0	13	32	13	32	358	47	0	0	0	0	0	0	0	0	0	0	0	0	0	0	0	0	0	0	0	0	0	0	0	0	0
samples/krx-tobe/jldfil05033/websquare/jldfil05033.xml	0	0	0	0	0	0	0	4	4	4	8	3	4	0	0	5	5	0	0	0	0	83	4	0	0	0	0	0	0	0	0	0	0	0	0	0	0	0	0	0	0	0	0	0	0	0	0	0
samples/krx-tobe/jldfil05033c/websquare/jldfil05033c.xml	1	0	0	0	0	1	5	13	13	13	26	9	13	0	0	0	0	7	15	7	15	380	67	0	0	0	0	0	0	0	0	0	0	0	0	0	0	0	0	0	0	0	0	0	0	0	0	0
samples/krx-tobe/jldfil05034/websquare/jldfil05034.xml	0	0	0	0	0	0	0	4	4	4	8	3	4	0	0	5	5	0	0	0	0	83	4	0	0	0	0	0	0	0	0	0	0	0	0	0	0	0	0	0	0	0	0	0	0	0	0	0
samples/krx-tobe/jldfil05034c/websquare/jldfil05034c.xml	1	0	0	0	0	1	3	13	13	13	26	9	13	0	0	0	0	4	15	4	15	289	19	0	0	0	0	0	0	0	0	0	0	0	0	0	0	0	0	0	0	0	0	0	0	0	0	0
samples/krx-tobe/jldfil05035/websquare/jldfil05035.xml	0	0	0	0	0	0	0	4	4	4	8	3	4	0	0	5	5	0	0	0	0	83	4	0	0	0	0	0	0	0	0	0	0	0	0	0	0	0	0	0	0	0	0	0	0	0	0	0
samples/krx-tobe/jldfil05035c/websquare/jldfil05035c.xml	1	0	0	0	0	0	0	6	6	6	12	5	6	0	0	0	0	2	7	2	7	148	10	0	0	0	0	0	0	0	0	0	0	0	0	0	0	0	0	0	0	0	0	0	0	0	0	0
samples/krx-tobe/jldfil05036/websquare/jldfil05036.xml	1	0	0	0	0	0	0	6	6	6	12	3	6	0	0	0	0	1	9	1	9	140	6	0	0	0	0	0	0	0	0	0	0	0	0	0	0	0	0	0	0	0	0	0	0	0	0	0
samples/krx-tobe/jldfil05037/websquare/jldfil05037.xml	1	0	0	0	0	0	0	3	3	3	6	2	3	0	0	0	0	0	3	0	3	72	3	0	0	0	0	0	0	0	0	0	0	0	0	0	0	0	0	0	0	0	0	0	0	0	0	0
samples/krx-tobe/jldfil05038/websquare/jldfil05038.xml	1	0	0	0	0	0	0	3	3	3	6	2	3	0	0	0	0	0	3	0	3	72	3	0	0	0	0	0	0	0	0	0	0	0	0	0	0	0	0	0	0	0	0	0	0	0	0	0
samples/krx-tobe/jldfil05039/websquare/jldfil05039.xml	1	0	0	0	0	0	0	13	13	13	26	7	13	0	0	0	0	2	17	2	17	267	14	0	0	0	0	0	0	0	0	0	0	0	0	0	0	0	0	0	0	0	0	0	0	0	0	0
samples/krx-tobe/jldfil05040/websquare/jldfil05040.xml	1	0	0	0	0	0	5	18	18	18	36	10	18	0	0	0	0	9	33	9	33	460	23	0	0	0	0	0	0	0	0	0	0	0	0	0	0	0	0	0	0	0	0	0	0	0	0	0
samples/krx-tobe/jldfil05041/websquare/jldfil05041.xml	1	0	0	1	1	10	14	45	45	45	90	18	45	0	0	1	1	13	97	13	97	1147	61	0	0	0	0	0	0	0	0	0	0	0	0	0	0	0	0	0	0	0	0	0	0	0	0	0
samples/krx-tobe/jldfil05090/websquare/jldfil05090.xml	1	0	0	0	0	1	3	30	30	30	60	8	30	0	0	0	0	10	76	10	76	769	37	0	0	0	0	0	0	0	0	0	0	0	0	0	0	0	0	0	0	0	0	0	0	0	0	0
samples/krx-tobe/jldfil05100/websquare/jldfil05100.xml	1	0	0	0	0	0	2	10	10	10	20	6	10	0	0	0	0	4	6	4	6	246	10	0	0	0	0	0	0	0	0	0	0	0	0	0	0	0	0	0	0	0	0	0	0	0	0	0
samples/krx-tobe/jldfil05101/websquare/jldfil05101.xml	1	0	0	0	0	0	0	2	2	2	4	2	2	0	0	0	0	0	0	0	0	52	2	0	0	0	0	0	0	0	0	0	0	0	0	0	0	0	0	0	0	0	0	0	0	0	0	0
samples/krx-tobe/jldfil05102/websquare/jldfil05102.xml	1	0	0	0	0	0	1	10	10	10	20	6	10	0	0	0	0	4	6	4	6	245	10	0	0	0	0	0	0	0	0	0	0	0	0	0	0	0	0	0	0	0	0	0	0	0	0	0
samples/krx-tobe/jldfil05103/websquare/jldfil05103.xml	1	0	0	2	2	16	10	21	21	21	42	9	21	0	0	2	2	5	27	5	27	496	67	0	0	0	0	0	0	0	0	0	0	0	0	0	0	0	0	0	0	0	0	0	0	0	0	0
samples/krx-tobe/jldfil05103_tip/websquare/jldfil05103_tip.xml	1	0	0	0	0	0	1	7	7	7	14	4	7	0	0	0	0	0	6	0	6	147	7	0	0	0	0	0	0	0	0	0	0	0	0	0	0	0	0	0	0	0	0	0	0	0	0	0
samples/krx-tobe/jldfil05104/websquare/jldfil05104.xml	1	0	0	3	3	91	12	10	10	10	20	5	10	0	0	4	4	6	19	6	19	280	84	0	0	0	0	0	0	0	0	0	0	0	0	0	0	0	0	0	0	0	0	0	0	0	0	0
samples/krx-tobe/jldfil05105/websquare/jldfil05105.xml	1	0	0	0	0	0	7	22	22	22	44	13	22	0	0	0	0	7	42	7	42	550	40	0	0	0	0	0	0	0	0	0	0	0	0	0	0	0	0	0	0	0	0	0	0	0	0	0
samples/krx-tobe/jldfil05106/websquare/jldfil05106.xml	1	0	0	0	0	0	13	27	27	27	54	16	27	0	0	0	0	18	38	18	38	649	109	0	0	0	0	0	0	0	0	0	0	0	0	0	0	0	0	0	0	0	0	0	0	0	0	0
samples/krx-tobe/jldfil05107/websquare/jldfil05107.xml	1	0	0	0	0	0	6	9	9	9	18	8	9	0	0	2	2	6	14	6	14	228	13	0	0	0	0	0	0	0	0	0	0	0	0	0	0	0	0	0	0	0	0	0	0	0	0	0
samples/krx-tobe/jldfil05400/websquare/jldfil05400.xml	1	0	0	0	0	1	9	19	19	19	38	10	19	1	0	0	0	10	34	10	34	419	27	0	0	0	0	0	0	0	0	0	0	0	0	0	0	0	0	0	0	0	0	0	0	0	0	0
samples/krx-tobe/jldfil05401/websquare/jldfil05401.xml	1	0	0	0	0	0	6	16	16	16	32	7	16	0	0	0	0	12	41	12	41	427	47	0	0	0	0	0	0	0	0	0	0	0	0	0	0	0	0	0	0	0	0	0	0	0	0	0
samples/krx-tobe/jldfil05500/websquare/jldfil05500.xml	1	0	0	0	0	1	3	18	18	18	36	9	18	0	0	0	0	14	43	14	43	460	49	0	0	0	0	0	0	0	0	0	0	0	0	0	0	0	0	0	0	0	0	0	0	0	0	0
samples/krx-tobe/jldfil05501/websquare/jldfil05501.xml	1	0	0	0	0	0	2	4	4	4	8	3	4	0	0	0	0	7	13	7	13	140	15	0	0	0	0	0	0	0	0	0	0	0	0	0	0	0	0	0	0	0	0	0	0	0	0	0
samples/krx-tobe/jldfil05502/websquare/jldfil05502.xml	1	0	0	0	0	0	6	12	12	12	24	10	12	0	0	0	0	6	22	6	22	303	15	0	0	0	0	0	0	0	0	0	0	0	0	0	0	0	0	0	0	0	0	0	0	0	0	0
samples/krx-tobe/jldfil05503/websquare/jldfil05503.xml	1	0	0	0	0	0	5	14	14	14	28	9	14	0	0	0	0	5	19	5	19	306	15	0	0	0	0	0	0	0	0	0	0	0	0	0	0	0	0	0	0	0	0	0	0	0	0	0
samples/krx-tobe/jldfil05504/websquare/jldfil05504.xml	1	0	0	0	0	21	14	22	22	22	44	9	22	0	0	0	0	9	52	9	52	564	24	0	0	0	0	0	0	0	0	0	0	0	0	0	0	2	0	0	0	0	0	0	0	0	2	2
samples/krx-tobe/jldfil05505/websquare/jldfil05505.xml	1	0	0	0	0	0	6	17	17	17	34	12	17	0	0	0	0	20	46	20	46	466	49	0	0	0	0	0	0	0	0	0	0	0	0	0	0	0	0	0	0	0	0	0	0	0	0	0
samples/krx-tobe/jldfil05506/websquare/jldfil05506.xml	1	0	0	0	0	21	20	31	31	31	62	11	31	0	0	0	0	31	106	31	106	866	85	0	0	0	0	0	2	0	0	0	0	0	0	2	0	2	0	0	0	0	0	0	0	0	3	4
samples/krx-tobe/jldfil05600/websquare/jldfil05600.xml	1	0	0	1	1	8	6	8	8	8	16	5	8	0	0	1	1	15	31	15	31	239	29	0	0	0	0	0	0	0	0	0	0	0	0	0	0	0	0	0	0	0	0	0	0	0	0	0
samples/krx-tobe/jldfil05601/websquare/jldfil05601.xml	1	0	0	0	0	0	1	3	3	3	6	3	3	0	0	0	0	7	10	7	10	112	7	0	0	0	0	0	0	0	0	0	0	0	0	0	0	0	0	0	0	0	0	0	0	0	0	0
samples/krx-tobe/jldfil05700/websquare/jldfil05700.xml	1	0	0	0	0	0	1	3	3	3	6	3	3	0	0	0	0	2	4	2	4	78	4	0	0	0	0	0	0	0	0	0	0	0	0	0	0	0	0	0	0	0	0	0	0	0	0	0
samples/krx-tobe/jldfil10000/websquare/jldfil10000.xml	1	0	0	1	1	8	8	18	18	18	36	7	18	0	0	1	1	9	43	9	43	374	34	0	0	0	0	0	0	0	0	0	0	0	0	0	0	0	0	0	0	0	0	0	0	0	0	0
samples/krx-tobe/jldfil10100/websquare/jldfil10100.xml	1	0	0	0	0	0	4	9	9	9	18	6	9	0	0	0	0	3	12	3	12	195	10	0	0	0	0	0	0	0	0	0	0	0	0	0	0	0	0	0	0	0	0	0	0	0	0	0
samples/krx-tobe/jldfil10200/websquare/jldfil10200.xml	1	0	0	0	0	0	3	11	11	11	22	9	11	0	0	0	0	3	13	3	13	229	14	0	0	0	0	0	0	0	0	0	0	0	0	0	0	0	0	0	0	0	0	0	0	0	0	0
samples/krx-tobe/jldfil10300/websquare/jldfil10300.xml	1	0	0	0	0	0	3	10	10	10	20	7	10	0	0	0	0	3	14	3	14	212	11	0	0	0	0	0	0	0	0	0	0	0	0	0	0	0	0	0	0	0	0	0	0	0	0	0
samples/krx-tobe/jldfil10601/websquare/jldfil10601.xml	1	0	0	0	0	0	0	3	3	3	6	3	3	0	0	4	4	0	0	0	0	80	3	0	0	0	0	0	0	0	0	0	0	0	0	0	0	0	0	0	0	0	0	0	0	0	0	0
samples/krx-tobe/jldfil10602/websquare/jldfil10602.xml	1	0	0	0	0	0	6	27	27	27	54	8	27	0	0	0	0	9	60	9	60	570	30	0	0	0	0	0	0	0	0	0	0	0	0	0	0	0	0	0	0	0	0	0	0	0	0	0
samples/krx-tobe/jldfil10602_pop/websquare/jldfil10602_pop.xml	1	0	0	0	0	0	0	2	2	2	4	2	2	0	0	0	0	0	0	0	0	52	2	0	0	0	0	0	0	0	0	0	0	0	0	0	0	0	0	0	0	0	0	0	0	0	0	0
samples/krx-tobe/jldfil10603/websquare/jldfil10603.xml	1	0	0	0	0	0	3	25	25	25	50	10	25	0	0	0	0	18	51	18	51	631	35	0	0	0	0	0	0	0	0	0	0	0	0	0	0	0	0	0	0	0	0	0	0	0	0	0
samples/krx-tobe/jldfil10604/websquare/jldfil10604.xml	1	0	0	0	0	0	3	3	3	3	6	3	3	0	0	0	0	0	0	0	0	75	3	0	0	0	0	0	0	0	0	0	0	0	0	0	0	0	0	0	0	0	0	0	0	0	0	0
samples/krx-tobe/jldfil10605/websquare/jldfil10605.xml	1	0	0	0	0	0	3	13	13	13	26	7	13	0	0	0	0	1	13	1	13	257	13	0	0	0	0	0	0	0	0	0	0	0	0	0	0	0	0	0	0	0	0	0	0	0	0	0
samples/krx-tobe/jldfil10606/websquare/jldfil10606.xml	1	0	0	0	0	0	1	8	8	8	16	5	8	0	0	0	0	5	18	5	18	188	38	0	0	0	0	0	0	0	0	0	0	0	0	0	0	0	0	0	0	0	0	0	0	0	0	0
samples/krx-tobe/jldfil10607/websquare/jldfil10607.xml	1	0	0	1	1	8	7	30	30	30	60	10	30	0	0	1	1	10	63	10	63	643	34	0	0	0	0	0	0	0	0	0	0	0	0	0	0	0	0	0	0	0	0	0	0	0	0	0
samples/krx-tobe/jldfil10608/websquare/jldfil10608.xml	1	0	0	0	0	0	3	25	25	25	50	10	25	0	0	0	0	18	51	18	51	631	35	0	0	0	0	0	0	0	0	0	0	0	0	0	0	0	0	0	0	0	0	0	0	0	0	0
samples/krx-tobe/jldfil10609/websquare/jldfil10609.xml	1	0	0	0	0	0	3	13	13	13	26	7	13	0	0	0	0	1	13	1	13	257	13	0	0	0	0	0	0	0	0	0	0	0	0	0	0	0	0	0	0	0	0	0	0	0	0	0
samples/krx-tobe/jldfil10610/websquare/jldfil10610.xml	1	0	0	0	0	0	1	8	8	8	16	5	8	0	0	0	0	5	18	5	18	188	38	0	0	0	0	0	0	0	0	0	0	0	0	0	0	0	0	0	0	0	0	0	0	0	0	0
samples/krx-tobe/jldfil11000/websquare/jldfil11000.xml	1	0	0	0	0	1	5	19	19	19	38	10	19	0	0	0	0	9	47	9	47	430	26	0	0	0	0	0	0	0	0	0	0	0	0	0	0	0	0	0	0	0	0	0	0	0	0	0
samples/krx-tobe/jldfil11010/websquare/jldfil11010.xml	1	0	0	2	2	9	27	66	66	66	132	34	66	0	0	8	8	50	123	50	123	1729	84	0	0	0	0	0	0	0	0	0	0	0	0	0	0	0	0	0	0	0	0	0	0	0	0	0
samples/krx-tobe/jldfil11020/websquare/jldfil11020.xml	1	0	0	0	0	0	4	20	20	20	40	7	20	0	0	0	0	10	47	10	47	452	27	0	0	0	0	0	0	0	0	0	0	0	0	0	0	0	0	0	0	0	0	0	0	0	0	0
samples/krx-tobe/jldfil11030/websquare/jldfil11030.xml	1	0	0	0	0	0	0	2	2	2	4	2	2	0	0	0	0	0	0	0	0	52	2	0	0	0	0	0	0	0	0	0	0	0	0	0	0	0	0	0	0	0	0	0	0	0	0	0
samples/krx-tobe/jldfil11031/websquare/jldfil11031.xml	1	0	0	0	0	0	0	2	2	2	4	2	2	0	0	0	0	0	0	0	0	52	2	0	0	0	0	0	0	0	0	0	0	0	0	0	0	0	0	0	0	0	0	0	0	0	0	0
samples/krx-tobe/jldfil11032/websquare/jldfil11032.xml	1	0	0	0	0	0	1	4	4	4	8	3	4	0	0	0	0	10	19	10	19	153	8	0	0	0	0	0	0	0	0	0	0	0	0	0	0	0	0	0	0	0	0	0	0	0	0	0
samples/krx-tobe/jldfil11033/websquare/jldfil11033.xml	1	0	0	0	0	0	0	2	2	2	4	2	2	0	0	0	0	0	0	0	0	52	2	0	0	0	0	0	0	0	0	0	0	0	0	0	0	0	0	0	0	0	0	0	0	0	0	0
samples/krx-tobe/jldfil11034/websquare/jldfil11034.xml	1	0	0	0	0	0	0	2	2	2	4	2	2	0	0	0	0	0	0	0	0	52	2	0	0	0	0	0	0	0	0	0	0	0	0	0	0	0	0	0	0	0	0	0	0	0	0	0
samples/krx-tobe/jldfil11040/websquare/jldfil11040.xml	1	0	0	0	0	0	4	19	19	19	38	12	19	0	0	0	0	6	26	6	26	432	20	0	0	0	0	0	0	0	0	0	0	0	0	0	0	0	0	0	0	0	0	0	0	0	0	0
samples/krx-tobe/jldfil11050/websquare/jldfil11050.xml	1	0	0	0	0	0	9	20	20	20	40	11	20	0	0	0	0	12	52	12	52	474	29	0	0	0	0	0	0	0	0	0	0	0	0	0	0	0	0	0	0	0	0	0	0	0	0	0
samples/krx-tobe/jldfil11060/websquare/jldfil11060.xml	1	0	0	0	0	0	9	34	34	34	68	18	34	0	0	4	4	24	73	24	73	893	48	0	0	0	0	0	0	0	0	0	0	0	0	0	0	0	0	0	0	0	0	0	0	0	0	0
samples/krx-tobe/jldfil11060/websquare/jldfil11060_layer_layer1.xml	0	0	0	0	0	0	2	2	2	2	4	2	2	0	0	5	5	0	0	0	0	27	2	0	0	0	0	0	0	0	0	0	0	0	0	0	0	0	0	0	0	0	0	0	0	0	0	0
samples/krx-tobe/jldfil11070/websquare/jldfil11070.xml	1	0	0	0	0	0	9	20	20	20	40	11	20	0	0	0	0	12	52	12	52	473	29	0	0	0	0	0	0	0	0	0	0	0	0	0	0	0	0	0	0	0	0	0	0	0	0	0
samples/krx-tobe/jldfil11080/websquare/jldfil11080.xml	1	0	0	0	0	0	9	33	33	33	66	17	33	0	0	4	4	20	68	20	68	848	43	0	0	0	0	0	0	0	0	0	0	0	0	0	0	0	0	0	0	0	0	0	0	0	0	0
samples/krx-tobe/jldfil11080/websquare/jldfil11080_layer_layer1.xml	0	0	0	0	0	0	2	2	2	2	4	2	2	0	0	5	5	0	0	0	0	27	2	0	0	0	0	0	0	0	0	0	0	0	0	0	0	0	0	0	0	0	0	0	0	0	0	0
samples/krx-tobe/jldfil15000/websquare/jldfil15000.xml	1	0	0	0	0	0	3	14	14	14	28	8	14	0	0	0	0	5	23	5	23	311	16	0	0	0	0	0	0	0	0	0	0	0	0	0	0	0	0	0	0	0	0	0	0	0	0	0
samples/krx-tobe/jldfil15001/websquare/jldfil15001.xml	1	0	0	0	0	0	7	14	14	14	28	7	14	0	0	0	0	13	37	13	37	365	79	0	0	0	0	0	0	0	0	0	0	0	0	0	0	0	0	0	0	0	0	0	0	0	0	0
samples/krx-tobe/jldfil15002/websquare/jldfil15002.xml	1	0	0	0	0	0	4	14	14	14	28	8	14	0	0	0	0	4	23	4	23	305	16	0	0	0	0	0	0	0	0	0	0	0	0	0	0	0	0	0	0	0	0	0	0	0	0	0
samples/krx-tobe/jldfil15003/websquare/jldfil15003.xml	1	0	0	2	2	8	9	13	13	13	26	6	13	0	0	0	0	13	40	13	40	351	67	0	0	0	0	0	0	0	0	0	0	0	0	0	0	0	0	0	0	0	0	0	0	0	0	0
samples/krx-tobe/jldfil15004/websquare/jldfil15004.xml	1	0	0	0	0	0	0	2	2	2	4	2	2	0	0	0	0	0	0	0	0	52	2	0	0	0	0	0	0	0	0	0	0	0	0	0	0	0	0	0	0	0	0	0	0	0	0	0
samples/krx-tobe/jldfil15100/websquare/jldfil15100.xml	1	0	0	0	0	0	5	13	13	13	26	7	13	0	0	0	0	4	22	4	22	286	15	0	0	0	0	0	0	0	0	0	0	0	0	0	0	0	0	0	0	0	0	0	0	0	0	0
samples/krx-tobe/jldfil15101/websquare/jldfil15101.xml	1	0	0	2	2	8	9	14	14	14	28	7	14	0	0	0	0	20	49	20	49	413	72	0	0	0	0	0	0	0	0	0	0	0	0	0	0	0	0	0	0	0	0	0	0	0	0	0
samples/krx-tobe/jldfil15200/websquare/jldfil15200.xml	1	0	0	0	0	0	0	3	3	3	6	2	3	0	0	0	1	0	0	0	0	71	3	0	0	0	0	0	0	0	0	0	0	0	0	0	0	0	0	0	0	0	0	0	0	0	0	0
samples/krx-tobe/jldfil15300/websquare/jldfil15300.xml	1	0	0	0	0	0	5	13	13	13	26	9	13	0	0	0	0	7	23	7	23	305	18	0	0	0	0	0	0	0	0	0	0	0	0	0	0	0	0	0	0	0	0	0	0	0	0	0
samples/krx-tobe/jldfil15301/websquare/jldfil15301.xml	1	0	0	0	0	0	3	8	8	8	16	6	8	0	0	0	0	4	14	4	14	204	10	0	0	0	0	0	0	0	0	0	0	0	0	0	0	0	0	0	0	0	0	0	0	0	0	0
samples/krx-tobe/jldfil15302/websquare/jldfil15302.xml	1	0	0	0	0	0	0	12	12	12	24	12	12	0	0	0	0	2	11	2	11	246	12	0	0	0	0	0	0	0	0	0	0	0	0	0	0	0	0	0	0	0	0	0	0	0	0	0
samples/krx-tobe/jldfil15303/websquare/jldfil15303.xml	1	0	0	0	0	0	6	13	13	13	26	9	13	0	0	0	0	14	32	14	32	345	20	0	0	0	0	0	0	0	0	0	0	0	0	0	0	0	0	0	0	0	0	0	0	0	0	0
samples/krx-tobe/jldfil15304/websquare/jldfil15304.xml	1	0	0	0	0	0	0	5	5	5	10	5	5	0	0	0	0	1	1	1	1	109	5	0	0	0	0	0	0	0	0	0	0	0	0	0	0	0	0	0	0	0	0	0	0	0	0	0
samples/krx-tobe/jldfil15400/websquare/jldfil15400.xml	1	0	0	0	0	1	4	17	17	17	34	10	17	0	0	0	0	14	38	14	38	410	36	0	0	0	0	0	0	0	0	0	0	0	0	0	0	0	0	0	0	0	0	0	0	0	0	0
samples/krx-tobe/jldfil15401/websquare/jldfil15401.xml	1	0	0	0	0	0	1	3	3	3	6	3	3	0	0	0	0	3	5	3	5	85	7	0	0	0	0	0	0	0	0	0	0	0	0	0	0	0	0	0	0	0	0	0	0	0	0	0
samples/krx-tobe/jldfil15500/websquare/jldfil15500.xml	1	0	0	0	0	0	3	13	13	13	26	8	13	0	0	0	0	4	22	4	22	278	15	0	0	0	0	0	0	0	0	0	0	0	0	0	0	0	0	0	0	0	0	0	0	0	0	0
samples/krx-tobe/jldfil15600/websquare/jldfil15600.xml	1	0	0	0	0	0	3	11	11	11	22	6	11	0	0	0	0	3	20	3	20	241	13	0	0	0	0	0	0	0	0	0	0	0	0	0	0	0	0	0	0	0	0	0	0	0	0	0
samples/krx-tobe/jldfil15700/websquare/jldfil15700.xml	1	0	0	0	0	0	2	8	8	8	16	5	8	0	0	0	0	2	12	2	12	164	10	0	0	0	0	0	0	0	0	0	0	0	0	0	0	0	0	0	0	0	0	0	0	0	0	0
samples/krx-tobe/jldfil15800/websquare/jldfil15800.xml	1	0	0	0	0	0	6	13	13	13	26	7	13	0	0	0	0	2	15	2	15	253	15	0	0	0	0	0	0	0	0	0	0	0	0	0	0	0	0	0	0	0	0	0	0	0	0	0
samples/krx-tobe/jldfil15801/websquare/jldfil15801.xml	1	0	0	0	0	1	5	12	12	12	24	5	12	0	0	0	0	3	20	3	20	258	78	0	0	0	0	0	0	0	0	0	0	0	0	0	0	0	0	0	0	0	0	0	0	0	0	0
samples/krx-tobe/jldfil15900/websquare/jldfil15900.xml	1	0	0	0	0	0	5	17	17	17	34	11	17	0	0	0	0	9	34	9	34	390	21	0	0	0	0	0	0	0	0	0	0	0	0	0	0	0	0	0	0	0	0	0	0	0	0	0
samples/krx-tobe/jldfil15901/websquare/jldfil15901.xml	1	0	0	2	2	8	9	13	13	13	26	6	13	0	0	0	0	13	39	13	39	352	76	0	0	0	0	0	0	0	0	0	0	0	0	0	0	0	0	0	0	0	0	0	0	0	0	0
samples/krx-tobe/jldfil16000/websquare/jldfil16000.xml	1	0	0	0	0	0	1	8	8	8	16	4	8	0	0	0	0	7	20	7	20	220	11	0	0	0	0	0	0	0	0	0	0	0	0	0	0	0	0	0	0	0	0	0	0	0	0	0
samples/krx-tobe/jldfil16100/websquare/jldfil16100.xml	1	0	0	0	0	0	2	13	13	13	26	6	13	0	0	0	0	9	31	9	31	344	17	0	0	0	0	0	0	0	0	0	0	0	0	0	0	0	0	0	0	0	0	0	0	0	5	0
samples/krx-tobe/jldfil16200/websquare/jldfil16200.xml	1	0	0	0	0	0	7	39	39	39	78	15	39	0	0	9	9	43	116	43	116	1123	89	0	0	0	0	0	0	0	0	0	0	0	0	0	0	0	0	0	0	0	0	0	0	0	0	0
samples/krx-tobe/jldfil16201/websquare/jldfil16201.xml	1	0	0	0	0	0	2	7	7	7	14	4	7	0	0	0	0	3	11	3	11	182	9	0	0	0	0	0	0	0	0	0	0	0	0	0	0	0	0	0	0	0	0	0	0	0	0	0
samples/krx-tobe/jldfil16202/websquare/jldfil16202.xml	1	0	0	0	0	0	4	10	10	10	20	5	10	0	0	0	0	2	14	2	14	222	10	0	0	0	0	0	0	0	0	0	0	0	0	0	0	0	0	0	0	0	0	0	0	0	0	0
samples/krx-tobe/jldfil16300/websquare/jldfil16300.xml	1	0	0	0	0	0	3	20	20	20	40	13	20	0	0	0	0	16	49	16	49	502	43	0	0	0	0	0	0	0	0	0	0	0	0	0	0	0	0	0	0	0	0	0	0	0	0	0
samples/krx-tobe/jldfil16301/websquare/jldfil16301.xml	1	0	0	0	0	0	5	17	17	17	34	10	17	0	0	0	0	14	46	14	46	437	31	0	0	0	0	0	0	0	0	0	0	0	0	0	0	0	0	0	0	0	0	0	0	0	0	0
samples/krx-tobe/jldfil16302/websquare/jldfil16302.xml	1	0	0	0	0	0	0	2	2	2	4	2	2	0	0	0	0	0	0	0	0	52	2	0	0	0	0	0	0	0	0	0	0	0	0	0	0	0	0	0	0	0	0	0	0	0	0	0
samples/krx-tobe/jldfil16400/websquare/jldfil16400.xml	1	0	0	0	0	0	3	17	17	17	34	8	17	0	0	0	0	19	55	19	55	539	30	0	0	0	0	0	0	0	0	0	0	0	0	0	0	0	0	0	0	0	0	0	0	0	0	0
samples/krx-tobe/jldfil16400n/websquare/jldfil16400n.xml	1	0	0	2	2	8	6	12	12	12	24	7	12	0	0	0	0	18	41	18	41	369	19	0	0	0	0	0	0	0	0	0	0	0	0	0	0	0	0	0	0	0	0	0	0	0	0	0
samples/krx-tobe/jldfil16401/websquare/jldfil16401.xml	1	0	0	0	0	0	6	15	15	15	30	9	15	0	0	0	0	5	26	5	26	339	16	0	0	0	0	0	0	0	0	0	0	0	0	0	0	0	0	0	0	0	0	0	0	0	0	0
samples/krx-tobe/jldfil16402/websquare/jldfil16402.xml	1	0	0	0	0	0	8	19	19	19	38	11	19	0	0	0	0	7	34	7	34	441	20	0	0	0	0	0	0	0	0	0	0	0	0	0	0	0	0	0	0	0	0	0	0	0	0	0
samples/krx-tobe/jldfil16403/websquare/jldfil16403.xml	1	0	0	0	0	0	5	16	16	16	32	11	16	0	0	4	4	8	26	8	26	430	25	0	0	0	0	0	0	0	0	0	0	0	0	0	0	0	0	0	0	0	0	0	0	0	0	0
samples/krx-tobe/jldfil16403n/websquare/jldfil16403n.xml	1	0	0	0	0	0	5	30	30	30	60	11	30	0	0	4	4	8	68	8	68	723	56	0	0	0	0	0	0	0	0	0	0	0	0	0	0	0	0	0	0	0	0	0	0	0	0	0
samples/krx-tobe/jldfil16404/websquare/jldfil16404.xml	1	0	0	0	0	0	3	16	16	16	32	10	16	0	0	0	0	8	27	8	27	423	26	0	0	0	0	0	0	0	0	0	0	0	0	0	0	0	0	0	0	0	0	0	0	0	0	0
samples/krx-tobe/jldfil16404n/websquare/jldfil16404n.xml	1	0	0	0	0	0	6	28	28	28	56	10	28	0	0	0	0	8	63	8	63	675	56	0	0	0	0	0	0	0	0	0	0	0	0	0	0	0	0	0	0	0	0	0	0	0	0	0
samples/krx-tobe/jldfil16405/websquare/jldfil16405.xml	1	0	0	0	0	0	6	17	17	17	34	10	17	0	0	0	0	13	39	13	39	470	21	0	0	0	0	0	0	0	0	0	0	0	0	0	0	0	0	0	0	0	0	0	0	0	0	0
samples/krx-tobe/jldfil16406/websquare/jldfil16406.xml	0	0	0	0	0	0	0	4	4	4	8	3	4	0	0	5	5	0	0	0	0	83	4	0	0	0	0	0	0	0	0	0	0	0	0	0	0	0	0	0	0	0	0	0	0	0	0	0
samples/krx-tobe/jldfil16406c/websquare/jldfil16406c.xml	1	0	0	0	0	0	6	27	27	27	54	15	27	0	0	0	0	17	59	17	59	723	33	0	0	0	0	0	0	0	0	0	0	0	0	0	0	0	0	0	0	0	0	0	0	0	0	0
samples/krx-tobe/jldfil16407/websquare/jldfil16407.xml	0	0	0	0	0	0	0	4	4	4	8	3	4	0	0	5	5	0	0	0	0	83	4	0	0	0	0	0	0	0	0	0	0	0	0	0	0	0	0	0	0	0	0	0	0	0	0	0
samples/krx-tobe/jldfil16407c/websquare/jldfil16407c.xml	1	0	0	0	0	0	7	26	26	26	52	14	26	0	0	0	0	20	58	20	58	694	32	0	0	0	0	0	0	0	0	0	0	0	0	0	0	0	0	0	0	0	0	0	0	0	0	0
samples/krx-tobe/jldfil16500/websquare/jldfil16500.xml	1	0	0	0	0	0	16	19	19	19	38	9	19	0	0	0	0	12	53	12	53	490	31	0	0	0	0	0	0	0	0	0	0	0	0	0	0	0	0	0	0	0	0	0	0	0	0	0
samples/krx-tobe/jldfil16501/websquare/jldfil16501.xml	1	0	0	0	0	0	7	27	27	27	54	15	27	0	0	0	0	25	70	25	70	892	37	0	0	0	0	0	0	0	0	0	0	0	0	0	0	0	0	0	0	0	0	0	0	0	0	0
samples/krx-tobe/jldfil16502/websquare/jldfil16502.xml	1	0	0	0	0	0	1	4	4	4	8	3	4	0	0	0	0	3	8	3	8	105	13	0	0	0	0	0	0	0	0	0	0	0	0	0	0	0	0	0	0	0	0	0	0	0	0	0
samples/krx-tobe/jldfil16503/websquare/jldfil16503.xml	1	0	0	0	0	0	1	4	4	4	8	3	4	0	0	0	0	3	8	3	8	105	8	0	0	0	0	0	0	0	0	0	0	0	0	0	0	0	0	0	0	0	0	0	0	0	0	0
samples/krx-tobe/jldfil16504/websquare/jldfil16504.xml	1	0	0	1	1	9	5	20	20	20	40	9	20	0	0	1	1	18	54	18	54	534	35	0	0	0	0	0	0	0	0	0	0	0	0	0	0	0	0	0	0	0	0	0	0	0	0	0
samples/krx-tobe/jldfil16505/websquare/jldfil16505.xml	1	0	0	0	0	0	1	29	29	29	58	9	29	0	0	0	0	6	67	6	67	650	54	0	0	0	0	0	0	0	0	0	0	0	0	0	0	0	0	0	0	0	0	0	0	0	0	0
samples/krx-tobe/jldfil16506/websquare/jldfil16506.xml	1	0	0	0	0	0	5	27	27	27	54	10	27	0	0	0	0	13	68	13	68	676	44	0	0	0	0	0	0	0	0	0	0	0	0	0	0	0	0	0	0	0	0	0	0	0	0	0
samples/krx-tobe/jldfil16507/websquare/jldfil16507.xml	1	0	0	1	1	9	6	19	19	19	38	9	19	0	0	1	1	4	27	4	27	374	24	0	0	0	0	0	0	0	0	0	0	0	0	0	0	0	0	0	0	0	0	0	0	0	0	0
samples/krx-tobe/jldfil16508/websquare/jldfil16508.xml	1	0	0	1	1	9	6	19	19	19	38	9	19	0	0	1	1	4	27	4	27	371	24	0	0	0	0	0	0	0	0	0	0	0	0	0	0	0	0	0	0	0	0	0	0	0	0	0
samples/krx-tobe/jldfil16509/websquare/jldfil16509.xml	1	0	0	0	0	0	1	29	29	29	58	9	29	0	0	0	0	3	61	3	61	608	54	0	0	0	0	0	0	0	0	0	0	0	0	0	0	0	0	0	0	0	0	0	0	0	0	0
samples/krx-tobe/jldfil16510/websquare/jldfil16510.xml	1	0	0	0	0	0	4	27	27	27	54	10	27	0	0	0	0	10	62	10	62	634	44	0	0	0	0	0	0	0	0	0	0	0	0	0	0	0	0	0	0	0	0	0	0	0	0	0
samples/krx-tobe/jldfil16511/websquare/jldfil16511.xml	1	0	0	0	0	0	2	3	3	3	6	3	3	0	0	0	0	2	4	2	4	90	4	0	0	0	0	0	0	0	0	0	0	0	0	0	0	0	0	0	0	0	0	0	0	0	0	0
samples/krx-tobe/jldfil16513/websquare/jldfil16513.xml	1	0	0	0	0	0	2	3	3	3	6	3	3	0	0	0	0	2	4	2	4	90	4	0	0	0	0	0	0	0	0	0	0	0	0	0	0	0	0	0	0	0	0	0	0	0	0	0
samples/krx-tobe/jldfil16601/websquare/jldfil16601.xml	1	0	0	0	0	0	2	15	15	15	30	9	15	0	0	0	0	6	20	6	20	362	18	0	0	0	0	0	0	0	0	0	0	0	0	0	0	0	0	0	0	0	0	0	0	0	0	0
samples/krx-tobe/jldfil16601/websquare/jldfil16601_layer_layer1.xml	0	0	0	0	0	0	1	1	1	1	2	1	1	0	0	2	2	0	0	0	0	18	1	0	0	0	0	0	0	0	0	0	0	0	0	0	0	0	0	0	0	0	0	0	0	0	0	0
samples/krx-tobe/jldfil16602/websquare/jldfil16602.xml	1	0	0	0	0	2	5	30	30	30	60	15	30	0	0	2	2	24	66	24	66	838	56	0	0	0	0	0	0	0	0	0	0	0	0	0	0	0	0	0	0	0	0	0	0	0	0	0
samples/krx-tobe/jldfil16603/websquare/jldfil16603.xml	1	0	0	0	0	0	4	22	22	22	44	12	22	0	0	2	2	14	44	14	44	608	92	0	0	0	0	0	0	0	0	0	0	0	0	0	0	0	0	0	0	0	0	0	0	0	0	0
samples/krx-tobe/jldfil16604/websquare/jldfil16604.xml	1	0	0	0	0	0	2	11	11	11	22	6	11	0	0	0	0	4	16	4	16	253	12	0	0	0	0	0	0	0	0	0	0	0	0	0	0	0	0	0	0	0	0	0	0	0	0	0
samples/krx-tobe/jldfil16605/websquare/jldfil16605.xml	1	0	0	0	0	2	9	35	35	35	70	18	35	1	0	2	2	27	79	27	79	993	87	0	0	0	0	0	0	0	0	0	0	0	0	0	0	0	0	0	0	0	0	0	0	0	0	0
samples/krx-tobe/jldfil16606/websquare/jldfil16606.xml	1	0	0	0	0	0	4	25	25	25	50	14	25	1	0	2	2	16	52	16	52	709	95	0	0	0	0	0	0	0	0	0	0	0	0	0	0	0	0	0	0	0	0	0	0	0	0	0
samples/krx-tobe/jldfil16607/websquare/jldfil16607.xml	1	0	0	0	0	0	2	10	10	10	20	6	10	0	0	0	0	4	14	4	14	233	11	0	0	0	0	0	0	0	0	0	0	0	0	0	0	0	0	0	0	0	0	0	0	0	0	0
samples/krx-tobe/jldfil16608/websquare/jldfil16608.xml	1	0	0	0	0	0	4	11	11	11	22	6	11	0	0	0	0	11	31	11	31	298	48	0	0	0	0	0	0	0	0	0	0	0	0	0	0	0	0	0	0	0	0	0	0	0	0	0
samples/krx-tobe/jldfil16609/websquare/jldfil16609.xml	1	0	0	1	1	8	4	12	12	12	24	7	12	0	0	1	1	4	25	4	25	273	54	0	0	0	0	0	0	0	0	0	0	0	0	0	0	0	0	0	0	0	0	0	0	0	0	0
samples/krx-tobe/jldfil16610/websquare/jldfil16610.xml	1	0	0	0	0	0	0	2	2	2	4	2	2	0	0	0	0	0	0	0	0	52	2	0	0	0	0	0	0	0	0	0	0	0	0	0	0	0	0	0	0	0	0	0	0	0	0	0
samples/krx-tobe/jldfil16611/websquare/jldfil16611.xml	1	0	0	0	0	0	4	11	11	11	22	7	11	0	0	0	0	4	17	4	17	249	12	0	0	0	0	0	0	0	0	0	0	0	0	0	0	0	0	0	0	0	0	0	0	0	0	0
samples/krx-tobe/jldfil16612/websquare/jldfil16612.xml	1	0	0	0	0	0	5	11	11	11	22	6	11	0	0	0	0	11	31	11	31	298	47	0	0	0	0	0	0	0	0	0	0	0	0	0	0	0	0	0	0	0	0	0	0	0	0	0
samples/krx-tobe/jldfil16613/websquare/jldfil16613.xml	1	0	0	0	0	0	1	4	4	4	8	4	4	0	0	0	0	2	0	2	0	106	22	0	0	0	0	0	0	0	0	0	0	0	0	0	0	0	0	0	0	0	0	0	0	0	0	0
samples/krx-tobe/jldfil16650/websquare/jldfil16650.xml	1	0	0	0	0	0	0	4	4	4	8	2	4	0	0	0	0	0	3	0	3	93	4	0	0	0	0	0	0	0	0	0	0	0	0	0	0	0	0	0	0	0	0	0	0	0	0	0
samples/krx-tobe/jldfil16700/websquare/jldfil16700.xml	1	0	0	0	0	0	0	3	3	3	6	3	3	0	0	0	0	0	0	0	0	73	4	0	0	0	0	0	0	0	0	0	0	0	0	0	0	0	0	0	0	0	0	0	0	0	0	0
samples/krx-tobe/jldfil16800/websquare/jldfil16800.xml	1	0	0	0	0	0	4	15	15	15	30	9	15	0	0	0	0	5	26	5	26	327	17	0	0	0	0	0	0	0	0	0	0	0	0	0	0	0	0	0	0	0	0	0	0	0	0	0
samples/krx-tobe/jldfil16801/websquare/jldfil16801.xml	1	0	0	2	2	8	14	18	18	18	36	6	18	0	0	0	0	13	54	13	54	457	68	0	0	0	0	0	0	0	0	0	0	0	0	0	0	0	0	0	0	0	0	0	0	0	0	0
samples/krx-tobe/jldfil16802/websquare/jldfil16802.xml	1	0	0	0	0	0	0	2	2	2	4	2	2	0	0	0	0	0	0	0	0	52	2	0	0	0	0	0	0	0	0	0	0	0	0	0	0	0	0	0	0	0	0	0	0	0	0	0
samples/krx-tobe/jldfil17000/websquare/jldfil17000.xml	1	0	0	0	0	0	4	15	15	15	30	9	15	0	0	0	0	5	26	5	26	327	17	0	0	0	0	0	0	0	0	0	0	0	0	0	0	0	0	0	0	0	0	0	0	0	0	0
samples/krx-tobe/jldfil17001/websquare/jldfil17001.xml	1	0	0	2	2	8	9	13	13	13	26	6	13	0	0	0	0	13	39	13	39	352	76	0	0	0	0	0	0	0	0	0	0	0	0	0	0	0	0	0	0	0	0	0	0	0	0	0
samples/krx-tobe/jldfil17002/websquare/jldfil17002.xml	1	0	0	0	0	0	0	2	2	2	4	2	2	0	0	0	0	0	0	0	0	52	2	0	0	0	0	0	0	0	0	0	0	0	0	0	0	0	0	0	0	0	0	0	0	0	0	0
samples/krx-tobe/jldfil17100/websquare/jldfil17100.xml	1	0	0	0	0	0	2	15	15	15	30	8	15	0	0	0	0	9	28	9	28	371	17	0	0	0	0	0	0	0	0	0	0	0	0	0	0	0	0	0	0	0	0	0	0	0	3	0
samples/krx-tobe/jldfil17101/websquare/jldfil17101.xml	1	0	0	0	0	0	5	16	16	16	32	11	16	0	0	0	0	6	27	6	27	354	19	0	0	0	0	0	0	0	0	0	0	0	0	0	0	0	0	0	0	0	0	0	0	0	0	0
samples/krx-tobe/jldfil17102/websquare/jldfil17102.xml	1	0	0	2	2	8	6	20	20	20	40	7	20	0	0	0	0	19	53	19	53	544	61	0	0	0	0	0	0	0	0	0	0	0	0	0	0	0	0	0	0	0	0	0	0	0	0	0
samples/krx-tobe/jldfil17200/websquare/jldfil17200.xml	1	0	0	0	0	0	2	4	4	4	8	3	4	0	0	0	0	0	1	0	1	83	4	0	0	0	0	0	0	0	0	0	0	0	0	0	0	0	0	0	0	0	0	0	0	0	0	0
samples/krx-tobe/jldfil17300/websquare/jldfil17300.xml	1	0	0	0	0	0	5	20	20	20	40	10	20	0	0	0	0	9	51	9	51	452	26	0	0	0	0	0	0	0	0	0	0	0	0	0	0	0	0	0	0	0	0	0	0	0	0	0
samples/krx-tobe/jldfil17301/websquare/jldfil17301.xml	1	0	0	0	0	13	8	34	34	34	68	12	34	0	0	0	0	16	73	16	73	861	75	0	0	0	0	0	0	0	0	0	0	0	0	0	0	0	0	0	0	0	0	0	0	0	0	0
samples/krx-tobe/jldfil17302/websquare/jldfil17302.xml	1	0	0	0	0	0	4	18	18	18	36	9	18	0	0	0	0	13	46	13	46	454	72	0	0	0	0	0	0	0	0	0	0	0	0	0	0	0	0	0	0	0	0	0	0	0	0	0
samples/krx-tobe/jldfil17400/websquare/jldfil17400.xml	1	0	0	0	0	0	1	3	3	3	6	3	3	0	0	0	0	3	5	3	5	88	7	0	0	0	0	0	0	0	0	0	0	0	0	0	0	0	0	0	0	0	0	0	0	0	0	0
samples/krx-tobe/jldfil18000/websquare/jldfil18000.xml	1	0	0	0	0	0	10	26	26	26	52	15	26	0	0	2	2	11	36	11	36	614	28	0	0	0	0	0	0	0	0	0	0	0	0	0	0	0	0	0	0	0	0	0	0	0	0	0
samples/krx-tobe/jldfil19000/websquare/jldfil19000.xml	1	0	0	1	1	8	1	3	3	3	6	2	3	0	0	1	1	0	1	0	1	68	4	0	0	0	0	0	0	0	0	0	0	0	0	0	0	0	0	0	0	0	0	0	0	0	0	0
samples/krx-tobe/jldfil20000/websquare/jldfil20000.xml	1	0	0	1	1	8	4	8	8	8	16	6	8	0	0	1	1	12	23	12	23	236	60	0	0	0	0	0	0	0	0	0	0	0	0	0	0	0	0	0	0	0	0	0	0	0	0	0
samples/krx-tobe/jldfil20010/websquare/jldfil20010.xml	1	0	0	0	0	0	0	5	5	5	10	4	5	0	0	0	0	1	5	1	5	117	5	0	0	0	0	0	0	0	0	0	0	0	0	0	0	0	0	0	0	0	0	0	0	0	0	0
samples/krx-tobe/jldfil20050/websquare/jldfil20050.xml	1	0	0	0	0	0	3	6	6	6	12	5	6	0	0	0	0	12	19	12	19	199	22	0	0	0	0	0	0	0	0	0	0	0	0	0	0	0	0	0	0	0	0	0	0	0	0	0
samples/krx-tobe/jldfil20100/websquare/jldfil20100.xml	1	0	0	0	0	0	3	19	19	19	38	5	19	0	0	0	0	3	44	3	44	413	22	0	0	0	0	0	0	0	0	0	0	0	0	0	0	0	0	0	0	0	0	0	0	0	8	0
samples/krx-tobe/jldfil20200/websquare/jldfil20200.xml	1	0	0	0	0	0	1	7	7	7	14	6	7	0	0	0	0	2	6	2	6	154	7	0	0	0	0	0	0	0	0	0	0	0	0	0	0	0	0	0	0	0	0	0	0	0	0	0
samples/krx-tobe/jldfil20300/websquare/jldfil20300.xml	1	0	0	0	0	0	1	24	24	24	48	8	24	0	0	0	0	6	56	6	56	554	27	0	0	0	0	0	0	0	0	0	0	0	0	0	0	0	0	0	0	0	0	0	0	0	8	0
samples/krx-tobe/jldfil20301/websquare/jldfil20301.xml	1	0	0	0	0	0	1	26	26	26	52	10	26	0	0	0	0	7	60	7	60	601	29	0	0	0	0	0	0	0	0	0	0	0	0	0	0	0	0	0	0	0	0	0	0	0	8	0
samples/krx-tobe/jldfil20302/websquare/jldfil20302.xml	1	0	0	0	0	0	1	26	26	26	52	10	26	0	0	0	0	7	60	7	60	601	29	0	0	0	0	0	0	0	0	0	0	0	0	0	0	0	0	0	0	0	0	0	0	0	8	0
samples/krx-tobe/jldfil20303/websquare/jldfil20303.xml	1	0	0	0	0	0	1	27	27	27	54	10	27	0	0	0	0	7	63	7	63	622	30	0	0	0	0	0	0	0	0	0	0	0	0	0	0	0	0	0	0	0	0	0	0	0	8	0
samples/krx-tobe/jldfil20400/websquare/jldfil20400.xml	1	0	0	0	0	0	2	23	23	23	46	9	23	0	0	0	0	6	42	6	42	510	53	0	0	0	0	0	0	0	0	0	0	0	0	0	0	0	0	0	0	0	0	0	0	0	7	0
samples/krx-tobe/jldfil20500/websquare/jldfil20500.xml	1	0	0	0	0	0	2	18	18	18	36	6	18	0	0	2	2	5	40	5	40	401	19	0	0	0	0	0	0	0	0	0	0	0	0	0	0	0	0	0	0	0	0	0	0	0	0	0
samples/krx-tobe/jldfil20600/websquare/jldfil20600.xml	1	0	0	0	0	0	1	2	2	2	4	2	2	0	0	0	0	0	0	0	0	57	2	0	0	0	0	0	0	0	0	0	0	0	0	0	0	0	0	0	0	0	0	0	0	0	0	0
samples/krx-tobe/jldfil20700/websquare/jldfil20700.xml	1	0	0	0	0	0	4	9	9	9	18	4	9	0	0	0	0	5	18	5	18	236	14	0	0	0	0	0	0	0	0	0	0	0	0	0	0	0	0	0	0	0	0	0	0	0	0	0
samples/krx-tobe/jldfil20800/websquare/jldfil20800.xml	1	0	0	0	0	0	4	9	9	9	18	4	9	0	0	0	0	5	18	5	18	236	14	0	0	0	0	0	0	0	0	0	0	0	0	0	0	0	0	0	0	0	0	0	0	0	0	0
samples/krx-tobe/jldfil20900/websquare/jldfil20900.xml	1	0	0	0	0	0	4	9	9	9	18	4	9	0	0	0	0	5	18	5	18	236	14	0	0	0	0	0	0	0	0	0	0	0	0	0	0	0	0	0	0	0	0	0	0	0	0	0
samples/krx-tobe/jldfil21000/websquare/jldfil21000.xml	1	0	0	1	1	8	4	10	10	10	20	6	10	0	0	1	1	21	58	21	58	325	25	0	0	0	0	0	0	0	0	0	0	0	0	0	0	0	0	0	0	0	0	0	0	0	0	0
samples/krx-tobe/jldfil21100/websquare/jldfil21100.xml	1	0	0	1	1	8	8	21	21	21	42	12	21	0	0	1	1	10	57	10	57	474	25	0	0	0	0	0	0	0	0	0	0	0	0	0	0	0	0	0	0	0	0	0	0	0	0	0
samples/krx-tobe/jldfil21101/websquare/jldfil21101.xml	1	0	0	3	3	25	10	22	22	22	44	12	22	0	0	3	3	21	53	21	53	568	37	0	0	0	0	0	0	0	0	0	0	0	0	0	0	0	0	0	0	0	0	0	0	0	0	0
samples/krx-tobe/jldfil21102/websquare/jldfil21102.xml	1	0	0	2	2	16	5	16	16	16	32	11	16	0	0	2	2	11	32	11	32	393	22	0	0	0	0	0	0	0	0	0	0	0	0	0	0	0	0	0	0	0	0	0	0	0	0	0
samples/krx-tobe/jldfil21103/websquare/jldfil21103.xml	1	0	0	2	2	16	5	16	16	16	32	11	16	0	0	2	2	11	32	11	32	395	22	0	0	0	0	0	0	0	0	0	0	0	0	0	0	0	0	0	0	0	0	0	0	0	0	0
samples/krx-tobe/jldfil21104/websquare/jldfil21104.xml	1	0	0	0	0	0	1	6	6	6	12	4	6	0	0	2	2	2	8	2	8	149	6	0	0	0	0	0	0	0	0	0	0	0	0	0	0	0	0	0	0	0	0	0	0	0	0	0
samples/krx-tobe/jldfil21110/websquare/jldfil21110.xml	1	0	0	2	2	16	5	12	12	12	24	6	12	0	0	2	2	5	31	5	31	252	16	0	0	0	0	0	0	0	0	0	0	0	0	0	0	0	0	0	0	0	0	0	0	0	0	0
samples/krx-tobe/jldfil21111/websquare/jldfil21111.xml	1	0	0	0	0	0	2	8	8	8	16	6	8	0	0	0	0	3	13	3	13	176	9	0	0	0	0	0	0	0	0	0	0	0	0	0	0	0	0	0	0	0	0	0	0	0	0	0
samples/krx-tobe/jldfil21200/websquare/jldfil21200.xml	1	0	0	0	0	0	5	14	14	14	28	8	14	0	0	0	0	5	23	5	23	318	15	0	0	0	0	0	0	0	0	0	0	0	0	0	0	0	0	0	0	0	0	0	0	0	0	0
samples/krx-tobe/jldfil21210/websquare/jldfil21210.xml	1	0	0	0	0	0	5	16	16	16	32	10	16	0	0	0	0	6	24	6	24	350	17	0	0	0	0	0	0	0	0	0	0	0	0	0	0	0	0	0	0	0	0	0	0	0	0	0
samples/krx-tobe/jldfil21211/websquare/jldfil21211.xml	1	0	0	0	0	0	5	11	11	11	22	6	11	0	0	0	0	11	31	11	31	296	59	0	0	0	0	0	0	0	0	0	0	0	0	0	0	0	0	0	0	0	0	0	0	0	0	0
samples/krx-tobe/jldfil21212/websquare/jldfil21212.xml	1	0	0	0	0	4	16	28	28	28	56	15	28	0	0	0	0	20	68	20	68	731	68	0	0	0	0	0	0	0	0	0	0	0	0	0	0	2	0	0	0	0	0	0	1	0	4	3
samples/krx-tobe/jldfil22100/websquare/jldfil22100.xml	1	0	0	0	0	0	4	17	17	17	34	12	17	0	0	0	0	9	31	9	31	400	19	0	0	0	0	0	0	0	0	0	0	0	0	0	0	0	0	0	0	0	0	0	0	0	0	0
samples/krx-tobe/jldfil22110/websquare/jldfil22110.xml	1	0	0	0	0	0	7	43	43	43	86	23	43	0	0	0	0	39	88	39	88	1140	57	0	0	0	0	0	0	0	0	0	0	0	0	0	0	0	0	0	0	0	0	0	0	0	0	0
samples/krx-tobe/jldfil22120/websquare/jldfil22120.xml	1	0	0	0	0	0	5	14	14	14	28	4	14	0	0	0	0	10	33	10	33	344	18	0	0	0	0	0	0	0	0	0	0	0	0	0	0	0	0	0	0	0	0	0	0	0	0	0
samples/krx-tobe/jldfil22130/websquare/jldfil22130.xml	1	0	0	0	0	0	0	2	2	2	4	2	2	0	0	0	0	0	0	0	0	52	2	0	0	0	0	0	0	0	0	0	0	0	0	0	0	0	0	0	0	0	0	0	0	0	0	0
samples/krx-tobe/jldfil22131/websquare/jldfil22131.xml	1	0	0	0	0	0	0	2	2	2	4	2	2	0	0	0	0	0	0	0	0	52	2	0	0	0	0	0	0	0	0	0	0	0	0	0	0	0	0	0	0	0	0	0	0	0	0	0
samples/krx-tobe/jldfil25000/websquare/jldfil25000.xml	1	0	0	0	0	0	1	18	18	18	36	8	18	0	0	0	0	10	48	10	48	517	28	0	0	0	0	0	0	0	0	0	0	0	0	0	0	0	0	0	0	0	0	0	0	0	11	0
samples/krx-tobe/jldfil25001/websquare/jldfil25001.xml	1	0	0	0	0	0	4	7	7	7	14	4	7	0	0	0	0	3	10	3	10	162	8	0	0	0	0	0	0	0	0	0	0	0	0	0	0	0	0	0	0	0	0	0	0	0	0	0
samples/krx-tobe/jldfil25002/websquare/jldfil25002.xml	1	0	0	0	0	0	9	29	29	29	58	12	29	0	0	0	0	22	84	22	84	796	48	0	0	0	0	0	0	0	0	0	0	0	0	0	0	0	0	0	0	0	0	0	0	0	16	0
samples/krx-tobe/jldfil25003/websquare/jldfil25003.xml	1	0	0	0	0	0	1	10	10	10	20	8	10	0	0	0	0	10	22	10	22	312	19	0	0	0	0	0	0	0	0	0	0	0	0	0	0	0	0	0	0	0	0	0	0	0	8	0
samples/krx-tobe/jldfil25004/websquare/jldfil25004.xml	1	0	0	0	0	0	0	3	3	3	6	2	3	0	0	0	0	0	0	0	0	68	3	0	0	0	0	0	0	0	0	0	0	0	0	0	0	0	0	0	0	0	0	0	0	0	0	0
samples/krx-tobe/jldfil25050/websquare/jldfil25050.xml	1	0	0	0	0	0	5	23	23	23	46	11	23	0	0	0	0	16	33	16	33	582	27	0	0	0	0	0	0	0	0	0	0	0	0	0	0	0	0	0	0	0	0	0	0	0	0	0
samples/krx-tobe/jldfil25100/websquare/jldfil25100.xml	1	0	0	1	1	9	15	12	12	12	24	8	12	0	0	1	1	10	44	10	44	298	26	0	0	0	0	0	0	0	0	0	0	0	0	0	0	0	0	0	0	0	0	0	0	0	27	0
samples/krx-tobe/jldfil25101/websquare/jldfil25101.xml	1	0	0	2	2	17	37	38	38	38	76	10	38	0	0	2	2	18	116	18	116	982	266	0	0	0	0	0	0	0	0	0	0	0	0	0	0	0	0	0	5	0	0	0	0	0	8	5
samples/krx-tobe/jldfil25102/websquare/jldfil25102.xml	1	0	0	1	1	27	22	29	29	29	58	9	29	0	0	1	1	18	95	18	95	756	46	0	0	0	0	0	0	0	0	0	0	0	0	0	0	0	0	0	3	0	0	0	0	0	43	3
samples/krx-tobe/jldfil25103/websquare/jldfil25103.xml	1	0	0	0	0	18	19	10	10	10	20	6	10	0	0	0	0	12	57	12	57	349	24	0	0	0	0	0	0	0	0	0	0	0	0	0	0	0	0	0	0	0	0	0	0	0	37	0
samples/krx-tobe/jldfil25104/websquare/jldfil25104.xml	1	0	0	1	1	27	22	28	28	28	56	8	28	0	0	1	1	16	96	16	96	734	45	0	0	0	0	0	0	0	0	0	0	0	0	0	0	0	0	0	3	0	0	0	0	0	47	3
samples/krx-tobe/jldfil25105/websquare/jldfil25105.xml	1	0	0	1	1	9	19	25	25	25	50	8	25	0	0	1	1	17	77	17	77	619	115	0	0	0	0	0	0	0	0	0	0	0	0	0	0	0	0	0	4	0	0	0	0	0	8	4
samples/krx-tobe/jldfil25106/websquare/jldfil25106.xml	1	0	0	1	1	27	29	34	34	34	68	10	34	0	0	1	1	25	118	25	118	935	82	0	0	0	0	0	0	0	0	0	0	0	0	0	0	0	0	0	3	0	0	0	0	0	47	3
samples/krx-tobe/jldfil25107/websquare/jldfil25107.xml	1	0	0	1	1	9	24	34	34	34	68	10	34	0	0	1	1	25	115	25	115	895	69	0	0	0	0	0	0	0	0	0	0	0	0	0	0	0	0	0	3	0	0	0	0	0	32	3
samples/krx-tobe/jldfil25108/websquare/jldfil25108.xml	1	0	0	1	1	10	7	23	23	23	46	8	23	0	0	1	1	10	61	10	61	525	35	0	0	0	0	0	0	0	0	0	0	0	0	0	0	0	0	0	3	0	0	0	0	0	8	3
samples/krx-tobe/jldfil25109/websquare/jldfil25109.xml	1	0	0	1	1	9	7	19	19	19	38	8	19	0	0	1	1	10	49	10	49	444	35	0	0	0	0	0	0	0	0	0	0	0	0	0	0	0	0	0	2	0	0	0	0	0	8	2
samples/krx-tobe/jldfil25110/websquare/jldfil25110.xml	1	0	0	0	0	0	13	23	23	23	46	9	23	0	0	0	0	16	70	16	70	590	33	0	0	0	0	0	0	0	0	0	0	0	0	0	0	0	0	0	3	0	0	0	0	0	29	3
samples/krx-tobe/jldfil25111/websquare/jldfil25111.xml	1	0	0	0	0	0	12	22	22	22	44	8	22	0	0	0	0	14	70	14	70	551	32	0	0	0	0	0	0	0	0	0	0	0	0	0	0	0	0	0	3	0	0	0	0	0	25	3
samples/krx-tobe/jldfil25112/websquare/jldfil25112.xml	1	0	0	1	1	9	20	29	29	29	58	9	29	0	0	1	1	25	100	25	100	768	61	0	0	0	0	0	0	0	0	0	0	0	0	0	0	0	0	0	3	0	0	0	0	0	32	3
samples/krx-tobe/jldfil25113/websquare/jldfil25113.xml	1	0	0	0	0	1	11	23	23	23	46	10	23	0	0	0	0	10	72	10	72	571	41	0	0	0	0	0	0	0	0	0	0	0	0	0	0	0	0	0	5	0	0	0	0	0	11	5
samples/krx-tobe/jldfil25114/websquare/jldfil25114.xml	1	0	0	1	1	27	27	34	34	34	68	10	34	0	0	1	1	25	112	25	112	912	69	0	0	0	0	0	0	0	0	0	0	0	0	0	0	0	0	0	3	0	0	0	0	0	39	3
samples/krx-tobe/jldfil25200/websquare/jldfil25200.xml	1	0	0	0	0	0	2	14	14	14	28	10	14	0	0	3	3	11	28	11	28	435	18	0	0	0	0	0	0	0	0	0	0	0	0	0	0	0	0	0	0	0	0	0	0	0	3	0
samples/krx-tobe/jldfil25210/websquare/jldfil25210.xml	1	0	0	0	0	0	0	5	5	5	10	4	5	0	0	0	0	1	6	1	6	121	5	0	0	0	0	0	0	0	0	0	0	0	0	0	0	0	0	0	0	0	0	0	0	0	1	0
samples/krx-tobe/jldfil25300/websquare/jldfil25300.xml	1	0	0	0	0	0	1	6	6	6	12	4	6	0	0	0	0	3	11	3	11	141	10	0	0	0	0	0	0	0	0	0	0	0	0	0	0	0	0	0	0	0	0	0	0	0	0	0
samples/krx-tobe/jldfil25301/websquare/jldfil25301.xml	1	0	0	3	3	24	3	12	12	12	24	7	12	0	0	3	3	0	18	0	18	234	15	0	0	0	0	0	0	0	0	0	0	0	0	0	0	0	0	0	0	0	0	0	0	0	0	0
samples/krx-tobe/jldfil25302/websquare/jldfil25302.xml	1	0	0	0	0	0	4	13	13	13	26	7	13	0	0	0	0	1	13	1	13	328	19	0	0	0	0	0	0	0	0	0	0	0	0	0	0	0	0	0	0	0	0	0	0	0	0	0
samples/krx-tobe/jldfil25303/websquare/jldfil25303.xml	1	0	0	0	0	0	2	5	5	5	10	4	5	0	0	0	0	5	12	5	12	131	12	0	0	0	0	0	0	0	0	0	0	0	0	0	0	0	0	0	0	0	0	0	0	0	0	0
samples/krx-tobe/jldfil25304/websquare/jldfil25304.xml	1	0	0	0	0	0	2	5	5	5	10	3	5	0	0	0	0	3	10	3	10	143	8	0	0	0	0	0	0	0	0	0	0	0	0	0	0	0	0	0	0	0	0	0	0	0	0	0
samples/krx-tobe/jldfil25305/websquare/jldfil25305.xml	1	0	0	0	0	0	1	5	5	5	10	4	5	0	0	0	0	3	8	3	8	120	6	0	0	0	0	0	0	0	0	0	0	0	0	0	0	0	0	0	0	0	0	0	0	0	0	0
samples/krx-tobe/jldfil25400/websquare/jldfil25400.xml	1	0	0	0	0	0	1	11	11	11	22	5	11	0	0	0	0	1	11	1	11	236	11	0	0	0	0	0	0	0	0	0	0	0	0	0	0	0	0	0	0	0	0	0	0	0	0	0
samples/krx-tobe/jldfil25500/websquare/jldfil25500.xml	1	0	0	0	0	0	0	5	5	5	10	3	5	0	0	0	0	0	5	0	5	112	5	0	0	0	0	0	0	0	0	0	0	0	0	0	0	0	0	0	0	0	0	0	0	0	0	0
samples/krx-tobe/jldfil25501/websquare/jldfil25501.xml	1	0	0	0	0	0	4	17	17	17	34	10	17	0	0	0	0	16	38	16	38	467	23	0	0	0	0	0	0	0	0	0	0	0	0	0	0	0	0	0	0	0	0	0	0	0	0	0
samples/krx-tobe/jldfil25502/websquare/jldfil25502.xml	1	0	0	1	1	8	1	15	15	15	30	5	15	0	0	1	1	4	26	4	26	358	16	0	0	0	0	0	0	0	0	0	0	0	0	0	0	0	0	0	0	0	0	0	0	0	0	0
samples/krx-tobe/jldfil25600/websquare/jldfil25600.xml	1	0	0	0	0	0	1	8	8	8	16	6	8	0	0	0	0	3	11	3	11	194	8	0	0	0	0	0	0	0	0	0	0	0	0	0	0	0	0	0	0	0	0	0	0	0	0	0
samples/krx-tobe/jldfil25710/websquare/jldfil25710.xml	1	0	0	0	0	0	2	6	6	6	12	5	6	0	0	0	0	2	8	2	8	158	6	0	0	0	0	0	0	0	0	0	0	0	0	0	0	0	0	0	0	0	0	0	0	0	0	0
samples/krx-tobe/jldfil25720/websquare/jldfil25720.xml	1	0	0	1	1	45	8	25	25	25	50	9	25	0	0	2	2	20	48	20	48	685	32	0	0	0	0	0	8	0	0	0	0	0	0	8	0	0	0	0	0	0	0	0	0	0	0	8
samples/krx-tobe/jldfil25800/websquare/jldfil25800.xml	1	0	0	1	1	9	6	31	31	31	62	14	31	0	0	1	1	20	81	20	81	791	71	0	0	0	0	0	0	0	0	0	0	0	0	0	0	0	0	0	0	0	0	0	0	0	1	0
samples/krx-tobe/jldfil25900-ref/websquare/jldfil25900-ref.xml	1	1	0	0	0	0	0	8	8	8	16	8	8	8	0	0	0	0	6	0	6	213	8	0	0	0	0	0	0	0	0	0	0	0	0	0	0	0	0	0	0	0	0	0	0	0	0	0
samples/krx-tobe/jldfil25900/websquare/jldfil25900.xml	1	0	0	0	0	0	5	16	16	16	32	12	16	0	0	0	0	14	32	14	32	423	21	0	0	0	0	0	0	0	0	0	0	0	0	0	0	0	0	0	0	0	0	0	0	0	0	0
samples/krx-tobe/jldfil25910-ref/websquare/jldfil25910-ref.xml	1	1	0	0	0	0	0	25	25	25	50	25	25	25	0	0	0	0	17	0	17	679	28	0	0	0	0	0	0	0	0	0	0	0	0	0	0	0	0	0	0	0	0	0	0	0	0	0
samples/krx-tobe/jldfil25910/websquare/jldfil25910.xml	1	0	0	0	0	2	4	42	42	42	84	19	42	0	0	0	0	20	82	20	82	1014	76	0	0	0	0	0	0	0	0	0	0	0	0	0	0	0	0	0	0	0	0	0	0	0	0	0
samples/krx-tobe/jldfil25911/websquare/jldfil25911.xml	1	0	0	0	0	0	0	2	2	2	4	2	2	0	0	0	0	0	0	0	0	52	2	0	0	0	0	0	0	0	0	0	0	0	0	0	0	0	0	0	0	0	0	0	0	0	0	0
samples/krx-tobe/jldfil30000/websquare/jldfil30000.xml	1	0	0	1	1	8	1	9	9	9	18	5	9	0	0	1	1	0	10	0	10	178	10	0	0	0	0	0	0	0	0	0	0	0	0	0	0	0	0	0	0	0	0	0	0	0	0	0
samples/krx-tobe/jldfil30100/websquare/jldfil30100.xml	0	0	0	0	0	0	0	4	4	4	8	3	4	0	0	5	5	0	0	0	0	83	4	0	0	0	0	0	0	0	0	0	0	0	0	0	0	0	0	0	0	0	0	0	0	0	0	0
samples/krx-tobe/jldfil30100c/websquare/jldfil30100c.xml	1	0	0	0	0	0	4	11	11	11	22	9	11	0	0	8	8	28	22	28	22	494	40	0	0	0	0	0	0	0	0	0	0	0	0	0	0	0	0	0	0	0	0	0	0	0	0	0
samples/krx-tobe/jldfil30101/websquare/jldfil30101.xml	1	0	0	0	0	0	0	3	3	3	6	2	3	0	0	0	0	0	3	0	3	72	3	0	0	0	0	0	0	0	0	0	0	0	0	0	0	0	0	0	0	0	0	0	0	0	0	0
samples/krx-tobe/jldfil30102/websquare/jldfil30102.xml	1	0	0	0	0	0	0	2	2	2	4	2	2	0	0	0	0	0	0	0	0	52	2	0	0	0	0	0	0	0	0	0	0	0	0	0	0	0	0	0	0	0	0	0	0	0	0	0
samples/krx-tobe/jldfil30103/websquare/jldfil30103.xml	1	0	0	0	0	0	0	2	2	2	4	2	2	0	0	0	0	0	0	0	0	52	2	0	0	0	0	0	0	0	0	0	0	0	0	0	0	0	0	0	0	0	0	0	0	0	0	0
samples/krx-tobe/jldfil30104/websquare/jldfil30104.xml	1	0	0	0	0	0	1	3	3	3	6	3	3	0	0	0	0	3	5	3	5	88	7	0	0	0	0	0	0	0	0	0	0	0	0	0	0	0	0	0	0	0	0	0	0	0	0	0
samples/krx-tobe/jldfil30105/websquare/jldfil30105.xml	0	0	0	0	0	0	0	4	4	4	8	3	4	0	0	5	5	0	0	0	0	83	4	0	0	0	0	0	0	0	0	0	0	0	0	0	0	0	0	0	0	0	0	0	0	0	0	0
samples/krx-tobe/jldfil30105c/websquare/jldfil30105c.xml	1	0	0	0	0	0	5	24	24	24	48	12	24	0	0	0	0	16	50	16	50	656	30	0	0	0	0	0	0	0	0	0	0	0	0	0	0	0	0	0	0	0	0	0	0	0	0	0
samples/krx-tobe/jldfil30200/websquare/jldfil30200.xml	1	0	0	1	1	10	9	16	16	16	32	10	16	0	0	1	1	16	39	16	39	333	32	0	0	0	0	0	0	0	0	0	0	0	0	0	0	0	0	0	0	0	0	0	0	0	0	0
samples/krx-tobe/jldfil30201/websquare/jldfil30201.xml	1	0	0	0	0	0	4	12	12	12	24	8	12	0	0	0	0	4	9	4	9	375	17	0	0	0	0	0	0	0	0	0	0	0	0	0	0	0	0	0	0	0	0	0	0	0	0	0
samples/krx-tobe/jldfil30202/websquare/jldfil30202.xml	1	0	0	0	0	0	2	6	6	6	12	4	6	0	0	8	8	10	5	10	5	403	9	0	0	0	0	0	0	0	0	0	0	0	0	0	0	0	0	0	0	0	0	0	0	0	0	0
samples/krx-tobe/jldfil30203/websquare/jldfil30203.xml	1	0	0	0	0	0	1	5	5	5	10	5	5	0	0	0	0	5	10	5	10	158	46	0	0	0	0	0	0	0	0	0	0	0	0	0	0	0	0	0	0	0	0	0	0	0	0	0
samples/krx-tobe/jldfil30300/websquare/jldfil30300.xml	1	0	0	1	1	10	8	16	16	16	32	10	16	0	0	1	1	16	39	16	39	331	32	0	0	0	0	0	0	0	0	0	0	0	0	0	0	0	0	0	0	0	0	0	0	0	0	0
samples/krx-tobe/jldfil30301/websquare/jldfil30301.xml	1	0	0	0	0	0	5	12	12	12	24	8	12	0	0	0	0	4	10	4	10	375	17	0	0	0	0	0	0	0	0	0	0	0	0	0	0	0	0	0	0	0	0	0	0	0	0	0
samples/krx-tobe/jldfil30400/websquare/jldfil30400.xml	1	0	0	0	0	0	1	3	3	3	6	3	3	0	0	0	0	3	5	3	5	85	5	0	0	0	0	0	0	0	0	0	0	0	0	0	0	0	0	0	0	0	0	0	0	0	0	0
samples/krx-tobe/jldfil30401/websquare/jldfil30401.xml	1	0	0	0	0	0	6	18	18	18	36	10	18	0	0	0	0	15	45	15	45	474	44	0	0	0	0	0	0	0	0	0	0	0	0	0	0	0	0	0	0	0	0	0	0	0	0	0
samples/krx-tobe/jldfil30402/websquare/jldfil30402.xml	1	0	0	0	0	27	7	31	31	31	62	15	31	0	0	0	1	13	54	13	54	794	83	0	0	0	0	0	7	0	0	0	0	0	0	7	0	0	0	0	0	0	0	0	0	0	0	7
samples/krx-tobe/jldfil30403/websquare/jldfil30403.xml	1	0	0	0	0	0	6	18	18	18	36	10	18	0	0	0	0	15	45	15	45	474	44	0	0	0	0	0	0	0	0	0	0	0	0	0	0	0	0	0	0	0	0	0	0	0	0	0
samples/krx-tobe/jldfil30404/websquare/jldfil30404.xml	1	0	0	0	0	27	8	31	31	31	62	15	31	0	0	0	1	13	54	13	54	794	83	0	0	0	0	0	7	0	0	0	0	0	0	7	0	0	0	0	0	0	0	0	0	0	0	7
samples/krx-tobe/jldfil30405/websquare/jldfil30405.xml	1	0	0	0	0	0	0	2	2	2	4	2	2	0	0	0	0	0	0	0	0	52	2	0	0	0	0	0	0	0	0	0	0	0	0	0	0	0	0	0	0	0	0	0	0	0	0	0
samples/krx-tobe/jldfil30406/websquare/jldfil30406.xml	1	0	0	0	0	0	6	18	18	18	36	10	18	0	0	0	0	15	46	15	46	473	44	0	0	0	0	0	0	0	0	0	0	0	0	0	0	0	0	0	0	0	0	0	0	0	0	0
samples/krx-tobe/jldfil30407/websquare/jldfil30407.xml	1	0	0	0	0	27	8	32	32	32	64	15	32	0	0	0	1	13	57	13	57	821	84	0	0	0	0	0	7	0	0	0	0	0	0	7	0	0	0	0	0	0	0	0	0	0	0	7
samples/krx-tobe/jldfil30408/websquare/jldfil30408.xml	1	0	0	0	0	0	1	3	3	3	6	3	3	0	0	0	0	3	5	3	5	88	22	0	0	0	0	0	0	0	0	0	0	0	0	0	0	0	0	0	0	0	0	0	0	0	0	0
samples/krx-tobe/jldfil30409/websquare/jldfil30409.xml	1	0	0	0	0	0	0	8	8	8	16	6	8	0	0	0	0	2	14	2	14	222	8	0	0	0	0	0	0	0	0	0	0	0	0	0	0	0	0	0	0	0	0	0	0	0	0	0
samples/krx-tobe/jldfil30500/websquare/jldfil30500.xml	1	0	0	0	0	0	4	12	12	12	24	7	12	0	0	4	4	11	36	11	36	394	22	0	0	0	0	0	0	0	0	0	0	0	0	0	0	0	0	0	0	0	0	0	0	0	0	0
samples/krx-tobe/jldfil30501/websquare/jldfil30501.xml	1	0	0	0	0	0	2	7	7	7	14	5	7	0	0	0	0	3	12	3	12	159	8	0	0	0	0	0	0	0	0	0	0	0	0	0	0	0	0	0	0	0	0	0	0	0	0	0
samples/krx-tobe/jldfil30600/websquare/jldfil30600.xml	1	0	0	0	0	0	0	5	5	5	10	4	5	0	0	0	0	1	7	1	7	118	5	0	0	0	0	0	0	0	0	0	0	0	0	0	0	0	0	0	0	0	0	0	0	0	0	0
samples/krx-tobe/jldfil30601/websquare/jldfil30601.xml	1	0	0	0	0	0	5	18	18	18	36	9	18	0	0	0	0	9	49	9	49	405	23	0	0	0	0	0	0	0	0	0	0	0	0	0	0	0	0	0	0	0	0	0	0	0	0	0
samples/krx-tobe/jldfil30602/websquare/jldfil30602.xml	1	0	0	0	0	9	4	31	31	31	62	10	31	0	0	2	2	18	67	18	67	876	46	0	0	0	0	0	0	0	0	0	0	0	0	0	0	0	0	0	0	0	0	0	0	0	2	0
samples/krx-tobe/jldfil30603/websquare/jldfil30603.xml	1	0	0	0	0	0	2	10	10	10	20	6	10	0	0	0	0	5	22	5	22	248	14	0	0	0	0	0	0	0	0	0	0	0	0	0	0	0	0	0	0	0	0	0	0	0	0	0
samples/krx-tobe/jldfil30604/websquare/jldfil30604.xml	1	0	0	0	0	9	4	32	32	32	64	13	32	0	0	0	0	26	76	26	76	923	50	0	0	0	0	0	0	0	0	0	0	0	0	0	0	0	0	0	0	0	0	0	0	0	2	0
samples/krx-tobe/jldfil30700/websquare/jldfil30700.xml	1	0	0	0	0	0	5	16	16	16	32	10	16	0	0	0	0	12	41	12	41	452	21	0	0	0	0	0	0	0	0	0	0	0	0	0	0	0	0	0	0	0	0	0	0	0	6	0
samples/krx-tobe/jldfil30701/websquare/jldfil30701.xml	1	0	0	0	0	0	0	3	3	3	6	3	3	1	0	0	0	0	0	0	0	73	3	0	0	0	0	0	0	0	0	0	0	0	0	0	0	0	0	0	0	0	0	0	0	0	0	0
samples/krx-tobe/jldfil30702/websquare/jldfil30702.xml	1	0	0	1	1	8	1	3	3	3	6	3	3	0	0	1	1	0	1	0	1	77	4	0	0	0	0	0	0	0	0	0	0	0	0	0	0	0	0	0	0	0	0	0	0	0	0	0
samples/krx-tobe/jldfil30800/websquare/jldfil30800.xml	1	0	0	0	0	0	3	25	25	25	50	13	25	0	0	0	0	9	38	9	38	552	26	0	0	0	0	0	0	0	0	0	0	0	0	0	0	0	0	0	0	0	0	0	0	0	0	0
samples/krx-tobe/jldfil30801/websquare/jldfil30801.xml	1	0	0	0	0	0	10	35	35	35	70	21	35	0	0	0	0	23	66	23	66	895	41	0	0	0	0	0	0	0	0	0	0	0	0	0	0	0	0	0	0	0	0	0	0	0	4	0
samples/krx-tobe/jldfil35000/websquare/jldfil35000.xml	1	0	0	0	0	0	5	14	14	14	28	8	14	0	0	0	0	7	35	7	35	305	20	0	0	0	0	0	0	0	0	0	0	0	0	0	0	0	0	0	0	0	0	0	0	0	0	0
samples/krx-tobe/jldfil35200/websquare/jldfil35200.xml	1	0	0	0	0	0	0	4	4	4	8	3	4	0	0	0	0	0	4	0	4	88	5	0	0	0	0	0	0	0	0	0	0	0	0	0	0	0	0	0	0	0	0	0	0	0	0	0
samples/krx-tobe/jldfil35300/websquare/jldfil35300.xml	1	0	0	1	1	8	1	3	3	3	6	2	3	0	0	1	1	1	0	1	0	103	4	0	0	0	0	0	0	0	0	0	0	0	0	0	0	0	0	0	0	0	0	0	0	0	0	0
samples/krx-tobe/jldfil35400/websquare/jldfil35400.xml	1	0	0	0	0	1	7	31	31	31	62	17	31	0	0	0	0	15	54	15	54	678	48	0	0	0	0	0	0	0	0	0	0	0	0	0	0	0	0	0	0	0	0	0	0	0	0	0
samples/krx-tobe/jldfil35401/websquare/jldfil35401.xml	1	0	0	0	0	0	1	4	4	4	8	4	4	0	0	0	0	5	9	5	9	114	7	0	0	0	0	0	0	0	0	0	0	0	0	0	0	0	0	0	0	0	0	0	0	0	0	0
samples/krx-tobe/jldfil35600/websquare/jldfil35600.xml	1	0	0	0	0	0	3	24	24	24	48	11	24	0	0	0	0	4	36	4	36	515	29	0	0	0	0	0	0	0	0	0	0	0	0	0	0	0	0	0	0	0	0	0	0	0	0	0
samples/krx-tobe/jldfil35600_excel/websquare/jldfil35600_excel.xml	1	0	0	0	0	0	1	3	3	3	6	3	3	0	0	0	0	3	5	3	5	88	5	0	0	0	0	0	0	0	0	0	0	0	0	0	0	0	0	0	0	0	0	0	0	0	0	0
samples/krx-tobe/jldfil35601/websquare/jldfil35601.xml	1	0	0	0	0	0	2	9	9	9	18	6	9	0	0	0	0	2	14	2	14	192	11	0	0	0	0	0	0	0	0	0	0	0	0	0	0	0	0	0	0	0	0	0	0	0	0	0
samples/krx-tobe/jldfil35602/websquare/jldfil35602.xml	1	0	0	0	0	0	0	8	8	8	16	6	8	0	0	0	0	8	18	8	18	228	11	0	0	0	0	0	0	0	0	0	0	0	0	0	0	0	0	0	0	0	0	0	0	0	0	0
samples/krx-tobe/jldfil35604/websquare/jldfil35604.xml	1	0	0	1	1	8	3	7	7	7	14	4	7	0	0	1	1	2	11	2	11	153	11	0	0	0	0	0	0	0	0	0	0	0	0	0	0	0	0	0	0	0	0	0	0	0	0	0
samples/krx-tobe/jldfil35605/websquare/jldfil35605.xml	1	0	0	0	0	0	2	5	5	5	10	4	5	0	0	0	0	0	0	0	0	170	5	0	0	0	0	0	0	0	0	0	0	0	0	0	0	0	0	0	0	0	0	0	0	0	0	0
samples/krx-tobe/jldfil35700-ref/websquare/jldfil35700-ref.xml	1	1	0	0	0	0	0	36	36	36	72	36	36	36	0	0	0	5	24	5	24	931	36	0	0	0	0	0	0	0	0	0	0	0	0	0	0	0	0	0	0	0	0	0	0	0	0	0
samples/krx-tobe/jldfil35700/websquare/jldfil35700.xml	0	0	0	0	0	0	0	4	4	4	8	3	4	1	0	5	5	0	0	0	0	84	4	0	0	0	0	0	0	0	0	0	0	0	0	0	0	0	0	0	0	0	0	0	0	0	0	0
samples/krx-tobe/jldfil35700/websquare/jldfil35700_layer_layer1.xml	0	0	0	0	0	0	1	1	1	1	2	1	1	0	0	2	2	0	0	0	0	18	1	0	0	0	0	0	0	0	0	0	0	0	0	0	0	0	0	0	0	0	0	0	0	0	0	0
samples/krx-tobe/jldfil35700/websquare/jldfil35700_layer_layer3.xml	0	0	0	0	0	0	1	1	1	1	2	1	1	0	0	2	2	0	0	0	0	18	1	0	0	0	0	0	0	0	0	0	0	0	0	0	0	0	0	0	0	0	0	0	0	0	0	0
samples/krx-tobe/jldfil35700_pop/websquare/jldfil35700_pop.xml	1	0	0	3	3	24	20	195	195	195	390	17	195	1	0	28	28	41	512	41	512	5290	211	0	0	0	0	0	30	0	0	0	0	0	0	30	0	0	0	0	0	0	0	0	0	0	0	30
samples/krx-tobe/jldfil35700_pop/websquare/jldfil35700_pop_layer_layer1.xml	0	0	0	0	0	0	1	1	1	1	2	1	1	0	0	2	2	0	0	0	0	18	1	0	0	0	0	0	0	0	0	0	0	0	0	0	0	0	0	0	0	0	0	0	0	0	0	0
samples/krx-tobe/jldfil35700c/websquare/jldfil35700c.xml	1	0	0	3	3	24	20	195	195	195	390	17	195	1	0	28	28	41	512	41	512	5300	211	0	0	0	0	0	30	0	0	0	0	0	0	30	0	0	0	0	0	0	0	0	0	0	0	30
samples/krx-tobe/jldfil35701/websquare/jldfil35701.xml	1	0	0	0	0	0	1	4	4	4	8	3	4	0	0	0	0	3	8	3	8	105	8	0	0	0	0	0	0	0	0	0	0	0	0	0	0	0	0	0	0	0	0	0	0	0	0	0
samples/krx-tobe/jldfil35702/websquare/jldfil35702.xml	1	0	0	0	0	0	1	4	4	4	8	3	4	0	0	0	0	3	8	3	8	105	5	0	0	0	0	0	0	0	0	0	0	0	0	0	0	0	0	0	0	0	0	0	0	0	0	0
samples/krx-tobe/jldfil35703/websquare/jldfil35703.xml	1	0	0	0	0	0	0	3	3	3	6	2	3	0	0	0	0	0	3	0	3	72	3	0	0	0	0	0	0	0	0	0	0	0	0	0	0	0	0	0	0	0	0	0	0	0	0	0
samples/krx-tobe/jldfil35704/websquare/jldfil35704.xml	1	0	0	0	0	0	2	7	7	7	14	4	7	0	0	2	2	10	6	10	6	400	7	0	0	0	0	0	0	0	0	0	0	0	0	0	0	0	0	0	0	0	0	0	0	0	0	0
samples/krx-tobe/jldfil35705/websquare/jldfil35705.xml	1	0	0	0	0	0	0	3	3	3	6	2	3	0	0	0	0	0	3	0	3	72	3	0	0	0	0	0	0	0	0	0	0	0	0	0	0	0	0	0	0	0	0	0	0	0	0	0
samples/krx-tobe/jldfil35706/websquare/jldfil35706.xml	0	0	0	0	0	0	0	4	4	4	8	3	4	0	0	5	5	0	0	0	0	83	4	0	0	0	0	0	0	0	0	0	0	0	0	0	0	0	0	0	0	0	0	0	0	0	0	0
samples/krx-tobe/jldfil35706c/websquare/jldfil35706c.xml	1	0	0	0	0	0	5	27	27	27	54	15	27	0	0	0	0	18	59	18	59	745	33	0	0	0	0	0	0	0	0	0	0	0	0	0	0	0	0	0	0	0	0	0	0	0	0	0
samples/krx-tobe/jldfil35707/websquare/jldfil35707.xml	1	0	0	0	0	0	0	3	3	3	6	2	3	0	0	0	0	0	3	0	3	72	3	0	0	0	0	0	0	0	0	0	0	0	0	0	0	0	0	0	0	0	0	0	0	0	0	0
samples/krx-tobe/jldfil35708/websquare/jldfil35708.xml	1	0	0	0	0	0	1	7	7	7	14	4	7	0	0	2	2	8	7	8	7	262	7	0	0	0	0	0	0	0	0	0	0	0	0	0	0	0	0	0	0	0	0	0	0	0	0	0
samples/krx-tobe/jldfil35709/websquare/jldfil35709.xml	1	0	0	0	0	0	0	3	3	3	6	2	3	0	0	0	0	0	3	0	3	72	3	0	0	0	0	0	0	0	0	0	0	0	0	0	0	0	0	0	0	0	0	0	0	0	0	0
samples/krx-tobe/jldfil35710/websquare/jldfil35710.xml	1	0	0	0	0	0	0	3	3	3	6	2	3	0	0	0	0	0	3	0	3	72	3	0	0	0	0	0	0	0	0	0	0	0	0	0	0	0	0	0	0	0	0	0	0	0	0	0
samples/krx-tobe/jldfil35711/websquare/jldfil35711.xml	1	0	0	0	0	0	0	3	3	3	6	2	3	0	0	0	0	0	3	0	3	72	3	0	0	0	0	0	0	0	0	0	0	0	0	0	0	0	0	0	0	0	0	0	0	0	0	0
samples/krx-tobe/jldfil35712/websquare/jldfil35712.xml	1	0	0	0	0	0	0	3	3	3	6	2	3	0	0	0	0	0	3	0	3	72	3	0	0	0	0	0	0	0	0	0	0	0	0	0	0	0	0	0	0	0	0	0	0	0	0	0
samples/krx-tobe/jldfil35713/websquare/jldfil35713.xml	1	0	0	0	0	0	0	3	3	3	6	2	3	0	0	0	0	0	3	0	3	72	3	0	0	0	0	0	0	0	0	0	0	0	0	0	0	0	0	0	0	0	0	0	0	0	0	0
samples/krx-tobe/jldfil35714/websquare/jldfil35714.xml	1	0	0	0	0	0	1	4	4	4	8	3	4	0	0	0	0	3	8	3	8	105	11	0	0	0	0	0	0	0	0	0	0	0	0	0	0	0	0	0	0	0	0	0	0	0	0	0
samples/krx-tobe/jldfil35715/websquare/jldfil35715.xml	1	0	0	0	0	0	1	4	4	4	8	3	4	0	0	0	0	3	8	3	8	105	6	0	0	0	0	0	0	0	0	0	0	0	0	0	0	0	0	0	0	0	0	0	0	0	0	0
samples/krx-tobe/jldfil35716/websquare/jldfil35716.xml	1	0	0	0	0	0	1	4	4	4	8	3	4	0	0	0	0	3	8	3	8	105	15	0	0	0	0	0	0	0	0	0	0	0	0	0	0	0	0	0	0	0	0	0	0	0	0	0
samples/krx-tobe/jldfil35717/websquare/jldfil35717.xml	1	0	0	0	0	0	0	3	3	3	6	2	3	0	0	0	0	0	3	0	3	72	3	0	0	0	0	0	0	0	0	0	0	0	0	0	0	0	0	0	0	0	0	0	0	0	0	0
samples/krx-tobe/jldfil40100/websquare/jldfil40100.xml	1	0	0	1	1	8	1	3	3	3	6	2	3	0	0	1	1	1	0	1	0	71	4	0	0	0	0	0	0	0	0	0	0	0	0	0	0	0	0	0	0	0	0	0	0	0	0	0
samples/krx-tobe/jldfil40105/websquare/jldfil40105.xml	1	0	0	1	1	8	1	3	3	3	6	2	3	0	0	1	1	1	0	1	0	71	4	0	0	0	0	0	0	0	0	0	0	0	0	0	0	0	0	0	0	0	0	0	0	0	0	0
samples/krx-tobe/jldfil40110/websquare/jldfil40110.xml	1	0	0	1	1	8	1	3	3	3	6	2	3	0	0	1	1	1	0	1	0	71	4	0	0	0	0	0	0	0	0	0	0	0	0	0	0	0	0	0	0	0	0	0	0	0	0	0
samples/krx-tobe/jldfil40200/websquare/jldfil40200.xml	1	0	0	1	1	8	16	23	23	23	46	7	23	0	0	1	1	6	50	6	50	582	26	0	0	0	0	0	1	0	0	0	0	0	0	1	0	0	0	0	0	0	0	0	0	0	4	1
samples/krx-tobe/jldfil40201/websquare/jldfil40201.xml	1	0	0	3	3	25	17	39	39	39	78	13	39	0	0	3	3	10	105	10	105	920	65	0	0	0	0	0	0	0	0	0	0	0	0	0	0	0	0	0	0	0	0	0	0	0	33	0
samples/krx-tobe/jldfil40202/websquare/jldfil40202.xml	1	0	0	0	0	0	6	8	8	8	16	6	8	0	0	0	0	13	26	13	26	289	29	0	0	0	0	0	0	0	0	0	0	0	0	0	0	0	0	0	0	0	0	0	0	0	0	0
samples/krx-tobe/jldfil40203/websquare/jldfil40203.xml	1	0	0	2	2	17	33	25	25	25	50	9	25	0	0	2	2	19	101	19	101	767	62	0	0	0	0	0	0	0	0	0	0	0	0	0	0	0	0	0	3	0	0	0	0	0	47	3
samples/krx-tobe/jldfil40204/websquare/jldfil40204.xml	1	0	0	1	1	8	25	12	12	12	24	5	12	0	0	1	1	3	28	3	28	377	21	0	0	0	0	0	0	0	0	0	0	0	0	0	0	0	0	0	0	0	0	0	0	0	29	0
samples/krx-tobe/jldfil40205/websquare/jldfil40205.xml	1	0	0	2	2	17	35	21	21	21	42	5	21	0	0	2	2	5	62	5	62	609	37	0	0	0	0	0	0	0	0	0	0	0	0	0	0	0	0	0	3	0	0	0	0	0	47	3
samples/krx-tobe/jldfil40206/websquare/jldfil40206.xml	1	0	0	1	1	8	30	15	15	15	30	7	15	0	0	1	1	7	39	7	39	475	35	0	0	0	0	0	0	0	0	0	0	0	0	0	0	0	0	0	0	0	0	0	0	0	29	0
samples/krx-tobe/jldfil40207/websquare/jldfil40207.xml	1	0	0	1	1	35	18	10	10	10	20	6	10	0	0	1	1	4	40	4	40	341	23	0	0	0	0	0	0	0	0	0	0	0	0	0	0	0	0	0	0	0	0	0	0	0	36	0
samples/krx-tobe/jldfil40208/websquare/jldfil40208.xml	1	0	0	2	2	17	28	22	22	22	44	8	22	0	0	2	2	17	84	17	84	666	47	0	0	0	0	0	0	0	0	0	0	0	0	0	0	0	0	0	2	0	0	0	0	0	35	2
samples/krx-tobe/jldfil40209/websquare/jldfil40209.xml	1	0	0	1	1	26	5	7	7	7	14	4	7	0	0	1	1	2	16	2	16	198	10	0	0	0	0	0	0	0	0	0	0	0	0	0	0	0	0	0	0	0	0	0	0	0	7	0
samples/krx-tobe/jldfil40211/websquare/jldfil40211.xml	1	0	0	0	0	1	3	14	14	14	28	10	14	0	0	0	0	10	30	10	30	346	22	0	0	0	0	0	0	0	0	0	0	0	0	0	0	0	0	0	0	0	0	0	0	0	3	0
samples/krx-tobe/jldfil40212/websquare/jldfil40212.xml	1	0	0	0	0	0	1	9	9	9	18	5	9	0	0	0	0	1	11	1	11	207	12	0	0	0	0	0	0	0	0	0	0	0	0	0	0	0	0	0	0	0	0	0	0	0	0	0
samples/krx-tobe/jldfil40213/websquare/jldfil40213.xml	1	0	0	0	0	0	2	8	8	8	16	6	8	0	0	0	0	1	7	1	7	183	8	0	0	0	0	0	0	0	0	0	0	0	0	0	0	0	0	0	0	0	0	0	0	0	0	0
samples/krx-tobe/jldfil40300/websquare/jldfil40300.xml	1	0	0	0	0	9	5	8	8	8	16	5	8	0	0	0	0	2	19	2	19	236	10	0	0	0	0	0	0	0	0	0	0	0	0	0	0	0	0	0	0	0	0	0	0	0	8	0
samples/krx-tobe/jldfil40301/websquare/jldfil40301.xml	1	0	0	0	0	0	1	3	3	3	6	3	3	0	0	0	0	7	10	7	10	112	7	0	0	0	0	0	0	0	0	0	0	0	0	0	0	0	0	0	0	0	0	0	0	0	0	0
samples/krx-tobe/jldfil40400/websquare/jldfil40400.xml	1	0	0	1	1	27	12	12	12	12	24	7	12	0	0	3	3	4	32	4	32	346	21	0	0	0	0	0	0	0	0	0	0	0	0	0	0	0	0	0	0	0	0	0	0	0	28	0
samples/krx-tobe/jldfil40401/websquare/jldfil40401.xml	1	0	0	0	0	0	4	7	7	7	14	5	7	0	0	0	0	5	17	5	17	198	23	0	0	0	0	0	0	0	0	0	0	0	0	0	0	0	0	0	0	0	0	0	0	0	0	0
samples/krx-tobe/jldfil45000/websquare/jldfil45000.xml	1	0	0	10	10	82	26	57	57	57	114	32	57	0	0	22	22	29	106	29	106	1376	125	0	0	0	0	0	0	0	0	0	0	0	0	0	0	0	0	0	0	0	0	0	0	0	0	0
samples/krx-tobe/jldfil45100/websquare/jldfil45100.xml	1	0	0	3	3	28	43	38	38	38	76	15	38	0	0	3	3	35	89	35	89	1096	267	0	0	0	0	0	0	0	0	0	0	0	0	0	0	0	0	0	0	0	0	0	0	0	0	0
samples/krx-tobe/jldfil45101/websquare/jldfil45101.xml	1	0	0	0	0	0	13	18	18	18	36	10	18	0	0	0	0	20	44	20	44	587	73	0	0	0	0	0	0	0	0	0	0	0	0	0	0	0	0	0	0	0	0	0	0	0	0	0
samples/krx-tobe/jldfil45201/websquare/jldfil45201.xml	1	0	0	0	0	5	16	27	27	27	54	10	27	0	0	0	0	10	64	10	64	615	60	0	0	0	0	0	0	0	0	0	0	0	0	0	0	0	0	0	0	0	0	0	0	0	0	0
samples/krx-tobe/jldfil45202/websquare/jldfil45202.xml	1	0	0	0	0	0	12	27	27	27	54	11	27	0	0	0	0	16	68	16	68	678	79	0	0	0	0	0	0	0	0	0	0	0	0	0	0	0	0	0	0	0	0	0	0	0	0	0
samples/krx-tobe/jldfil45203/websquare/jldfil45203.xml	1	0	0	0	0	0	12	25	25	25	50	13	25	0	0	0	0	11	45	11	45	578	65	0	0	0	0	0	0	0	0	0	0	0	0	0	0	0	0	0	0	0	0	0	0	0	0	0
samples/krx-tobe/jldfil45300/websquare/jldfil45300.xml	1	0	0	0	0	45	4	17	17	17	34	8	17	0	0	0	0	1	19	1	19	380	18	0	0	0	0	0	1	0	0	0	0	0	0	1	0	0	0	0	0	0	0	0	0	0	0	1
samples/krx-tobe/jldfil45401/websquare/jldfil45401.xml	1	0	0	0	0	0	0	3	3	3	6	2	3	0	0	0	0	0	3	0	3	72	3	0	0	0	0	0	0	0	0	0	0	0	0	0	0	0	0	0	0	0	0	0	0	0	0	0
samples/krx-tobe/jldfil45500/websquare/jldfil45500.xml	1	0	0	2	2	16	11	215	215	215	430	10	215	0	0	2	2	8	608	8	608	4588	711	0	0	0	0	0	0	0	0	0	0	0	0	0	0	0	0	0	0	0	0	0	0	0	0	0
samples/krx-tobe/jldfil45501/websquare/jldfil45501.xml	1	0	0	0	0	0	4	32	32	32	64	7	32	0	0	6	6	36	76	36	76	931	32	0	0	0	0	0	0	0	0	0	0	0	0	0	0	0	0	0	0	0	0	0	0	0	0	0
samples/krx-tobe/jldfil45502/websquare/jldfil45502.xml	1	0	0	1	1	8	6	15	15	15	30	6	15	0	0	1	1	6	34	6	34	299	19	0	0	0	0	0	0	0	0	0	0	0	0	0	0	0	0	0	0	0	0	0	0	0	0	0
samples/krx-tobe/jldfil50000/websquare/jldfil50000.xml	1	0	0	0	0	0	9	19	19	19	38	12	19	0	0	0	0	7	23	7	23	422	20	0	0	0	0	0	0	0	0	0	0	0	0	0	0	0	0	0	0	0	0	0	0	0	0	0
samples/krx-tobe/jldfil50000_tip/websquare/jldfil50000_tip.xml	1	0	0	0	0	0	0	2	2	2	4	2	2	0	0	0	0	0	0	0	0	52	2	0	0	0	0	0	0	0	0	0	0	0	0	0	0	0	0	0	0	0	0	0	0	0	0	0
samples/krx-tobe/jldfil50000n/websquare/jldfil50000n.xml	1	0	0	0	0	0	9	18	18	18	36	12	18	0	0	0	0	7	21	7	21	404	19	0	0	0	0	0	0	0	0	0	0	0	0	0	0	0	0	0	0	0	0	0	0	0	0	0
samples/krx-tobe/jldfil50000n_tip/websquare/jldfil50000n_tip.xml	1	0	0	0	0	0	0	2	2	2	4	2	2	0	0	0	0	0	0	0	0	52	2	0	0	0	0	0	0	0	0	0	0	0	0	0	0	0	0	0	0	0	0	0	0	0	0	0
samples/krx-tobe/jldfil50100/websquare/jldfil50100.xml	1	0	0	1	1	11	17	69	69	69	138	34	69	0	0	2	2	41	149	41	149	1782	127	0	0	0	0	0	2	0	0	0	0	0	0	2	0	0	0	0	0	0	0	0	0	0	0	2
samples/krx-tobe/jldfil50100n/websquare/jldfil50100n.xml	1	0	0	0	0	8	19	66	66	66	132	34	66	0	0	2	2	40	144	40	144	1743	103	0	0	0	0	0	0	0	0	0	0	0	0	0	0	0	0	0	0	0	0	0	0	0	0	0
samples/krx-tobe/jldfil50101/websquare/jldfil50101.xml	1	0	0	1	1	11	16	64	64	64	128	31	64	0	0	2	2	39	131	39	131	1612	100	0	0	0	0	0	0	0	0	0	0	0	0	0	0	0	0	0	0	0	0	0	0	0	0	0
samples/krx-tobe/jldfil50200/websquare/jldfil50200.xml	1	0	0	1	1	8	7	16	16	16	32	11	16	0	0	1	1	13	29	13	29	370	24	0	0	0	0	0	0	0	0	0	0	0	0	0	0	0	0	0	0	0	0	0	0	0	0	0
samples/krx-tobe/jldfil50200_kn/websquare/jldfil50200_kn.xml	1	0	0	1	1	8	7	16	16	16	32	11	16	0	0	1	1	14	27	14	27	385	24	0	0	0	0	0	0	0	0	0	0	0	0	0	0	0	0	0	0	0	0	0	0	0	0	0
samples/krx-tobe/jldfil50200n/websquare/jldfil50200n.xml	1	0	0	1	1	8	6	16	16	16	32	11	16	0	0	1	1	10	24	10	24	352	20	0	0	0	0	0	0	0	0	0	0	0	0	0	0	0	0	0	0	0	0	0	0	0	0	0
samples/krx-tobe/jldfil50210/websquare/jldfil50210.xml	1	0	0	0	0	0	3	17	17	17	34	13	17	1	0	0	0	11	32	11	32	432	37	0	0	0	0	0	0	0	0	0	0	0	0	0	0	0	0	0	0	0	0	0	0	0	0	0
samples/krx-tobe/jldfil50210n/websquare/jldfil50210n.xml	1	0	0	0	0	0	3	19	19	19	38	13	19	1	0	0	0	11	36	11	36	474	39	0	0	0	0	0	0	0	0	0	0	0	0	0	0	0	0	0	0	0	0	0	0	0	0	0
samples/krx-tobe/jldfil50220/websquare/jldfil50220.xml	1	0	0	0	0	0	2	17	17	17	34	12	17	1	0	0	0	3	17	3	17	374	34	0	0	0	0	0	0	0	0	0	0	0	0	0	0	0	0	0	0	0	0	0	0	0	0	0
samples/krx-tobe/jldfil50230/websquare/jldfil50230.xml	1	0	0	0	0	0	2	17	17	17	34	12	17	1	0	0	0	3	17	3	17	371	34	0	0	0	0	0	0	0	0	0	0	0	0	0	0	0	0	0	0	0	0	0	0	0	0	0
samples/krx-tobe/jldfil50240/websquare/jldfil50240.xml	1	0	0	0	0	0	3	16	16	16	32	13	16	1	0	0	0	11	31	11	31	404	36	0	0	0	0	0	0	0	0	0	0	0	0	0	0	0	0	0	0	0	0	0	0	0	0	0
samples/krx-tobe/jldfil50250/websquare/jldfil50250.xml	1	0	0	0	0	0	3	17	17	17	34	13	17	1	0	0	0	11	32	11	32	429	37	0	0	0	0	0	0	0	0	0	0	0	0	0	0	0	0	0	0	0	0	0	0	0	0	0
samples/krx-tobe/jldfil51000/websquare/jldfil51000.xml	1	0	0	0	0	0	15	26	26	26	52	13	26	0	0	0	0	11	44	11	44	636	30	0	0	0	0	0	0	0	0	0	0	0	0	0	0	0	0	0	0	0	0	0	0	0	0	0
samples/krx-tobe/jldfil51000_menu/websquare/jldfil51000_menu.xml	1	0	0	0	0	0	15	19	19	19	38	3	19	0	0	0	0	3	49	3	49	493	22	0	0	0	0	0	0	0	0	0	0	0	0	0	0	0	0	0	0	0	0	0	0	0	0	0
samples/krx-tobe/jldfil51000n/websquare/jldfil51000n.xml	1	0	0	0	0	0	34	28	28	28	56	14	28	0	0	0	0	13	48	13	48	722	32	0	0	0	0	0	0	0	0	0	0	0	0	0	0	0	0	0	0	0	0	0	0	0	0	0
samples/krx-tobe/jldfil51000n2/websquare/jldfil51000n2.xml	1	0	0	0	0	0	15	23	23	23	46	12	23	0	0	0	0	11	38	11	38	575	27	0	0	0	0	0	0	0	0	0	0	0	0	0	0	0	0	0	0	0	0	0	0	0	0	0
samples/krx-tobe/jldfil51000n2_menu/websquare/jldfil51000n2_menu.xml	1	0	0	0	0	0	13	15	15	15	30	3	15	0	0	0	0	3	41	3	41	336	16	0	0	0	0	0	0	0	0	0	0	0	0	0	0	0	0	0	0	0	0	0	0	0	0	0
samples/krx-tobe/jldfil51000n_menu/websquare/jldfil51000n_menu.xml	1	0	0	4	4	16	20	24	24	24	48	8	24	0	0	0	0	6	62	6	62	605	25	0	0	0	0	0	0	0	0	0	0	0	0	0	0	0	0	0	0	0	0	0	0	0	0	0
samples/krx-tobe/jldfil51010/websquare/jldfil51010.xml	1	0	0	10	10	78	94	105	105	105	210	38	105	0	0	10	10	56	310	56	310	2907	286	0	0	0	0	0	0	0	0	0	0	0	0	0	0	0	0	0	0	0	0	0	0	0	0	0
samples/krx-tobe/jldfil51010n/websquare/jldfil51010n.xml	1	0	0	6	6	51	26	81	81	81	162	30	81	0	0	6	6	34	185	34	185	1934	194	0	0	0	0	0	0	0	0	0	0	0	0	0	0	0	0	0	0	0	0	0	0	0	0	0
samples/krx-tobe/jldfil51010n2/websquare/jldfil51010n2.xml	1	0	0	4	4	35	22	51	51	51	102	21	51	0	0	4	4	31	117	31	117	1273	152	0	0	0	0	0	0	0	0	0	0	0	0	0	0	0	0	0	0	0	0	0	0	0	0	0
samples/krx-tobe/jldfil51020/websquare/jldfil51020.xml	1	0	0	0	0	0	4	30	30	30	60	9	30	0	0	0	0	18	80	18	80	753	76	0	0	0	0	0	0	0	0	0	0	0	0	0	0	0	0	0	0	0	0	0	0	0	0	0
samples/krx-tobe/jldfil51020n/websquare/jldfil51020n.xml	1	0	0	0	0	0	4	35	35	35	70	9	35	0	0	0	0	18	96	18	96	859	100	0	0	0	0	0	0	0	0	0	0	0	0	0	0	0	0	0	0	0	0	0	0	0	0	0
samples/krx-tobe/jldfil51020n2/websquare/jldfil51020n2.xml	1	0	0	0	0	0	4	35	35	35	70	9	35	0	0	0	0	18	96	18	96	862	100	0	0	0	0	0	0	0	0	0	0	0	0	0	0	0	0	0	0	0	0	0	0	0	0	0
samples/krx-tobe/jldfil51030/websquare/jldfil51030.xml	1	0	0	0	0	1	11	385	385	385	770	13	385	1	0	2	2	36	1158	36	1158	8634	1319	0	0	0	0	0	0	0	0	0	0	0	0	0	0	0	0	0	0	0	0	0	0	0	0	0
samples/krx-tobe/jldfil51030n/websquare/jldfil51030n.xml	1	0	0	0	0	0	9	378	378	378	756	11	378	1	0	2	2	31	1145	31	1145	8506	1304	0	0	0	0	0	0	0	0	0	0	0	0	0	0	0	0	0	0	0	0	0	0	0	0	0
samples/krx-tobe/jldfil51030n2/websquare/jldfil51030n2.xml	1	0	0	0	0	0	9	378	378	378	756	11	378	1	0	2	2	31	1145	31	1145	8506	1304	0	0	0	0	0	0	0	0	0	0	0	0	0	0	0	0	0	0	0	0	0	0	0	0	0
samples/krx-tobe/jldfil51040/websquare/jldfil51040.xml	1	0	0	0	0	0	22	74	74	74	148	11	74	0	0	0	0	21	205	21	205	1757	143	0	0	0	0	0	30	0	0	0	0	0	0	30	0	0	0	0	0	0	0	0	0	0	0	30
samples/krx-tobe/jldfil51040n/websquare/jldfil51040n.xml	1	0	0	0	0	0	23	71	71	71	142	11	71	0	0	0	0	20	200	20	200	1716	127	0	0	0	0	0	30	0	0	0	0	0	0	30	0	0	0	0	0	0	0	0	0	0	0	30
samples/krx-tobe/jldfil51040n2/websquare/jldfil51040n2.xml	1	0	0	0	0	0	22	75	75	75	150	11	75	0	0	0	0	21	208	21	208	1801	133	0	0	0	0	0	30	0	0	0	0	0	0	30	0	0	0	0	0	0	0	0	0	0	0	30
samples/krx-tobe/jldfil51050/websquare/jldfil51050.xml	1	0	0	0	0	0	12	32	32	32	64	19	32	0	0	0	0	22	77	22	77	810	49	0	0	0	0	0	0	0	0	0	0	0	0	0	0	0	0	0	0	0	0	0	0	0	0	0
samples/krx-tobe/jldfil51050n/websquare/jldfil51050n.xml	1	0	0	0	0	0	12	33	33	33	66	20	33	0	0	0	0	23	80	23	80	848	49	0	0	0	0	0	0	0	0	0	0	0	0	0	0	0	0	0	0	0	0	0	0	0	0	0
samples/krx-tobe/jldfil51050n2/websquare/jldfil51050n2.xml	1	0	0	0	0	0	12	33	33	33	66	20	33	0	0	0	0	23	80	23	80	848	49	0	0	0	0	0	0	0	0	0	0	0	0	0	0	0	0	0	0	0	0	0	0	0	0	0
samples/krx-tobe/jldfil51060/websquare/jldfil51060.xml	1	0	0	0	0	0	16	46	46	46	92	20	46	0	0	2	2	20	109	20	109	1168	63	0	0	0	0	0	0	0	0	0	0	0	0	0	0	0	0	0	0	0	0	0	0	0	0	0
samples/krx-tobe/jldfil51060n/websquare/jldfil51060n.xml	1	0	0	0	0	0	15	45	45	45	90	21	45	0	0	2	2	20	108	20	108	1140	60	0	0	0	0	0	0	0	0	0	0	0	0	0	0	0	0	0	0	0	0	0	0	0	0	0
samples/krx-tobe/jldfil51060n2/websquare/jldfil51060n2.xml	1	0	0	0	0	0	15	45	45	45	90	21	45	0	0	2	2	20	108	20	108	1140	60	0	0	0	0	0	0	0	0	0	0	0	0	0	0	0	0	0	0	0	0	0	0	0	0	0
samples/krx-tobe/jldfil51070/websquare/jldfil51070.xml	1	0	0	0	0	0	17	46	46	46	92	20	46	0	0	0	0	21	108	21	108	1157	63	0	0	0	0	0	0	0	0	0	0	0	0	0	0	0	0	0	0	0	0	0	0	0	0	0
samples/krx-tobe/jldfil51070n/websquare/jldfil51070n.xml	1	0	0	0	0	0	16	46	46	46	92	22	46	0	0	0	0	21	107	21	107	1146	61	0	0	0	0	0	0	0	0	0	0	0	0	0	0	0	0	0	0	0	0	0	0	0	0	0
samples/krx-tobe/jldfil51070n2/websquare/jldfil51070n2.xml	1	0	0	0	0	0	16	46	46	46	92	22	46	0	0	0	0	21	107	21	107	1146	61	0	0	0	0	0	0	0	0	0	0	0	0	0	0	0	0	0	0	0	0	0	0	0	0	0
samples/krx-tobe/jldfil51080/websquare/jldfil51080.xml	1	0	0	0	0	0	15	32	32	32	64	19	32	0	0	0	0	21	72	21	72	848	49	0	0	0	0	0	0	0	0	0	0	0	0	0	0	0	0	0	0	0	0	0	0	0	0	0
samples/krx-tobe/jldfil51080n/websquare/jldfil51080n.xml	1	0	0	0	0	0	14	32	32	32	64	21	32	0	0	0	0	21	71	21	71	839	47	0	0	0	0	0	0	0	0	0	0	0	0	0	0	0	0	0	0	0	0	0	0	0	0	0
samples/krx-tobe/jldfil51080n2/websquare/jldfil51080n2.xml	1	0	0	0	0	0	14	32	32	32	64	21	32	0	0	0	0	21	71	21	71	839	47	0	0	0	0	0	0	0	0	0	0	0	0	0	0	0	0	0	0	0	0	0	0	0	0	0
samples/krx-tobe/jldfil51090/websquare/jldfil51090.xml	1	0	0	0	0	0	12	41	41	41	82	20	41	0	0	0	0	34	117	34	117	1149	64	0	0	0	0	0	0	0	0	0	0	0	0	0	0	0	0	0	0	0	0	0	0	0	0	0
samples/krx-tobe/jldfil51100/websquare/jldfil51100.xml	1	0	0	0	0	0	12	32	32	32	64	19	32	0	0	0	0	22	77	22	77	810	49	0	0	0	0	0	0	0	0	0	0	0	0	0	0	0	0	0	0	0	0	0	0	0	0	0
samples/krx-tobe/jldfil51110/websquare/jldfil51110.xml	1	0	0	0	0	0	5	78	78	78	156	14	78	0	0	0	0	22	218	22	218	1763	109	0	0	0	0	0	0	0	0	0	0	0	0	0	0	0	0	0	0	0	0	0	0	0	0	0
samples/krx-tobe/jldfil51200/websquare/jldfil51200.xml	1	0	0	0	0	17	36	126	126	126	252	18	126	0	0	8	10	51	388	51	388	3155	234	0	0	0	0	0	0	0	0	0	0	0	0	0	0	0	0	0	0	0	0	0	0	0	0	0
samples/krx-tobe/jldfil51200n/websquare/jldfil51200n.xml	1	0	0	0	0	13	24	71	71	71	142	13	71	0	0	5	7	33	208	33	208	1765	121	0	0	0	0	0	0	0	0	0	0	0	0	0	0	0	0	0	0	0	0	0	0	0	0	0
samples/krx-tobe/jldfil51200n2/websquare/jldfil51200n2.xml	1	0	0	0	0	13	24	71	71	71	142	13	71	0	0	5	7	33	206	33	206	1755	121	0	0	0	0	0	0	0	0	0	0	0	0	0	0	0	0	0	0	0	0	0	0	0	0	0
samples/krx-tobe/jldfil51300/websquare/jldfil51300.xml	1	0	0	0	0	0	10	20	20	20	40	11	20	0	0	0	0	15	56	15	56	471	30	0	0	0	0	0	0	0	0	0	0	0	0	0	0	0	0	0	0	0	0	0	0	0	0	0
samples/krx-tobe/jldfil51300n/websquare/jldfil51300n.xml	1	0	0	0	0	0	11	21	21	21	42	12	21	0	0	0	0	15	60	15	60	492	30	0	0	0	0	0	0	0	0	0	0	0	0	0	0	0	0	0	0	0	0	0	0	0	0	0
samples/krx-tobe/jldfil51300n2/websquare/jldfil51300n2.xml	1	0	0	0	0	0	11	21	21	21	42	12	21	0	0	0	0	15	60	15	60	492	30	0	0	0	0	0	0	0	0	0	0	0	0	0	0	0	0	0	0	0	0	0	0	0	0	0
samples/krx-tobe/jldfil51310/websquare/jldfil51310.xml	1	0	0	0	0	13	12	30	30	30	60	13	30	0	0	0	0	19	70	19	70	751	48	0	0	0	0	0	0	0	0	0	0	0	0	0	0	0	0	0	0	0	0	0	0	0	0	0
samples/krx-tobe/jldfil51310n/websquare/jldfil51310n.xml	1	0	0	0	0	13	12	30	30	30	60	13	30	0	0	0	0	19	71	19	71	755	47	0	0	0	0	0	0	0	0	0	0	0	0	0	0	0	0	0	0	0	0	0	0	0	0	0
samples/krx-tobe/jldfil51310n2/websquare/jldfil51310n2.xml	1	0	0	0	0	13	12	30	30	30	60	13	30	0	0	0	0	19	71	19	71	755	47	0	0	0	0	0	0	0	0	0	0	0	0	0	0	0	0	0	0	0	0	0	0	0	0	0
samples/krx-tobe/jldfil51320/websquare/jldfil51320.xml	1	0	0	0	0	0	12	28	28	28	56	16	28	0	0	0	0	23	72	23	72	704	102	0	0	0	0	0	0	0	0	0	0	0	0	0	0	0	0	0	0	0	0	0	0	0	0	0
samples/krx-tobe/jldfil51320n/websquare/jldfil51320n.xml	1	0	0	0	0	0	13	27	27	27	54	15	27	0	0	0	0	23	72	23	72	691	100	0	0	0	0	0	0	0	0	0	0	0	0	0	0	0	0	0	0	0	0	0	0	0	0	0
samples/krx-tobe/jldfil51320n2/websquare/jldfil51320n2.xml	1	0	0	0	0	0	13	27	27	27	54	15	27	0	0	0	0	23	73	23	73	696	100	0	0	0	0	0	0	0	0	0	0	0	0	0	0	0	0	0	0	0	0	0	0	0	0	0
samples/krx-tobe/jldfil51400/websquare/jldfil51400.xml	1	0	0	0	0	0	0	114	114	114	228	6	114	0	0	0	0	3	316	3	316	2452	114	0	0	0	0	0	0	0	0	0	0	0	0	0	0	0	0	0	0	0	0	0	0	0	0	0
samples/krx-tobe/jldfil51500/websquare/jldfil51500.xml	1	0	0	0	0	2	2	8	8	8	16	4	8	0	0	0	0	1	10	1	10	195	11	0	0	0	0	0	0	0	0	0	0	0	0	0	0	0	0	0	0	0	0	0	0	0	0	0
samples/krx-tobe/jldfil52000/websquare/jldfil52000.xml	1	0	0	0	0	0	11	20	20	20	40	13	20	0	0	0	0	8	27	8	27	485	21	0	0	0	0	0	0	0	0	0	0	0	0	0	0	0	0	0	0	0	0	0	0	0	0	0
samples/krx-tobe/jldfil52100-ref/websquare/jldfil52100-ref.xml	1	1	0	0	0	0	0	24	24	24	48	24	24	24	0	0	0	0	21	0	21	640	27	0	0	0	0	0	0	0	0	0	0	0	0	0	0	0	0	0	0	0	0	0	0	0	0	0
samples/krx-tobe/jldfil52100/websquare/jldfil52100.xml	1	0	0	2	2	26	20	38	38	38	76	19	38	0	0	2	2	19	88	19	88	905	68	0	0	0	0	0	0	0	0	0	0	0	0	0	0	0	0	0	0	0	0	0	0	0	0	0
samples/krx-tobe/jldfil52101/websquare/jldfil52101.xml	1	0	0	2	2	16	15	18	18	18	36	12	18	0	0	2	2	12	36	12	36	450	53	0	0	0	0	0	0	0	0	0	0	0	0	0	0	0	0	0	0	0	0	0	0	0	0	0
samples/krx-tobe/jldfil52110/websquare/jldfil52110.xml	1	0	0	0	0	0	2	7	7	7	14	4	7	0	0	0	0	2	8	2	8	164	10	0	0	0	0	0	0	0	0	0	0	0	0	0	0	0	0	0	0	0	0	0	0	0	0	0
samples/krx-tobe/jldfil52120/websquare/jldfil52120.xml	1	0	0	0	0	0	2	5	5	5	10	3	5	0	0	0	0	8	14	8	14	158	11	0	0	0	0	0	0	0	0	0	0	0	0	0	0	0	0	0	0	0	0	0	0	0	0	0
samples/krx-tobe/jldfil52500/websquare/jldfil52500.xml	1	0	0	1	1	8	11	18	18	18	36	12	18	0	0	1	1	7	22	7	22	416	20	0	0	0	0	0	0	0	0	0	0	0	0	0	0	0	0	0	0	0	0	0	0	0	0	0
samples/krx-tobe/jldfil52510/websquare/jldfil52510.xml	1	0	0	1	1	13	13	37	37	37	74	21	37	0	0	1	1	26	77	26	77	907	71	0	0	0	0	0	0	0	0	0	0	0	0	0	0	0	0	0	0	0	0	0	0	0	0	0
samples/krx-tobe/jldfil52520/websquare/jldfil52520.xml	1	0	0	0	0	0	1	6	6	6	12	4	6	0	0	0	0	2	6	2	6	143	9	0	0	0	0	0	0	0	0	0	0	0	0	0	0	0	0	0	0	0	0	0	0	0	0	0
samples/krx-tobe/jldfil52530/websquare/jldfil52530.xml	1	0	0	0	0	0	4	10	10	10	20	9	10	0	0	0	0	6	13	6	13	231	12	0	0	0	0	0	0	0	0	0	0	0	0	0	0	0	0	0	0	0	0	0	0	0	0	0
samples/krx-tobe/jldfil52600/websquare/jldfil52600.xml	1	0	0	1	1	8	11	17	17	17	34	11	17	0	0	1	1	7	22	7	22	400	19	0	0	0	0	0	0	0	0	0	0	0	0	0	0	0	0	0	0	0	0	0	0	0	0	0
samples/krx-tobe/jldfil52610/websquare/jldfil52610.xml	1	0	0	1	1	13	13	37	37	37	74	21	37	0	0	1	1	26	77	26	77	899	71	0	0	0	0	0	0	0	0	0	0	0	0	0	0	0	0	0	0	0	0	0	0	0	0	0
samples/krx-tobe/jldfil52620/websquare/jldfil52620.xml	1	0	0	0	0	0	1	6	6	6	12	4	6	0	0	0	0	2	6	2	6	143	9	0	0	0	0	0	0	0	0	0	0	0	0	0	0	0	0	0	0	0	0	0	0	0	0	0
samples/krx-tobe/jldfil52700/websquare/jldfil52700.xml	1	0	0	1	1	8	10	17	17	17	34	9	17	0	0	1	1	4	20	4	20	366	19	0	0	0	0	0	0	0	0	0	0	0	0	0	0	0	0	0	0	0	0	0	0	0	0	0
samples/krx-tobe/jldfil52710/websquare/jldfil52710.xml	1	0	0	0	0	0	4	10	10	10	20	6	10	0	0	0	0	8	17	8	17	231	13	0	0	0	0	0	0	0	0	0	0	0	0	0	0	0	0	0	0	0	0	0	0	0	0	0
samples/krx-tobe/jldfil52720/websquare/jldfil52720.xml	1	0	0	0	0	0	4	8	8	8	16	7	8	0	0	0	0	5	11	5	11	190	10	0	0	0	0	0	0	0	0	0	0	0	0	0	0	0	0	0	0	0	0	0	0	0	0	0
samples/krx-tobe/jldfil53000/websquare/jldfil53000.xml	1	0	0	1	1	8	27	23	23	23	46	13	23	0	0	1	1	9	46	9	46	547	25	0	0	0	0	0	0	0	0	0	0	0	0	0	0	0	0	0	0	0	0	0	0	0	0	0
samples/krx-tobe/jldfil53000n/websquare/jldfil53000n.xml	1	0	0	1	1	8	27	23	23	23	46	13	23	0	0	1	1	9	46	9	46	547	25	0	0	0	0	0	0	0	0	0	0	0	0	0	0	0	0	0	0	0	0	0	0	0	0	0
samples/krx-tobe/jldfil53100/websquare/jldfil53100.xml	1	0	0	0	0	2	13	88	88	88	176	17	88	0	0	0	0	34	242	34	242	2118	114	0	0	0	0	0	0	0	0	0	0	0	0	0	0	0	0	0	0	0	0	0	0	0	0	0
samples/krx-tobe/jldfil53100n/websquare/jldfil53100n.xml	1	0	0	0	0	2	13	87	87	87	174	17	87	0	0	0	0	34	237	34	237	2091	106	0	0	0	0	0	0	0	0	0	0	0	0	0	0	0	0	0	0	0	0	0	0	0	0	0
samples/krx-tobe/jldfil53110/websquare/jldfil53110.xml	1	0	0	0	0	0	0	2	2	2	4	2	2	0	0	0	0	0	0	0	0	52	2	0	0	0	0	0	0	0	0	0	0	0	0	0	0	0	0	0	0	0	0	0	0	0	0	0
samples/krx-tobe/jldfil53200/websquare/jldfil53200.xml	1	0	0	0	0	0	7	187	187	187	374	12	187	0	0	8	8	23	568	23	568	4127	196	0	0	0	0	0	0	0	0	0	0	0	0	0	0	0	0	0	0	0	0	0	0	0	0	0
samples/krx-tobe/jldfil53200n/websquare/jldfil53200n.xml	1	0	0	0	0	0	7	187	187	187	374	12	187	0	0	8	8	23	566	23	566	4120	196	0	0	0	0	0	0	0	0	0	0	0	0	0	0	0	0	0	0	0	0	0	0	0	0	0
samples/krx-tobe/jldfil54000/websquare/jldfil54000.xml	1	0	0	0	0	0	7	24	24	24	48	16	24	0	0	0	0	11	33	11	33	584	28	0	0	0	0	0	0	0	0	0	0	0	0	0	0	0	0	0	0	0	0	0	0	0	0	0
samples/krx-tobe/jldfil54000n/websquare/jldfil54000n.xml	1	0	0	0	0	0	7	22	22	22	44	14	22	0	0	0	0	10	29	10	29	537	26	0	0	0	0	0	0	0	0	0	0	0	0	0	0	0	0	0	0	0	0	0	0	0	0	0
samples/krx-tobe/jldfil54100/websquare/jldfil54100.xml	1	0	0	0	0	0	4	24	24	24	48	16	24	0	0	0	0	13	38	13	38	569	34	0	0	0	0	0	0	0	0	0	0	0	0	0	0	0	0	0	0	0	0	0	0	0	0	0
samples/krx-tobe/jldfil54100n/websquare/jldfil54100n.xml	1	0	0	0	0	0	4	25	25	25	50	17	25	0	0	0	0	13	39	13	39	587	34	0	0	0	0	0	0	0	0	0	0	0	0	0	0	0	0	0	0	0	0	0	0	0	0	0
samples/krx-tobe/jldfil54200/websquare/jldfil54200.xml	1	0	0	0	0	0	4	12	12	12	24	8	12	0	0	8	8	12	28	12	28	334	18	0	0	0	0	0	0	0	0	0	0	0	0	0	0	0	0	0	0	0	0	0	0	0	0	0
samples/krx-tobe/jldfil54300/websquare/jldfil54300.xml	1	0	0	0	0	0	10	3	3	3	6	3	3	0	0	0	0	2	4	2	4	88	14	0	0	0	0	0	0	0	0	0	0	0	0	0	0	0	0	0	0	0	0	0	0	0	0	0
samples/krx-tobe/jldfil55000/websquare/jldfil55000.xml	1	0	0	1	1	8	55	36	36	36	72	16	36	0	0	1	1	13	74	13	74	905	38	0	0	0	0	0	0	0	0	0	0	0	0	0	0	0	0	0	0	0	0	0	0	0	0	0
samples/krx-tobe/jldfil55000n/websquare/jldfil55000n.xml	1	0	0	1	1	8	55	34	34	34	68	16	34	0	0	1	1	13	68	13	68	863	36	0	0	0	0	0	0	0	0	0	0	0	0	0	0	0	0	0	0	0	0	0	0	0	0	0
samples/krx-tobe/jldfil55100/websquare/jldfil55100.xml	1	0	0	0	0	0	12	80	80	80	160	21	80	0	0	0	0	25	208	25	208	1942	103	0	0	0	0	0	0	0	0	0	0	0	0	0	0	0	0	0	0	0	0	0	0	0	0	0
samples/krx-tobe/jldfil55100n/websquare/jldfil55100n.xml	1	0	0	0	0	0	10	76	76	76	152	18	76	0	0	0	0	25	203	25	203	1826	88	0	0	0	0	0	0	0	0	0	0	0	0	0	0	0	0	0	0	0	0	0	0	0	0	0
samples/krx-tobe/jldfil55200/websquare/jldfil55200.xml	1	0	0	3	3	24	17	53	53	53	106	25	53	1	0	3	3	34	114	34	114	1332	70	0	0	0	0	0	0	0	0	0	0	0	0	0	0	0	0	0	0	0	0	0	0	0	0	0
samples/krx-tobe/jldfil55200n/websquare/jldfil55200n.xml	1	0	0	2	2	16	18	46	46	46	92	22	46	1	0	2	2	32	103	32	103	1152	58	0	0	0	0	0	0	0	0	0	0	0	0	0	0	0	0	0	0	0	0	0	0	0	0	0
samples/krx-tobe/jldfil55200n2/websquare/jldfil55200n2.xml	1	0	0	2	2	16	16	68	68	68	136	42	68	1	0	2	2	41	148	41	148	1711	82	0	0	0	0	0	0	0	0	0	0	0	0	0	0	0	0	0	0	0	0	0	0	0	0	0
samples/krx-tobe/jldfil55210/websquare/jldfil55210.xml	1	0	0	0	0	0	11	9	9	9	18	6	9	0	0	0	0	0	14	0	14	220	12	0	0	0	0	0	0	0	0	0	0	0	0	0	0	0	0	0	0	0	0	0	0	0	0	0
samples/krx-tobe/jldfil55220/websquare/jldfil55220.xml	1	0	0	0	0	36	9	30	30	30	60	13	30	0	0	2	2	18	79	18	79	846	51	0	0	0	0	0	0	0	0	0	0	0	0	0	0	0	0	0	0	0	0	0	0	0	0	0
samples/krx-tobe/jldfil55230/websquare/jldfil55230.xml	1	0	0	0	0	0	6	19	19	19	38	12	19	0	0	0	0	5	34	5	34	506	28	0	0	0	0	0	0	0	0	0	0	0	0	0	0	0	0	0	0	0	0	0	0	0	0	0
samples/krx-tobe/jldfil55300/websquare/jldfil55300.xml	1	0	0	10	10	82	37	172	172	172	344	38	172	0	0	10	10	59	479	59	479	4135	271	0	0	0	0	0	0	0	0	0	0	0	0	0	0	0	0	0	0	0	0	0	0	0	0	0
samples/krx-tobe/jldfil55300_1/websquare/jldfil55300_1.xml	1	0	0	0	0	0	0	3	3	3	6	2	3	0	0	0	0	0	3	0	3	72	3	0	0	0	0	0	0	0	0	0	0	0	0	0	0	0	0	0	0	0	0	0	0	0	0	0
samples/krx-tobe/jldfil55300_2/websquare/jldfil55300_2.xml	1	0	0	0	0	0	0	3	3	3	6	2	3	0	0	0	0	0	3	0	3	72	3	0	0	0	0	0	0	0	0	0	0	0	0	0	0	0	0	0	0	0	0	0	0	0	0	0
samples/krx-tobe/jldfil55300_3/websquare/jldfil55300_3.xml	1	0	0	0	0	0	0	3	3	3	6	2	3	0	0	0	0	0	3	0	3	72	3	0	0	0	0	0	0	0	0	0	0	0	0	0	0	0	0	0	0	0	0	0	0	0	0	0
samples/krx-tobe/jldfil55300n/websquare/jldfil55300n.xml	1	0	0	7	7	58	26	82	82	82	164	31	82	0	0	7	7	40	214	40	214	2169	142	0	0	0	0	0	0	0	0	0	0	0	0	0	0	0	0	0	0	0	0	0	0	0	0	0
samples/krx-tobe/jldfil55301/websquare/jldfil55301.xml	1	0	0	0	0	36	14	38	38	38	76	15	38	0	0	2	2	26	94	26	94	987	50	0	0	0	0	0	2	0	0	0	0	0	0	2	0	0	0	0	0	0	0	0	0	0	0	2
samples/krx-tobe/jldfil55310/websquare/jldfil55310.xml	1	0	0	0	0	0	13	32	32	32	64	15	32	0	0	0	0	21	71	21	71	801	46	0	0	0	0	0	0	0	0	0	0	0	0	0	0	0	0	0	0	0	0	0	0	0	0	0
samples/krx-tobe/jldfil55310n/websquare/jldfil55310n.xml	1	0	0	0	0	0	14	33	33	33	66	16	33	0	0	0	0	21	72	21	72	828	47	0	0	0	0	0	0	0	0	0	0	0	0	0	0	0	0	0	0	0	0	0	0	0	0	0
samples/krx-tobe/jldfil55310n2/websquare/jldfil55310n2.xml	1	0	0	0	0	0	20	70	70	70	140	42	70	0	0	0	0	37	148	37	148	1753	85	0	0	0	0	0	0	0	0	0	0	0	0	0	0	0	0	0	0	0	0	0	0	0	0	0
samples/krx-tobe/jldfil55320/websquare/jldfil55320.xml	1	0	0	4	4	32	22	103	103	103	206	33	103	0	0	4	4	57	246	57	246	2641	143	0	0	0	0	0	0	0	0	0	0	0	0	0	0	0	0	0	0	0	0	0	0	0	0	0
samples/krx-tobe/jldfil55320n/websquare/jldfil55320n.xml	1	0	0	4	4	32	25	132	132	132	264	59	132	0	0	4	4	73	293	73	293	3382	172	0	0	0	0	0	0	0	0	0	0	0	0	0	0	0	0	0	0	0	0	0	0	0	0	0
samples/krx-tobe/jldfil55320n2/websquare/jldfil55320n2.xml	1	0	0	4	4	32	21	104	104	104	208	34	104	0	0	4	4	60	246	60	246	2663	144	0	0	0	0	0	0	0	0	0	0	0	0	0	0	0	0	0	0	0	0	0	0	0	0	0
samples/krx-tobe/jldfil55330/websquare/jldfil55330.xml	1	0	0	0	0	0	0	3	3	3	6	2	3	0	0	0	0	0	3	0	3	72	3	0	0	0	0	0	0	0	0	0	0	0	0	0	0	0	0	0	0	0	0	0	0	0	0	0
samples/krx-tobe/jldfil55330_1/websquare/jldfil55330_1.xml	1	0	0	0	0	0	0	3	3	3	6	2	3	0	0	0	0	0	3	0	3	72	3	0	0	0	0	0	0	0	0	0	0	0	0	0	0	0	0	0	0	0	0	0	0	0	0	0
samples/krx-tobe/jldfil55331/websquare/jldfil55331.xml	1	0	0	0	0	0	0	3	3	3	6	2	3	0	0	0	0	0	3	0	3	72	3	0	0	0	0	0	0	0	0	0	0	0	0	0	0	0	0	0	0	0	0	0	0	0	0	0
samples/krx-tobe/jldfil55331_1/websquare/jldfil55331_1.xml	1	0	0	0	0	0	0	3	3	3	6	2	3	0	0	0	0	0	3	0	3	72	3	0	0	0	0	0	0	0	0	0	0	0	0	0	0	0	0	0	0	0	0	0	0	0	0	0
samples/krx-tobe/jldfil55332/websquare/jldfil55332.xml	1	0	0	0	0	0	0	3	3	3	6	2	3	0	0	0	0	0	3	0	3	72	3	0	0	0	0	0	0	0	0	0	0	0	0	0	0	0	0	0	0	0	0	0	0	0	0	0
samples/krx-tobe/jldfil55333/websquare/jldfil55333.xml	1	0	0	0	0	0	0	3	3	3	6	2	3	0	0	0	0	0	3	0	3	72	3	0	0	0	0	0	0	0	0	0	0	0	0	0	0	0	0	0	0	0	0	0	0	0	0	0
samples/krx-tobe/jldfil55340/websquare/jldfil55340.xml	1	0	0	0	0	0	2	6	6	6	12	4	6	0	0	0	0	2	21	2	21	167	16	0	0	0	0	0	0	0	0	0	0	0	0	0	0	0	0	0	0	0	0	0	0	0	0	0
samples/krx-tobe/jldfil55400/websquare/jldfil55400.xml	1	0	0	0	0	4	18	54	54	54	108	21	54	0	0	5	7	41	145	41	145	1476	83	0	0	0	0	0	0	0	0	0	0	0	0	0	0	0	0	0	0	0	0	0	0	0	0	0
samples/krx-tobe/jldfil55400n/websquare/jldfil55400n.xml	1	0	0	0	0	4	17	54	54	54	108	21	54	0	0	5	7	41	145	41	145	1484	82	0	0	0	0	0	0	0	0	0	0	0	0	0	0	0	0	0	0	0	0	0	0	0	0	0
samples/krx-tobe/jldfil55700/websquare/jldfil55700.xml	1	0	0	0	0	0	5	11	11	11	22	4	11	0	0	0	0	10	31	10	31	295	35	0	0	0	0	0	0	0	0	0	0	0	0	0	0	0	0	0	0	0	0	0	0	0	0	0
samples/krx-tobe/jldfil55700n/websquare/jldfil55700n.xml	1	0	0	0	0	0	13	11	11	11	22	4	11	0	0	3	3	12	31	12	31	319	67	0	0	0	0	0	0	0	0	0	0	0	0	0	0	0	0	0	0	0	0	0	0	0	0	0
samples/krx-tobe/jldfil55700n2/websquare/jldfil55700n2.xml	1	0	0	0	0	0	13	11	11	11	22	4	11	0	0	3	3	12	31	12	31	319	67	0	0	0	0	0	0	0	0	0	0	0	0	0	0	0	0	0	0	0	0	0	0	0	0	0
samples/krx-tobe/jldfil55800/websquare/jldfil55800.xml	1	0	0	0	0	0	3	16	16	16	32	9	16	0	0	0	0	9	28	9	28	340	18	0	0	0	0	0	0	0	0	0	0	0	0	0	0	0	0	0	0	0	0	0	0	0	0	0
samples/krx-tobe/jldfil55800n/websquare/jldfil55800n.xml	1	0	0	0	0	0	3	15	15	15	30	9	15	0	0	0	0	9	25	9	25	319	17	0	0	0	0	0	0	0	0	0	0	0	0	0	0	0	0	0	0	0	0	0	0	0	0	0
samples/krx-tobe/jldfil55900/websquare/jldfil55900.xml	1	0	0	1	1	9	15	16	16	16	32	9	16	0	0	1	1	18	64	18	64	432	33	0	0	0	0	0	0	0	0	0	0	0	0	0	0	0	0	0	0	0	0	0	0	0	28	0
samples/krx-tobe/jldfil56000/websquare/jldfil56000.xml	1	0	0	0	0	0	4	7	7	7	14	6	7	0	0	0	0	5	11	5	11	172	9	0	0	0	0	0	0	0	0	0	0	0	0	0	0	0	0	0	0	0	0	0	0	0	0	0
samples/krx-tobe/jldfil57000/websquare/jldfil57000.xml	1	0	0	0	0	0	5	18	18	18	36	9	18	0	0	0	0	9	49	9	49	405	24	0	0	0	0	0	0	0	0	0	0	0	0	0	0	0	0	0	0	0	0	0	0	0	0	0
samples/krx-tobe/jldfil57000n/websquare/jldfil57000n.xml	1	0	0	0	0	0	5	17	17	17	34	8	17	0	0	0	0	9	48	9	48	388	23	0	0	0	0	0	0	0	0	0	0	0	0	0	0	0	0	0	0	0	0	0	0	0	0	0
samples/krx-tobe/jldfil57001/websquare/jldfil57001.xml	1	0	0	0	0	13	10	28	28	28	56	12	28	0	0	0	0	18	64	18	64	692	44	0	0	0	0	0	0	0	0	0	0	0	0	0	0	0	0	0	0	0	0	0	0	0	0	0
samples/krx-tobe/jldfil57001n/websquare/jldfil57001n.xml	1	0	0	0	0	13	10	28	28	28	56	12	28	0	0	0	0	18	64	18	64	692	44	0	0	0	0	0	0	0	0	0	0	0	0	0	0	0	0	0	0	0	0	0	0	0	0	0
samples/krx-tobe/jldfil57002/websquare/jldfil57002.xml	1	0	0	0	0	0	6	18	18	18	36	9	18	0	0	0	0	13	46	13	46	456	72	0	0	0	0	0	0	0	0	0	0	0	0	0	0	0	0	0	0	0	0	0	0	0	0	0
samples/krx-tobe/jldfil57002n/websquare/jldfil57002n.xml	1	0	0	0	0	0	6	18	18	18	36	9	18	0	0	0	0	13	46	13	46	456	72	0	0	0	0	0	0	0	0	0	0	0	0	0	0	0	0	0	0	0	0	0	0	0	0	0
samples/krx-tobe/jldfil58000/websquare/jldfil58000.xml	1	0	0	0	0	0	6	16	16	16	32	8	16	0	0	0	0	8	41	8	41	354	22	0	0	0	0	0	0	0	0	0	0	0	0	0	0	0	0	0	0	0	0	0	0	0	0	0
samples/krx-tobe/jldfil58000n/websquare/jldfil58000n.xml	1	0	0	0	0	0	6	15	15	15	30	7	15	0	0	0	0	8	40	8	40	337	21	0	0	0	0	0	0	0	0	0	0	0	0	0	0	0	0	0	0	0	0	0	0	0	0	0
samples/krx-tobe/jldfil58001/websquare/jldfil58001.xml	1	0	0	0	0	0	4	10	10	10	20	6	10	0	0	0	0	11	30	11	30	278	38	0	0	0	0	0	0	0	0	0	0	0	0	0	0	0	0	0	0	0	0	0	0	0	0	0
samples/krx-tobe/jldfil59000/websquare/jldfil59000.xml	1	0	0	0	0	1	3	31	31	31	62	8	31	0	0	0	0	10	77	10	77	775	41	0	0	0	0	0	0	0	0	0	0	0	0	0	0	0	0	0	0	0	0	0	0	0	0	0
samples/krx-tobe/jldfil59100/websquare/jldfil59100.xml	1	0	0	0	0	0	2	5	5	5	10	2	5	0	0	0	0	0	5	0	5	112	8	0	0	0	0	0	0	0	0	0	0	0	0	0	0	0	0	0	0	0	0	0	0	0	0	0
samples/krx-tobe/jldfil59200/websquare/jldfil59200.xml	1	0	0	0	0	1	1	29	29	29	58	7	29	0	0	0	0	3	66	3	66	695	33	0	0	0	0	0	0	0	0	0	0	0	0	0	0	0	0	0	0	0	0	0	0	0	0	0
samples/krx-tobe/jldfil59300/websquare/jldfil59300.xml	1	0	0	0	0	1	1	29	29	29	58	7	29	0	0	0	0	2	65	2	65	686	33	0	0	0	0	0	0	0	0	0	0	0	0	0	0	0	0	0	0	0	0	0	0	0	0	0
samples/krx-tobe/jldfil59400-ref/websquare/jldfil59400-ref.xml	1	1	0	0	0	0	0	14	14	14	28	14	14	14	0	0	0	2	12	2	12	385	14	0	0	0	0	0	0	0	0	0	0	0	0	0	0	0	0	0	0	0	0	0	0	0	0	0
samples/krx-tobe/jldfil59400/websquare/jldfil59400.xml	1	0	0	1	1	8	14	23	23	23	46	14	23	0	0	1	1	15	38	15	38	540	32	0	0	0	0	0	0	0	0	0	0	0	0	0	0	0	0	0	0	0	0	0	0	0	0	0
samples/krx-tobe/jldfil59410-ref/websquare/jldfil59410-ref.xml	1	1	0	0	0	0	0	50	50	50	100	50	50	50	0	0	0	9	54	9	54	1421	58	0	0	0	0	0	0	0	0	0	0	0	0	0	0	0	0	0	0	0	0	0	0	0	0	0
samples/krx-tobe/jldfil59410/websquare/jldfil59410.xml	1	0	0	2	2	36	35	94	94	94	188	31	94	0	0	3	4	75	228	75	228	2530	153	0	0	0	0	0	0	0	0	0	0	0	0	0	0	0	0	0	0	0	0	0	0	0	0	0
samples/krx-tobe/jldfil59411/websquare/jldfil59411.xml	1	0	0	0	0	0	4	8	8	8	16	7	8	0	0	0	0	5	11	5	11	190	10	0	0	0	0	0	0	0	0	0	0	0	0	0	0	0	0	0	0	0	0	0	0	0	0	0
samples/krx-tobe/jldfil59600/websquare/jldfil59600.xml	1	0	0	0	0	1	1	29	29	29	58	7	29	0	0	0	0	2	65	2	65	686	33	0	0	0	0	0	0	0	0	0	0	0	0	0	0	0	0	0	0	0	0	0	0	0	0	0
samples/krx-tobe/jldfil70101/websquare/jldfil70101.xml	1	0	0	0	0	0	0	7	7	7	14	2	7	0	0	0	0	0	16	0	16	187	7	0	0	0	0	0	0	0	0	0	0	0	0	0	0	0	0	0	0	0	0	0	0	0	0	0
samples/krx-tobe/jldfil70201/websquare/jldfil70201.xml	1	0	0	0	0	0	5	17	17	17	34	9	17	0	0	0	0	7	28	7	28	415	24	0	0	0	0	0	0	0	0	0	0	0	0	0	0	0	0	0	0	0	0	0	0	0	0	0
samples/krx-tobe/jldfil70202/websquare/jldfil70202.xml	0	0	0	0	0	0	0	4	4	4	8	3	4	0	0	5	5	0	0	0	0	83	4	0	0	0	0	0	0	0	0	0	0	0	0	0	0	0	0	0	0	0	0	0	0	0	0	0
samples/krx-tobe/jldfil70202c/websquare/jldfil70202c.xml	1	0	0	0	0	0	4	29	29	29	58	15	29	0	0	3	3	20	69	20	69	855	61	0	0	0	0	0	0	0	0	0	0	0	0	0	0	0	0	0	0	0	0	0	0	0	0	0
samples/krx-tobe/jldfil70203/websquare/jldfil70203.xml	0	0	0	0	0	0	0	4	4	4	8	3	4	0	0	5	5	0	0	0	0	83	4	0	0	0	0	0	0	0	0	0	0	0	0	0	0	0	0	0	0	0	0	0	0	0	0	0
samples/krx-tobe/jldfil70203c/websquare/jldfil70203c.xml	1	0	0	0	0	0	1	27	27	27	54	14	27	0	0	6	6	8	48	8	48	769	41	0	0	0	0	0	0	0	0	0	0	0	0	0	0	0	0	0	0	0	0	0	0	0	0	0
samples/krx-tobe/jldfil70204/websquare/jldfil70204.xml	0	0	0	0	0	0	0	4	4	4	8	3	4	0	0	5	5	0	0	0	0	83	4	0	0	0	0	0	0	0	0	0	0	0	0	0	0	0	0	0	0	0	0	0	0	0	0	0
samples/krx-tobe/jldfil70204c/websquare/jldfil70204c.xml	1	0	0	0	0	0	10	36	36	36	72	13	36	0	0	6	6	15	88	15	88	1035	71	0	0	0	0	0	3	0	0	0	0	0	0	3	0	0	0	0	0	0	0	0	0	0	0	3
samples/krx-tobe/jldfil70205/websquare/jldfil70205.xml	0	0	0	0	0	0	0	4	4	4	8	3	4	0	0	5	5	0	0	0	0	83	4	0	0	0	0	0	0	0	0	0	0	0	0	0	0	0	0	0	0	0	0	0	0	0	0	0
samples/krx-tobe/jldfil70205c/websquare/jldfil70205c.xml	1	0	0	0	0	2	3	40	40	40	80	12	40	0	0	0	0	15	102	15	102	990	98	0	0	0	0	0	0	0	0	0	0	0	0	0	0	0	0	0	0	0	0	0	0	0	0	0
samples/krx-tobe/jldfil70211/websquare/jldfil70211.xml	1	0	0	0	0	2	2	8	8	8	16	5	8	0	0	0	0	1	11	1	11	195	11	0	0	0	0	0	0	0	0	0	0	0	0	0	0	0	0	0	0	0	0	0	0	0	0	0
samples/krx-tobe/jldfil70212/websquare/jldfil70212.xml	1	0	0	0	0	0	1	12	12	12	24	9	12	0	0	0	0	5	21	5	21	282	15	0	0	0	0	0	0	0	0	0	0	0	0	0	0	0	0	0	0	0	0	0	0	0	0	0
samples/krx-tobe/jldfil70301/websquare/jldfil70301.xml	1	0	0	0	0	0	5	21	21	21	42	12	21	0	0	0	0	9	36	9	36	511	28	0	0	0	0	0	0	0	0	0	0	0	0	0	0	0	0	0	0	0	0	0	0	0	0	0
samples/krx-tobe/jldfil70302/websquare/jldfil70302.xml	0	0	0	0	0	0	0	4	4	4	8	3	4	0	0	5	5	0	0	0	0	83	4	0	0	0	0	0	0	0	0	0	0	0	0	0	0	0	0	0	0	0	0	0	0	0	0	0
samples/krx-tobe/jldfil70302c/websquare/jldfil70302c.xml	1	0	0	0	0	0	3	26	26	26	52	13	26	0	0	3	3	18	65	18	65	777	53	0	0	0	0	0	0	0	0	0	0	0	0	0	0	0	0	0	0	0	0	0	0	0	0	0
samples/krx-tobe/jldfil70303/websquare/jldfil70303.xml	0	0	0	0	0	0	0	4	4	4	8	3	4	0	0	5	5	0	0	0	0	83	4	0	0	0	0	0	0	0	0	0	0	0	0	0	0	0	0	0	0	0	0	0	0	0	0	0
samples/krx-tobe/jldfil70303c/websquare/jldfil70303c.xml	1	0	0	0	0	0	1	27	27	27	54	14	27	0	0	6	6	8	48	8	48	769	41	0	0	0	0	0	0	0	0	0	0	0	0	0	0	0	0	0	0	0	0	0	0	0	0	0
samples/krx-tobe/jldfil70304/websquare/jldfil70304.xml	0	0	0	0	0	0	0	4	4	4	8	3	4	0	0	5	5	0	0	0	0	83	4	0	0	0	0	0	0	0	0	0	0	0	0	0	0	0	0	0	0	0	0	0	0	0	0	0
samples/krx-tobe/jldfil70304c/websquare/jldfil70304c.xml	1	0	0	0	0	0	10	36	36	36	72	13	36	0	0	6	6	15	88	15	88	1035	71	0	0	0	0	0	3	0	0	0	0	0	0	3	0	0	0	0	0	0	0	0	0	0	0	3
samples/krx-tobe/jldfil70305/websquare/jldfil70305.xml	0	0	0	0	0	0	0	4	4	4	8	3	4	0	0	5	5	0	0	0	0	83	4	0	0	0	0	0	0	0	0	0	0	0	0	0	0	0	0	0	0	0	0	0	0	0	0	0
samples/krx-tobe/jldfil70305c/websquare/jldfil70305c.xml	1	0	0	0	0	2	3	40	40	40	80	12	40	0	0	0	0	15	102	15	102	991	108	0	0	0	0	0	0	0	0	0	0	0	0	0	0	0	0	0	0	0	0	0	0	0	0	0
samples/krx-tobe/jldfil70311/websquare/jldfil70311.xml	1	0	0	0	0	2	2	8	8	8	16	5	8	0	0	0	0	1	11	1	11	195	11	0	0	0	0	0	0	0	0	0	0	0	0	0	0	0	0	0	0	0	0	0	0	0	0	0
samples/krx-tobe/jldfil70312/websquare/jldfil70312.xml	1	0	0	0	0	0	1	12	12	12	24	9	12	0	0	0	0	5	21	5	21	282	15	0	0	0	0	0	0	0	0	0	0	0	0	0	0	0	0	0	0	0	0	0	0	0	0	0
samples/krx-tobe/jldfil70401/websquare/jldfil70401.xml	1	0	0	0	0	1	5	21	21	21	42	10	21	0	0	0	0	8	38	8	38	506	28	0	0	0	0	0	0	0	0	0	0	0	0	0	0	0	0	0	0	0	0	0	0	0	0	0
samples/krx-tobe/jldfil70402/websquare/jldfil70402.xml	0	0	0	0	0	0	0	4	4	4	8	3	4	0	0	5	5	0	0	0	0	83	4	0	0	0	0	0	0	0	0	0	0	0	0	0	0	0	0	0	0	0	0	0	0	0	0	0
samples/krx-tobe/jldfil70402c/websquare/jldfil70402c.xml	1	0	0	0	0	0	1	23	23	23	46	12	23	0	0	3	3	15	54	15	54	688	41	0	0	0	0	0	0	0	0	0	0	0	0	0	0	0	0	0	0	0	0	0	0	0	0	0
samples/krx-tobe/jldfil70403/websquare/jldfil70403.xml	0	0	0	0	0	0	0	4	4	4	8	3	4	0	0	5	5	0	0	0	0	83	4	0	0	0	0	0	0	0	0	0	0	0	0	0	0	0	0	0	0	0	0	0	0	0	0	0
samples/krx-tobe/jldfil70403c/websquare/jldfil70403c.xml	1	0	0	0	0	0	1	27	27	27	54	14	27	0	0	6	6	8	48	8	48	769	41	0	0	0	0	0	0	0	0	0	0	0	0	0	0	0	0	0	0	0	0	0	0	0	0	0
samples/krx-tobe/jldfil70404/websquare/jldfil70404.xml	0	0	0	0	0	0	0	4	4	4	8	3	4	0	0	5	5	0	0	0	0	83	4	0	0	0	0	0	0	0	0	0	0	0	0	0	0	0	0	0	0	0	0	0	0	0	0	0
samples/krx-tobe/jldfil70404c/websquare/jldfil70404c.xml	1	0	0	0	0	0	10	36	36	36	72	13	36	0	0	6	6	15	88	15	88	1035	71	0	0	0	0	0	3	0	0	0	0	0	0	3	0	0	0	0	0	0	0	0	0	0	0	3
samples/krx-tobe/jldfil70405/websquare/jldfil70405.xml	0	0	0	0	0	0	0	4	4	4	8	3	4	0	0	5	5	0	0	0	0	83	4	0	0	0	0	0	0	0	0	0	0	0	0	0	0	0	0	0	0	0	0	0	0	0	0	0
samples/krx-tobe/jldfil70405c/websquare/jldfil70405c.xml	1	0	0	0	0	2	3	40	40	40	80	12	40	0	0	0	0	15	102	15	102	990	108	0	0	0	0	0	0	0	0	0	0	0	0	0	0	0	0	0	0	0	0	0	0	0	0	0
samples/krx-tobe/jldfil70411/websquare/jldfil70411.xml	1	0	0	0	0	2	2	8	8	8	16	5	8	0	0	0	0	1	11	1	11	195	11	0	0	0	0	0	0	0	0	0	0	0	0	0	0	0	0	0	0	0	0	0	0	0	0	0
samples/krx-tobe/jldfil70412/websquare/jldfil70412.xml	1	0	0	0	0	0	1	12	12	12	24	9	12	0	0	0	0	5	21	5	21	282	15	0	0	0	0	0	0	0	0	0	0	0	0	0	0	0	0	0	0	0	0	0	0	0	0	0
samples/krx-tobe/jldfil70501/websquare/jldfil70501.xml	1	0	0	0	0	1	5	21	21	21	42	10	21	0	0	0	0	8	38	8	38	506	28	0	0	0	0	0	0	0	0	0	0	0	0	0	0	0	0	0	0	0	0	0	0	0	0	0
samples/krx-tobe/jldfil70502/websquare/jldfil70502.xml	0	0	0	0	0	0	0	4	4	4	8	3	4	0	0	5	5	0	0	0	0	83	4	0	0	0	0	0	0	0	0	0	0	0	0	0	0	0	0	0	0	0	0	0	0	0	0	0
samples/krx-tobe/jldfil70502c/websquare/jldfil70502c.xml	1	0	0	0	0	0	1	23	23	23	46	12	23	0	0	3	3	15	54	15	54	688	41	0	0	0	0	0	0	0	0	0	0	0	0	0	0	0	0	0	0	0	0	0	0	0	0	0
samples/krx-tobe/jldfil70503/websquare/jldfil70503.xml	0	0	0	0	0	0	0	4	4	4	8	3	4	0	0	5	5	0	0	0	0	83	4	0	0	0	0	0	0	0	0	0	0	0	0	0	0	0	0	0	0	0	0	0	0	0	0	0
samples/krx-tobe/jldfil70503c/websquare/jldfil70503c.xml	1	0	0	0	0	0	1	27	27	27	54	14	27	0	0	6	6	8	48	8	48	769	41	0	0	0	0	0	0	0	0	0	0	0	0	0	0	0	0	0	0	0	0	0	0	0	0	0
samples/krx-tobe/jldfil70504/websquare/jldfil70504.xml	0	0	0	0	0	0	0	4	4	4	8	3	4	0	0	5	5	0	0	0	0	83	4	0	0	0	0	0	0	0	0	0	0	0	0	0	0	0	0	0	0	0	0	0	0	0	0	0
samples/krx-tobe/jldfil70504c/websquare/jldfil70504c.xml	1	0	0	0	0	0	10	36	36	36	72	13	36	0	0	6	6	15	88	15	88	1035	71	0	0	0	0	0	3	0	0	0	0	0	0	3	0	0	0	0	0	0	0	0	0	0	0	3
samples/krx-tobe/jldfil70505/websquare/jldfil70505.xml	0	0	0	0	0	0	0	4	4	4	8	3	4	0	0	5	5	0	0	0	0	83	4	0	0	0	0	0	0	0	0	0	0	0	0	0	0	0	0	0	0	0	0	0	0	0	0	0
samples/krx-tobe/jldfil70505c/websquare/jldfil70505c.xml	1	0	0	0	0	2	3	40	40	40	80	12	40	0	0	0	0	15	102	15	102	987	108	0	0	0	0	0	0	0	0	0	0	0	0	0	0	0	0	0	0	0	0	0	0	0	0	0
samples/krx-tobe/jldfil70511/websquare/jldfil70511.xml	1	0	0	0	0	2	2	8	8	8	16	5	8	0	0	0	0	1	11	1	11	195	11	0	0	0	0	0	0	0	0	0	0	0	0	0	0	0	0	0	0	0	0	0	0	0	0	0
samples/krx-tobe/jldfil70512/websquare/jldfil70512.xml	1	0	0	0	0	0	1	12	12	12	24	9	12	0	0	0	0	5	21	5	21	282	15	0	0	0	0	0	0	0	0	0	0	0	0	0	0	0	0	0	0	0	0	0	0	0	0	0
samples/krx-tobe/jldfil70601/websquare/jldfil70601.xml	1	0	0	0	0	1	3	11	11	11	22	6	11	0	0	0	0	4	17	4	17	269	12	0	0	0	0	0	0	0	0	0	0	0	0	0	0	0	0	0	0	0	0	0	0	0	0	0
samples/krx-tobe/jldfil70602/websquare/jldfil70602.xml	0	0	0	0	0	0	0	4	4	4	8	3	4	0	0	5	5	0	0	0	0	83	4	0	0	0	0	0	0	0	0	0	0	0	0	0	0	0	0	0	0	0	0	0	0	0	0	0
samples/krx-tobe/jldfil70602c/websquare/jldfil70602c.xml	1	0	0	0	0	1	1	14	14	14	28	11	14	0	0	0	0	13	28	13	28	372	45	0	0	0	0	0	0	0	0	0	0	0	0	0	0	0	0	0	0	0	0	0	0	0	0	0
samples/krx-tobe/jldfil70603/websquare/jldfil70603.xml	0	0	0	0	0	0	0	4	4	4	8	3	4	0	0	5	5	0	0	0	0	83	4	0	0	0	0	0	0	0	0	0	0	0	0	0	0	0	0	0	0	0	0	0	0	0	0	0
samples/krx-tobe/jldfil70603c/websquare/jldfil70603c.xml	1	0	0	0	0	1	0	15	15	15	30	10	15	0	0	0	0	3	19	3	19	346	15	0	0	0	0	0	0	0	0	0	0	0	0	0	0	0	0	0	0	0	0	0	0	0	0	0
samples/krx-tobe/jldfil70604/websquare/jldfil70604.xml	0	0	0	0	0	0	0	4	4	4	8	3	4	0	0	5	5	0	0	0	0	83	4	0	0	0	0	0	0	0	0	0	0	0	0	0	0	0	0	0	0	0	0	0	0	0	0	0
samples/krx-tobe/jldfil70604c/websquare/jldfil70604c.xml	1	0	0	0	0	1	5	20	20	20	40	13	20	0	0	0	0	12	50	12	50	542	35	0	0	0	0	0	0	0	0	0	0	0	0	0	0	0	0	0	0	0	0	0	0	0	0	0
samples/krx-tobe/jldfil70605/websquare/jldfil70605.xml	0	0	0	0	0	0	0	4	4	4	8	3	4	0	0	5	5	0	0	0	0	83	4	0	0	0	0	0	0	0	0	0	0	0	0	0	0	0	0	0	0	0	0	0	0	0	0	0
samples/krx-tobe/jldfil70605c/websquare/jldfil70605c.xml	1	0	0	0	0	3	3	29	29	29	58	13	29	0	0	0	0	16	68	16	68	743	60	0	0	0	0	0	0	0	0	0	0	0	0	0	0	0	0	0	0	0	0	0	0	0	0	0
samples/krx-tobe/jldfil70701/websquare/jldfil70701.xml	1	0	0	0	0	0	4	9	9	9	18	5	9	0	0	0	0	3	13	3	13	202	10	0	0	0	0	0	0	0	0	0	0	0	0	0	0	0	0	0	0	0	0	0	0	0	0	0
samples/krx-tobe/jldfil70702/websquare/jldfil70702.xml	1	0	0	0	0	1	1	10	10	10	20	6	10	0	0	0	0	4	18	4	18	280	46	0	0	0	0	0	0	0	0	0	0	0	0	0	0	0	0	0	0	0	0	0	0	0	0	0
samples/krx-tobe/jldfil70801/websquare/jldfil70801.xml	1	0	0	0	0	0	5	17	17	17	34	9	17	0	0	0	0	7	28	7	28	415	24	0	0	0	0	0	0	0	0	0	0	0	0	0	0	0	0	0	0	0	0	0	0	0	0	0
samples/krx-tobe/jldfil70802/websquare/jldfil70802.xml	0	0	0	0	0	0	0	4	4	4	8	3	4	0	0	5	5	0	0	0	0	83	4	0	0	0	0	0	0	0	0	0	0	0	0	0	0	0	0	0	0	0	0	0	0	0	0	0
samples/krx-tobe/jldfil70802c/websquare/jldfil70802c.xml	1	0	0	0	0	0	4	30	30	30	60	16	30	0	0	4	4	21	71	21	71	920	62	0	0	0	0	0	0	0	0	0	0	0	0	0	0	0	0	0	0	0	0	0	0	0	0	0
samples/krx-tobe/jldfil70803/websquare/jldfil70803.xml	0	0	0	0	0	0	0	4	4	4	8	3	4	0	0	5	5	0	0	0	0	83	4	0	0	0	0	0	0	0	0	0	0	0	0	0	0	0	0	0	0	0	0	0	0	0	0	0
samples/krx-tobe/jldfil70803c/websquare/jldfil70803c.xml	1	0	0	1	1	8	71	47	47	47	94	22	47	0	0	8	8	35	98	35	98	1703	85	0	0	0	0	0	0	0	0	0	0	0	0	0	0	0	0	0	0	0	0	0	0	0	0	0
samples/krx-tobe/jldfil70804/websquare/jldfil70804.xml	0	0	0	0	0	0	0	4	4	4	8	3	4	0	0	5	5	0	0	0	0	83	4	0	0	0	0	0	0	0	0	0	0	0	0	0	0	0	0	0	0	0	0	0	0	0	0	0
samples/krx-tobe/jldfil70804c/websquare/jldfil70804c.xml	1	0	0	0	0	0	1	27	27	27	54	14	27	0	0	8	8	8	48	8	48	828	41	0	0	0	0	0	0	0	0	0	0	0	0	0	0	0	0	0	0	0	0	0	0	0	0	0
samples/krx-tobe/jldfil70805/websquare/jldfil70805.xml	0	0	0	0	0	0	0	4	4	4	8	3	4	0	0	5	5	0	0	0	0	83	4	0	0	0	0	0	0	0	0	0	0	0	0	0	0	0	0	0	0	0	0	0	0	0	0	0
samples/krx-tobe/jldfil70805c/websquare/jldfil70805c.xml	1	0	0	0	0	0	10	36	36	36	72	13	36	0	0	8	8	15	88	15	88	1094	71	0	0	0	0	0	3	0	0	0	0	0	0	3	0	0	0	0	0	0	0	0	0	0	0	3
samples/krx-tobe/jldfil70806/websquare/jldfil70806.xml	0	0	0	0	0	0	0	4	4	4	8	3	4	0	0	5	5	0	0	0	0	83	4	0	0	0	0	0	0	0	0	0	0	0	0	0	0	0	0	0	0	0	0	0	0	0	0	0
samples/krx-tobe/jldfil70806c/websquare/jldfil70806c.xml	1	0	0	0	0	2	3	40	40	40	80	12	40	0	0	0	0	15	102	15	102	999	98	0	0	0	0	0	0	0	0	0	0	0	0	0	0	0	0	0	0	0	0	0	0	0	0	0
samples/krx-tobe/jldfil70811/websquare/jldfil70811.xml	1	0	0	0	0	2	2	8	8	8	16	5	8	0	0	0	0	1	11	1	11	195	11	0	0	0	0	0	0	0	0	0	0	0	0	0	0	0	0	0	0	0	0	0	0	0	0	0
samples/krx-tobe/jldfil70812/websquare/jldfil70812.xml	1	0	0	0	0	0	1	12	12	12	24	9	12	0	0	0	0	5	21	5	21	282	15	0	0	0	0	0	0	0	0	0	0	0	0	0	0	0	0	0	0	0	0	0	0	0	0	0
samples/krx-tobe/jldfil70901/websquare/jldfil70901.xml	1	0	0	0	0	0	5	21	21	21	42	12	21	0	0	0	0	9	36	9	36	511	28	0	0	0	0	0	0	0	0	0	0	0	0	0	0	0	0	0	0	0	0	0	0	0	0	0
samples/krx-tobe/jldfil70902/websquare/jldfil70902.xml	0	0	0	0	0	0	0	4	4	4	8	3	4	0	0	5	5	0	0	0	0	83	4	0	0	0	0	0	0	0	0	0	0	0	0	0	0	0	0	0	0	0	0	0	0	0	0	0
samples/krx-tobe/jldfil70902c/websquare/jldfil70902c.xml	1	0	0	0	0	0	3	26	26	26	52	13	26	0	0	4	4	18	65	18	65	811	53	0	0	0	0	0	0	0	0	0	0	0	0	0	0	0	0	0	0	0	0	0	0	0	0	0
samples/krx-tobe/jldfil70903/websquare/jldfil70903.xml	0	0	0	0	0	0	0	4	4	4	8	3	4	0	0	5	5	0	0	0	0	83	4	0	0	0	0	0	0	0	0	0	0	0	0	0	0	0	0	0	0	0	0	0	0	0	0	0
samples/krx-tobe/jldfil70903c/websquare/jldfil70903c.xml	1	0	0	1	1	8	73	48	48	48	96	23	48	0	0	8	8	35	98	35	98	1716	86	0	0	0	0	0	0	0	0	0	0	0	0	0	0	0	0	0	0	0	0	0	0	0	0	0
samples/krx-tobe/jldfil70904/websquare/jldfil70904.xml	0	0	0	0	0	0	0	4	4	4	8	3	4	0	0	5	5	0	0	0	0	83	4	0	0	0	0	0	0	0	0	0	0	0	0	0	0	0	0	0	0	0	0	0	0	0	0	0
samples/krx-tobe/jldfil70904c/websquare/jldfil70904c.xml	1	0	0	0	0	0	1	27	27	27	54	14	27	0	0	8	8	8	48	8	48	828	41	0	0	0	0	0	0	0	0	0	0	0	0	0	0	0	0	0	0	0	0	0	0	0	0	0
samples/krx-tobe/jldfil70905/websquare/jldfil70905.xml	0	0	0	0	0	0	0	4	4	4	8	3	4	0	0	5	5	0	0	0	0	83	4	0	0	0	0	0	0	0	0	0	0	0	0	0	0	0	0	0	0	0	0	0	0	0	0	0
samples/krx-tobe/jldfil70905c/websquare/jldfil70905c.xml	1	0	0	0	0	0	10	36	36	36	72	13	36	0	0	8	8	15	88	15	88	1094	71	0	0	0	0	0	3	0	0	0	0	0	0	3	0	0	0	0	0	0	0	0	0	0	0	3
samples/krx-tobe/jldfil70906/websquare/jldfil70906.xml	0	0	0	0	0	0	0	4	4	4	8	3	4	0	0	5	5	0	0	0	0	83	4	0	0	0	0	0	0	0	0	0	0	0	0	0	0	0	0	0	0	0	0	0	0	0	0	0
samples/krx-tobe/jldfil70906c/websquare/jldfil70906c.xml	1	0	0	0	0	2	3	40	40	40	80	12	40	0	0	0	0	15	102	15	102	1000	108	0	0	0	0	0	0	0	0	0	0	0	0	0	0	0	0	0	0	0	0	0	0	0	0	0
samples/krx-tobe/jldfil70911/websquare/jldfil70911.xml	1	0	0	0	0	2	2	8	8	8	16	5	8	0	0	0	0	1	11	1	11	195	11	0	0	0	0	0	0	0	0	0	0	0	0	0	0	0	0	0	0	0	0	0	0	0	0	0
samples/krx-tobe/jldfil70912/websquare/jldfil70912.xml	1	0	0	0	0	0	1	12	12	12	24	9	12	0	0	0	0	5	21	5	21	282	15	0	0	0	0	0	0	0	0	0	0	0	0	0	0	0	0	0	0	0	0	0	0	0	0	0
samples/krx-tobe/jldfil71000/websquare/jldfil71000.xml	1	0	0	0	0	1	3	31	31	31	62	8	31	0	0	0	0	10	77	10	77	777	41	0	0	0	0	0	0	0	0	0	0	0	0	0	0	0	0	0	0	0	0	0	0	0	0	0
samples/krx-tobe/jldfil71001/websquare/jldfil71001.xml	1	0	0	0	0	1	5	21	21	21	42	10	21	0	0	0	0	8	38	8	38	506	28	0	0	0	0	0	0	0	0	0	0	0	0	0	0	0	0	0	0	0	0	0	0	0	0	0
samples/krx-tobe/jldfil71002/websquare/jldfil71002.xml	0	0	0	0	0	0	0	4	4	4	8	3	4	0	0	5	5	0	0	0	0	83	4	0	0	0	0	0	0	0	0	0	0	0	0	0	0	0	0	0	0	0	0	0	0	0	0	0
samples/krx-tobe/jldfil71002c/websquare/jldfil71002c.xml	1	0	0	0	0	0	1	23	23	23	46	12	23	0	0	4	4	15	54	15	54	722	41	0	0	0	0	0	0	0	0	0	0	0	0	0	0	0	0	0	0	0	0	0	0	0	0	0
samples/krx-tobe/jldfil71003/websquare/jldfil71003.xml	0	0	0	0	0	0	0	4	4	4	8	3	4	0	0	5	5	0	0	0	0	83	4	0	0	0	0	0	0	0	0	0	0	0	0	0	0	0	0	0	0	0	0	0	0	0	0	0
samples/krx-tobe/jldfil71003c/websquare/jldfil71003c.xml	1	0	0	1	1	8	71	48	48	48	96	23	48	0	0	8	8	35	98	35	98	1710	86	0	0	0	0	0	0	0	0	0	0	0	0	0	0	0	0	0	0	0	0	0	0	0	0	0
samples/krx-tobe/jldfil71004/websquare/jldfil71004.xml	0	0	0	0	0	0	0	4	4	4	8	3	4	0	0	5	5	0	0	0	0	83	4	0	0	0	0	0	0	0	0	0	0	0	0	0	0	0	0	0	0	0	0	0	0	0	0	0
samples/krx-tobe/jldfil71004c/websquare/jldfil71004c.xml	1	0	0	0	0	0	1	27	27	27	54	14	27	0	0	8	8	8	48	8	48	828	41	0	0	0	0	0	0	0	0	0	0	0	0	0	0	0	0	0	0	0	0	0	0	0	0	0
samples/krx-tobe/jldfil71005/websquare/jldfil71005.xml	0	0	0	0	0	0	0	4	4	4	8	3	4	0	0	5	5	0	0	0	0	83	4	0	0	0	0	0	0	0	0	0	0	0	0	0	0	0	0	0	0	0	0	0	0	0	0	0
samples/krx-tobe/jldfil71005c/websquare/jldfil71005c.xml	1	0	0	0	0	0	10	36	36	36	72	13	36	0	0	8	8	15	88	15	88	1094	71	0	0	0	0	0	3	0	0	0	0	0	0	3	0	0	0	0	0	0	0	0	0	0	0	3
samples/krx-tobe/jldfil71006/websquare/jldfil71006.xml	0	0	0	0	0	0	0	4	4	4	8	3	4	0	0	5	5	0	0	0	0	83	4	0	0	0	0	0	0	0	0	0	0	0	0	0	0	0	0	0	0	0	0	0	0	0	0	0
samples/krx-tobe/jldfil71006c/websquare/jldfil71006c.xml	1	0	0	0	0	2	3	40	40	40	80	12	40	0	0	0	0	15	102	15	102	999	108	0	0	0	0	0	0	0	0	0	0	0	0	0	0	0	0	0	0	0	0	0	0	0	0	0
samples/krx-tobe/jldfil71011/websquare/jldfil71011.xml	1	0	0	0	0	2	2	8	8	8	16	5	8	0	0	0	0	1	11	1	11	195	11	0	0	0	0	0	0	0	0	0	0	0	0	0	0	0	0	0	0	0	0	0	0	0	0	0
samples/krx-tobe/jldfil71012/websquare/jldfil71012.xml	1	0	0	0	0	0	1	12	12	12	24	9	12	0	0	0	0	5	21	5	21	282	15	0	0	0	0	0	0	0	0	0	0	0	0	0	0	0	0	0	0	0	0	0	0	0	0	0
samples/krx-tobe/jldfil71101/websquare/jldfil71101.xml	1	0	0	0	0	1	5	21	21	21	42	10	21	0	0	0	0	8	38	8	38	506	28	0	0	0	0	0	0	0	0	0	0	0	0	0	0	0	0	0	0	0	0	0	0	0	0	0
samples/krx-tobe/jldfil71102/websquare/jldfil71102.xml	0	0	0	0	0	0	0	4	4	4	8	3	4	0	0	5	5	0	0	0	0	83	4	0	0	0	0	0	0	0	0	0	0	0	0	0	0	0	0	0	0	0	0	0	0	0	0	0
samples/krx-tobe/jldfil71102c/websquare/jldfil71102c.xml	1	0	0	0	0	0	1	23	23	23	46	12	23	0	0	4	4	15	54	15	54	722	41	0	0	0	0	0	0	0	0	0	0	0	0	0	0	0	0	0	0	0	0	0	0	0	0	0
samples/krx-tobe/jldfil71103/websquare/jldfil71103.xml	0	0	0	0	0	0	0	4	4	4	8	3	4	0	0	5	5	0	0	0	0	83	4	0	0	0	0	0	0	0	0	0	0	0	0	0	0	0	0	0	0	0	0	0	0	0	0	0
samples/krx-tobe/jldfil71103c/websquare/jldfil71103c.xml	1	0	0	1	1	8	73	48	48	48	96	23	48	0	0	8	8	35	98	35	98	1716	86	0	0	0	0	0	0	0	0	0	0	0	0	0	0	0	0	0	0	0	0	0	0	0	0	0
samples/krx-tobe/jldfil71104/websquare/jldfil71104.xml	0	0	0	0	0	0	0	4	4	4	8	3	4	0	0	5	5	0	0	0	0	83	4	0	0	0	0	0	0	0	0	0	0	0	0	0	0	0	0	0	0	0	0	0	0	0	0	0
samples/krx-tobe/jldfil71104c/websquare/jldfil71104c.xml	1	0	0	0	0	0	1	27	27	27	54	14	27	0	0	8	8	8	48	8	48	828	41	0	0	0	0	0	0	0	0	0	0	0	0	0	0	0	0	0	0	0	0	0	0	0	0	0
samples/krx-tobe/jldfil71105/websquare/jldfil71105.xml	0	0	0	0	0	0	0	4	4	4	8	3	4	0	0	5	5	0	0	0	0	83	4	0	0	0	0	0	0	0	0	0	0	0	0	0	0	0	0	0	0	0	0	0	0	0	0	0
samples/krx-tobe/jldfil71105c/websquare/jldfil71105c.xml	1	0	0	0	0	0	10	36	36	36	72	13	36	0	0	8	8	15	88	15	88	1094	71	0	0	0	0	0	3	0	0	0	0	0	0	3	0	0	0	0	0	0	0	0	0	0	0	3
samples/krx-tobe/jldfil71106/websquare/jldfil71106.xml	0	0	0	0	0	0	0	4	4	4	8	3	4	0	0	5	5	0	0	0	0	83	4	0	0	0	0	0	0	0	0	0	0	0	0	0	0	0	0	0	0	0	0	0	0	0	0	0
samples/krx-tobe/jldfil71106c/websquare/jldfil71106c.xml	1	0	0	0	0	2	3	40	40	40	80	12	40	0	0	0	0	15	102	15	102	996	108	0	0	0	0	0	0	0	0	0	0	0	0	0	0	0	0	0	0	0	0	0	0	0	0	0
samples/krx-tobe/jldfil71111/websquare/jldfil71111.xml	1	0	0	0	0	2	2	8	8	8	16	5	8	0	0	0	0	1	11	1	11	195	11	0	0	0	0	0	0	0	0	0	0	0	0	0	0	0	0	0	0	0	0	0	0	0	0	0
samples/krx-tobe/jldfil71112/websquare/jldfil71112.xml	1	0	0	0	0	0	1	12	12	12	24	9	12	0	0	0	0	5	21	5	21	282	15	0	0	0	0	0	0	0	0	0	0	0	0	0	0	0	0	0	0	0	0	0	0	0	0	0
samples/krx-tobe/jldfil71201/websquare/jldfil71201.xml	1	0	0	0	0	0	0	6	6	6	12	2	6	0	0	0	0	0	12	0	12	154	6	0	0	0	0	0	0	0	0	0	0	0	0	0	0	0	0	0	0	0	0	0	0	0	0	0
samples/krx-tobe/jldfil71202/websquare/jldfil71202.xml	0	0	0	0	0	0	0	4	4	4	8	3	4	0	0	5	5	0	0	0	0	83	4	0	0	0	0	0	0	0	0	0	0	0	0	0	0	0	0	0	0	0	0	0	0	0	0	0
samples/krx-tobe/jldfil71202c/websquare/jldfil71202c.xml	1	0	0	0	0	1	1	12	12	12	24	9	12	0	0	0	0	12	26	12	26	334	43	0	0	0	0	0	0	0	0	0	0	0	0	0	0	0	0	0	0	0	0	0	0	0	0	0
samples/krx-tobe/jldfil71203/websquare/jldfil71203.xml	0	0	0	0	0	0	0	4	4	4	8	3	4	0	0	5	5	0	0	0	0	83	4	0	0	0	0	0	0	0	0	0	0	0	0	0	0	0	0	0	0	0	0	0	0	0	0	0
samples/krx-tobe/jldfil71203c/websquare/jldfil71203c.xml	1	0	0	1	1	9	14	18	18	18	36	14	18	0	0	4	4	21	35	21	35	698	57	0	0	0	0	0	0	0	0	0	0	0	0	0	0	0	0	0	0	0	0	0	0	0	0	0
samples/krx-tobe/jldfil71204/websquare/jldfil71204.xml	0	0	0	0	0	0	0	4	4	4	8	3	4	0	0	5	5	0	0	0	0	83	4	0	0	0	0	0	0	0	0	0	0	0	0	0	0	0	0	0	0	0	0	0	0	0	0	0
samples/krx-tobe/jldfil71204c/websquare/jldfil71204c.xml	1	0	0	0	0	1	0	13	13	13	26	8	13	0	0	0	0	2	17	2	17	308	13	0	0	0	0	0	0	0	0	0	0	0	0	0	0	0	0	0	0	0	0	0	0	0	0	0
samples/krx-tobe/jldfil71205/websquare/jldfil71205.xml	0	0	0	0	0	0	0	4	4	4	8	3	4	0	0	5	5	0	0	0	0	83	4	0	0	0	0	0	0	0	0	0	0	0	0	0	0	0	0	0	0	0	0	0	0	0	0	0
samples/krx-tobe/jldfil71205c/websquare/jldfil71205c.xml	1	0	0	0	0	1	5	14	14	14	28	8	14	0	0	0	0	9	41	9	41	391	29	0	0	0	0	0	0	0	0	0	0	0	0	0	0	0	0	0	0	0	0	0	0	0	0	0
samples/krx-tobe/jldfil71206/websquare/jldfil71206.xml	0	0	0	0	0	0	0	4	4	4	8	3	4	0	0	5	5	0	0	0	0	83	4	0	0	0	0	0	0	0	0	0	0	0	0	0	0	0	0	0	0	0	0	0	0	0	0	0
samples/krx-tobe/jldfil71206c/websquare/jldfil71206c.xml	1	0	0	0	0	3	3	22	22	22	44	7	22	0	0	0	0	12	60	12	60	562	53	0	0	0	0	0	0	0	0	0	0	0	0	0	0	0	0	0	0	0	0	0	0	0	0	0
samples/krx-tobe/jldfil71301/websquare/jldfil71301.xml	1	0	0	0	0	0	10	18	18	18	36	11	18	0	0	0	0	7	22	7	22	410	19	0	0	0	0	0	0	0	0	0	0	0	0	0	0	0	0	0	0	0	0	0	0	0	0	0
samples/krx-tobe/jldfil71301_tip/websquare/jldfil71301_tip.xml	1	0	0	0	0	0	0	2	2	2	4	2	2	0	0	0	0	0	0	0	0	52	2	0	0	0	0	0	0	0	0	0	0	0	0	0	0	0	0	0	0	0	0	0	0	0	0	0
samples/krx-tobe/jldfil71302/websquare/jldfil71302.xml	1	0	0	0	0	8	16	67	67	67	134	31	67	0	0	0	0	33	149	33	149	1686	174	0	0	0	0	0	0	0	0	0	0	0	0	0	0	0	0	0	0	0	0	0	0	0	0	0
samples/krx-tobe/jldfil71310/websquare/jldfil71310.xml	1	0	0	0	0	0	4	8	8	8	16	7	8	0	0	0	0	5	10	5	10	191	12	0	0	0	0	0	0	0	0	0	0	0	0	0	0	0	0	0	0	0	0	0	0	0	0	0
samples/krx-tobe/jldfil71401/websquare/jldfil71401.xml	1	0	0	1	1	8	7	15	15	15	30	10	15	0	0	1	1	13	28	13	28	358	20	0	0	0	0	0	0	0	0	0	0	0	0	0	0	0	0	0	0	0	0	0	0	0	0	0
samples/krx-tobe/jldfil71402/websquare/jldfil71402.xml	1	0	0	0	0	0	2	16	16	16	32	12	16	0	0	0	0	10	32	10	32	403	20	0	0	0	0	0	0	0	0	0	0	0	0	0	0	0	0	0	0	0	0	0	0	0	0	0
samples/krx-tobe/jldfil71501/websquare/jldfil71501.xml	1	0	0	0	0	0	7	19	19	19	38	11	19	0	0	0	0	14	39	14	39	474	27	0	0	0	0	0	0	0	0	0	0	0	0	0	0	0	0	0	0	0	0	0	0	0	0	0
samples/krx-tobe/jldfil71502/websquare/jldfil71502.xml	0	0	0	0	0	0	0	4	4	4	8	3	4	0	0	5	5	0	0	0	0	83	4	0	0	0	0	0	0	0	0	0	0	0	0	0	0	0	0	0	0	0	0	0	0	0	0	0
samples/krx-tobe/jldfil71502c/websquare/jldfil71502c.xml	1	0	0	0	0	0	74	53	53	53	106	19	53	0	0	23	24	25	97	25	97	1821	76	0	0	0	0	0	0	0	0	0	0	0	0	0	0	0	0	0	0	0	0	0	0	0	0	0
samples/krx-tobe/jldfil71503/websquare/jldfil71503.xml	0	0	0	0	0	0	0	4	4	4	8	3	4	0	0	5	5	0	0	0	0	83	4	0	0	0	0	0	0	0	0	0	0	0	0	0	0	0	0	0	0	0	0	0	0	0	0	0
samples/krx-tobe/jldfil71503c/websquare/jldfil71503c.xml	1	0	0	0	0	0	2	32	32	32	64	13	32	0	0	5	6	9	50	9	50	1019	40	0	0	0	0	0	0	0	0	0	0	0	0	0	0	0	0	0	0	0	0	0	0	0	0	0
samples/krx-tobe/jldfil71504/websquare/jldfil71504.xml	0	0	0	0	0	0	0	4	4	4	8	3	4	0	0	5	5	0	0	0	0	83	4	0	0	0	0	0	0	0	0	0	0	0	0	0	0	0	0	0	0	0	0	0	0	0	0	0
samples/krx-tobe/jldfil71504c/websquare/jldfil71504c.xml	1	0	0	0	0	0	1	19	19	19	38	12	19	0	0	5	6	7	28	7	28	637	36	0	0	0	0	0	0	0	0	0	0	0	0	0	0	0	0	0	0	0	0	0	0	0	0	0
samples/krx-tobe/jldfil71505/websquare/jldfil71505.xml	0	0	0	0	0	0	0	4	4	4	8	3	4	0	0	5	5	0	0	0	0	83	4	0	0	0	0	0	0	0	0	0	0	0	0	0	0	0	0	0	0	0	0	0	0	0	0	0
samples/krx-tobe/jldfil71505c/websquare/jldfil71505c.xml	1	0	0	0	0	2	3	50	50	50	100	12	50	0	0	0	0	15	132	15	132	1201	108	0	0	0	0	0	0	0	0	0	0	0	0	0	0	0	0	0	0	0	0	0	0	0	0	0
samples/krx-tobe/jldfil71511/websquare/jldfil71511.xml	1	0	0	0	0	2	2	8	8	8	16	5	8	0	0	0	0	1	11	1	11	195	11	0	0	0	0	0	0	0	0	0	0	0	0	0	0	0	0	0	0	0	0	0	0	0	0	0
samples/krx-tobe/jldfil71512/websquare/jldfil71512.xml	1	0	0	0	0	0	1	12	12	12	24	9	12	0	0	0	0	5	21	5	21	282	15	0	0	0	0	0	0	0	0	0	0	0	0	0	0	0	0	0	0	0	0	0	0	0	0	0
samples/krx-tobe/jldfil71601/websquare/jldfil71601.xml	1	0	0	0	0	0	7	17	17	17	34	9	17	0	0	0	0	13	35	13	35	427	25	0	0	0	0	0	0	0	0	0	0	0	0	0	0	0	0	0	0	0	0	0	0	0	0	0
samples/krx-tobe/jldfil71602/websquare/jldfil71602.xml	0	0	0	0	0	0	0	4	4	4	8	3	4	0	0	5	5	0	0	0	0	83	4	0	0	0	0	0	0	0	0	0	0	0	0	0	0	0	0	0	0	0	0	0	0	0	0	0
samples/krx-tobe/jldfil71602c/websquare/jldfil71602c.xml	1	0	0	0	0	0	74	56	56	56	112	19	56	0	0	23	24	25	103	25	103	1933	79	0	0	0	0	0	0	0	0	0	0	0	0	0	0	0	0	0	0	0	0	0	0	0	0	0
samples/krx-tobe/jldfil71603/websquare/jldfil71603.xml	0	0	0	0	0	0	0	4	4	4	8	3	4	0	0	5	5	0	0	0	0	83	4	0	0	0	0	0	0	0	0	0	0	0	0	0	0	0	0	0	0	0	0	0	0	0	0	0
samples/krx-tobe/jldfil71603c/websquare/jldfil71603c.xml	1	0	0	0	0	0	2	32	32	32	64	13	32	0	0	5	6	9	50	9	50	1019	40	0	0	0	0	0	0	0	0	0	0	0	0	0	0	0	0	0	0	0	0	0	0	0	0	0
samples/krx-tobe/jldfil71604/websquare/jldfil71604.xml	0	0	0	0	0	0	0	4	4	4	8	3	4	0	0	5	5	0	0	0	0	83	4	0	0	0	0	0	0	0	0	0	0	0	0	0	0	0	0	0	0	0	0	0	0	0	0	0
samples/krx-tobe/jldfil71604c/websquare/jldfil71604c.xml	1	0	0	0	0	0	1	19	19	19	38	12	19	0	0	5	6	7	28	7	28	637	36	0	0	0	0	0	0	0	0	0	0	0	0	0	0	0	0	0	0	0	0	0	0	0	0	0
samples/krx-tobe/jldfil71605/websquare/jldfil71605.xml	0	0	0	0	0	0	0	4	4	4	8	3	4	0	0	5	5	0	0	0	0	83	4	0	0	0	0	0	0	0	0	0	0	0	0	0	0	0	0	0	0	0	0	0	0	0	0	0
samples/krx-tobe/jldfil71605c/websquare/jldfil71605c.xml	1	0	0	0	0	2	3	50	50	50	100	12	50	0	0	0	0	15	132	15	132	1201	108	0	0	0	0	0	0	0	0	0	0	0	0	0	0	0	0	0	0	0	0	0	0	0	0	0
samples/krx-tobe/jldfil71611/websquare/jldfil71611.xml	1	0	0	0	0	2	2	8	8	8	16	5	8	0	0	0	0	1	11	1	11	195	11	0	0	0	0	0	0	0	0	0	0	0	0	0	0	0	0	0	0	0	0	0	0	0	0	0
samples/krx-tobe/jldfil71612/websquare/jldfil71612.xml	1	0	0	0	0	0	1	12	12	12	24	9	12	0	0	0	0	5	21	5	21	282	15	0	0	0	0	0	0	0	0	0	0	0	0	0	0	0	0	0	0	0	0	0	0	0	0	0
samples/krx-tobe/jldfil71700/websquare/jldfil71700.xml	1	0	0	0	0	1	2	31	31	31	62	8	31	0	0	0	0	10	76	10	76	767	38	0	0	0	0	0	0	0	0	0	0	0	0	0	0	0	0	0	0	0	0	0	0	0	0	0
samples/krx-tobe/jldfil71701/websquare/jldfil71701.xml	1	0	0	0	0	1	5	19	19	19	38	8	19	0	0	0	0	8	38	8	38	459	26	0	0	0	0	0	0	0	0	0	0	0	0	0	0	0	0	0	0	0	0	0	0	0	0	0
samples/krx-tobe/jldfil71702/websquare/jldfil71702.xml	0	0	0	0	0	0	0	4	4	4	8	3	4	0	0	5	5	0	0	0	0	83	4	0	0	0	0	0	0	0	0	0	0	0	0	0	0	0	0	0	0	0	0	0	0	0	0	0
samples/krx-tobe/jldfil71702c/websquare/jldfil71702c.xml	1	0	0	1	1	9	70	49	49	49	98	18	49	0	0	24	25	18	78	18	78	1653	70	0	0	0	0	0	0	0	0	0	0	0	0	0	0	0	0	0	0	0	0	0	0	0	0	0
samples/krx-tobe/jldfil71703/websquare/jldfil71703.xml	0	0	0	0	0	0	0	4	4	4	8	3	4	0	0	5	5	0	0	0	0	83	4	0	0	0	0	0	0	0	0	0	0	0	0	0	0	0	0	0	0	0	0	0	0	0	0	0
samples/krx-tobe/jldfil71703c/websquare/jldfil71703c.xml	1	0	0	0	0	0	2	32	32	32	64	13	32	0	0	5	6	9	50	9	50	1019	40	0	0	0	0	0	0	0	0	0	0	0	0	0	0	0	0	0	0	0	0	0	0	0	0	0
samples/krx-tobe/jldfil71704/websquare/jldfil71704.xml	0	0	0	0	0	0	0	4	4	4	8	3	4	0	0	5	5	0	0	0	0	83	4	0	0	0	0	0	0	0	0	0	0	0	0	0	0	0	0	0	0	0	0	0	0	0	0	0
samples/krx-tobe/jldfil71704c/websquare/jldfil71704c.xml	1	0	0	0	0	0	1	19	19	19	38	12	19	0	0	5	6	7	28	7	28	637	36	0	0	0	0	0	0	0	0	0	0	0	0	0	0	0	0	0	0	0	0	0	0	0	0	0
samples/krx-tobe/jldfil71705/websquare/jldfil71705.xml	0	0	0	0	0	0	0	4	4	4	8	3	4	0	0	5	5	0	0	0	0	83	4	0	0	0	0	0	0	0	0	0	0	0	0	0	0	0	0	0	0	0	0	0	0	0	0	0
samples/krx-tobe/jldfil71705c/websquare/jldfil71705c.xml	1	0	0	0	0	2	3	50	50	50	100	12	50	0	0	0	0	15	132	15	132	1201	108	0	0	0	0	0	0	0	0	0	0	0	0	0	0	0	0	0	0	0	0	0	0	0	0	0
samples/krx-tobe/jldfil71711/websquare/jldfil71711.xml	1	0	0	0	0	2	2	8	8	8	16	5	8	0	0	0	0	1	11	1	11	195	11	0	0	0	0	0	0	0	0	0	0	0	0	0	0	0	0	0	0	0	0	0	0	0	0	0
samples/krx-tobe/jldfil71712/websquare/jldfil71712.xml	1	0	0	0	0	0	1	12	12	12	24	9	12	0	0	0	0	5	21	5	21	282	15	0	0	0	0	0	0	0	0	0	0	0	0	0	0	0	0	0	0	0	0	0	0	0	0	0
samples/krx-tobe/jldfil71801/websquare/jldfil71801.xml	1	0	0	0	0	1	5	19	19	19	38	8	19	0	0	0	0	8	38	8	38	459	26	0	0	0	0	0	0	0	0	0	0	0	0	0	0	0	0	0	0	0	0	0	0	0	0	0
samples/krx-tobe/jldfil71802/websquare/jldfil71802.xml	0	0	0	0	0	0	0	4	4	4	8	3	4	0	0	5	5	0	0	0	0	83	4	0	0	0	0	0	0	0	0	0	0	0	0	0	0	0	0	0	0	0	0	0	0	0	0	0
samples/krx-tobe/jldfil71802c/websquare/jldfil71802c.xml	1	0	0	0	0	0	68	47	47	47	94	17	47	0	0	23	24	16	76	16	76	1616	64	0	0	0	0	0	0	0	0	0	0	0	0	0	0	0	0	0	0	0	0	0	0	0	0	0
samples/krx-tobe/jldfil71803/websquare/jldfil71803.xml	0	0	0	0	0	0	0	4	4	4	8	3	4	0	0	5	5	0	0	0	0	83	4	0	0	0	0	0	0	0	0	0	0	0	0	0	0	0	0	0	0	0	0	0	0	0	0	0
samples/krx-tobe/jldfil71803c/websquare/jldfil71803c.xml	1	0	0	0	0	0	2	32	32	32	64	13	32	0	0	5	6	9	50	9	50	1019	40	0	0	0	0	0	0	0	0	0	0	0	0	0	0	0	0	0	0	0	0	0	0	0	0	0
samples/krx-tobe/jldfil71804/websquare/jldfil71804.xml	0	0	0	0	0	0	0	4	4	4	8	3	4	0	0	5	5	0	0	0	0	83	4	0	0	0	0	0	0	0	0	0	0	0	0	0	0	0	0	0	0	0	0	0	0	0	0	0
samples/krx-tobe/jldfil71804c/websquare/jldfil71804c.xml	1	0	0	0	0	0	1	19	19	19	38	12	19	0	0	5	6	7	28	7	28	637	36	0	0	0	0	0	0	0	0	0	0	0	0	0	0	0	0	0	0	0	0	0	0	0	0	0
samples/krx-tobe/jldfil71805/websquare/jldfil71805.xml	0	0	0	0	0	0	0	4	4	4	8	3	4	0	0	5	5	0	0	0	0	83	4	0	0	0	0	0	0	0	0	0	0	0	0	0	0	0	0	0	0	0	0	0	0	0	0	0
samples/krx-tobe/jldfil71805c/websquare/jldfil71805c.xml	1	0	0	0	0	2	3	50	50	50	100	12	50	0	0	0	0	15	132	15	132	1201	108	0	0	0	0	0	0	0	0	0	0	0	0	0	0	0	0	0	0	0	0	0	0	0	0	0
samples/krx-tobe/jldfil71811/websquare/jldfil71811.xml	1	0	0	0	0	2	2	8	8	8	16	5	8	0	0	0	0	1	11	1	11	195	11	0	0	0	0	0	0	0	0	0	0	0	0	0	0	0	0	0	0	0	0	0	0	0	0	0
samples/krx-tobe/jldfil71812/websquare/jldfil71812.xml	1	0	0	0	0	0	1	12	12	12	24	9	12	0	0	0	0	5	21	5	21	282	15	0	0	0	0	0	0	0	0	0	0	0	0	0	0	0	0	0	0	0	0	0	0	0	0	0
samples/krx-tobe/jldfil71901/websquare/jldfil71901.xml	1	0	0	0	0	1	3	11	11	11	22	6	11	0	0	0	0	4	17	4	17	258	12	0	0	0	0	0	0	0	0	0	0	0	0	0	0	0	0	0	0	0	0	0	0	0	0	0
samples/krx-tobe/jldfil71902/websquare/jldfil71902.xml	0	0	0	0	0	0	0	4	4	4	8	3	4	0	0	5	5	0	0	0	0	83	4	0	0	0	0	0	0	0	0	0	0	0	0	0	0	0	0	0	0	0	0	0	0	0	0	0
samples/krx-tobe/jldfil71902c/websquare/jldfil71902c.xml	1	0	0	0	0	3	1	46	46	46	92	10	46	0	0	9	9	10	97	10	97	1083	198	0	0	0	0	0	0	0	0	0	0	0	0	0	0	0	0	0	0	0	0	0	0	0	0	0
samples/krx-tobe/jldfil71903/websquare/jldfil71903.xml	0	0	0	0	0	0	0	4	4	4	8	3	4	0	0	5	5	0	0	0	0	83	4	0	0	0	0	0	0	0	0	0	0	0	0	0	0	0	0	0	0	0	0	0	0	0	0	0
samples/krx-tobe/jldfil71903c/websquare/jldfil71903c.xml	1	0	0	0	0	1	0	24	24	24	48	8	24	0	0	3	3	4	34	4	34	581	25	0	0	0	0	0	0	0	0	0	0	0	0	0	0	0	0	0	0	0	0	0	0	0	0	0
samples/krx-tobe/jldfil71904/websquare/jldfil71904.xml	0	0	0	0	0	0	0	4	4	4	8	3	4	0	0	5	5	0	0	0	0	83	4	0	0	0	0	0	0	0	0	0	0	0	0	0	0	0	0	0	0	0	0	0	0	0	0	0
samples/krx-tobe/jldfil71904c/websquare/jldfil71904c.xml	1	0	0	0	0	1	1	15	15	15	30	12	15	0	0	0	0	7	20	7	20	370	25	0	0	0	0	0	0	0	0	0	0	0	0	0	0	0	0	0	0	0	0	0	0	0	0	0
samples/krx-tobe/jldfil71905/websquare/jldfil71905.xml	0	0	0	0	0	0	0	4	4	4	8	3	4	0	0	5	5	0	0	0	0	83	4	0	0	0	0	0	0	0	0	0	0	0	0	0	0	0	0	0	0	0	0	0	0	0	0	0
samples/krx-tobe/jldfil71905c/websquare/jldfil71905c.xml	1	0	0	0	0	3	3	29	29	29	58	13	29	0	0	0	0	16	68	16	68	743	60	0	0	0	0	0	0	0	0	0	0	0	0	0	0	0	0	0	0	0	0	0	0	0	0	0
samples/krx-tobe/jldfil72000/websquare/jldfil72000.xml	1	0	0	0	0	0	0	2	2	2	4	2	2	0	0	0	0	0	0	0	0	55	2	0	0	0	0	0	0	0	0	0	0	0	0	0	0	0	0	0	0	0	0	0	0	0	0	0
samples/krx-tobe/jldfil72100/websquare/jldfil72100.xml	1	0	0	1	1	9	1	14	14	14	28	8	14	0	0	1	1	7	21	7	21	320	16	0	0	0	0	0	0	0	0	0	0	0	0	0	0	0	0	0	0	0	0	0	0	0	0	0
samples/krx-tobe/jldfil73000/websquare/jldfil73000.xml	1	0	0	0	0	0	0	8	8	8	16	4	8	0	0	0	0	7	20	7	20	220	11	0	0	0	0	0	0	0	0	0	0	0	0	0	0	0	0	0	0	0	0	0	0	0	0	0
samples/krx-tobe/jldinf00000/websquare/jldinf00000.xml	1	0	0	3	3	24	21	61	61	61	122	36	61	0	0	11	11	41	215	41	215	1613	82	0	0	0	0	0	0	0	0	0	0	0	0	0	0	0	0	0	0	0	0	0	0	0	0	0
samples/krx-tobe/jldinf00001/websquare/jldinf00001.xml	1	0	0	0	0	0	0	3	3	3	6	2	3	0	0	0	0	0	3	0	3	72	3	0	0	0	0	0	0	0	0	0	0	0	0	0	0	0	0	0	0	0	0	0	0	0	0	0
samples/krx-tobe/jldinf00002/websquare/jldinf00002.xml	1	0	0	0	0	0	0	4	4	4	8	2	4	0	0	0	0	0	6	0	6	93	4	0	0	0	0	0	0	0	0	0	0	0	0	0	0	0	0	0	0	0	0	0	0	0	0	0
samples/krx-tobe/jldinf00003/websquare/jldinf00003.xml	1	0	0	0	0	0	0	7	7	7	14	2	7	0	0	0	0	1	12	1	12	182	10	0	0	0	0	0	0	0	0	0	0	0	0	0	0	0	0	0	0	0	0	0	0	0	0	0
samples/krx-tobe/jldinf00004/websquare/jldinf00004.xml	1	0	0	0	0	0	0	3	3	3	6	2	3	0	0	0	0	0	3	0	3	72	3	0	0	0	0	0	0	0	0	0	0	0	0	0	0	0	0	0	0	0	0	0	0	0	0	0
samples/krx-tobe/jldinf00006/websquare/jldinf00006.xml	1	0	0	0	0	0	5	37	37	37	74	13	37	0	0	0	0	5	78	5	78	982	38	0	0	0	0	0	0	0	0	0	0	0	0	0	0	0	0	0	0	0	0	0	0	0	0	0
samples/krx-tobe/jldinf00007/websquare/jldinf00007.xml	1	0	0	0	0	0	1	18	18	18	36	6	18	0	0	0	0	1	36	1	36	418	18	0	0	0	0	0	0	0	0	0	0	0	0	0	0	0	0	0	0	0	0	0	0	0	0	0
samples/krx-tobe/jldinf00008/websquare/jldinf00008.xml	1	0	0	0	0	0	1	16	16	16	32	5	16	0	0	0	0	1	32	1	32	378	16	0	0	0	0	0	0	0	0	0	0	0	0	0	0	0	0	0	0	0	0	0	0	0	0	0
samples/krx-tobe/jldinf00009/websquare/jldinf00009.xml	1	0	0	0	0	0	2	9	9	9	18	7	9	0	0	0	0	12	28	12	28	251	20	0	0	0	0	0	0	0	0	0	0	0	0	0	0	0	0	0	0	0	0	0	0	0	0	0
samples/krx-tobe/jldinf00110/websquare/jldinf00110.xml	1	0	0	0	0	0	0	8	8	8	16	6	8	0	0	0	0	2	11	2	11	188	8	0	0	0	0	0	0	0	0	0	0	0	0	0	0	0	0	0	0	0	0	0	0	0	0	0
samples/krx-tobe/jldinf00130/websquare/jldinf00130.xml	1	0	0	0	0	0	0	7	7	7	14	6	7	0	0	0	0	2	8	2	8	167	7	0	0	0	0	0	0	0	0	0	0	0	0	0	0	0	0	0	0	0	0	0	0	0	0	0
samples/krx-tobe/jldinf05000/websquare/jldinf05000.xml	1	0	0	1	1	8	23	83	83	83	166	22	83	0	0	5	5	19	182	19	182	2251	102	0	0	0	0	0	0	0	0	0	0	0	0	0	0	0	0	0	0	0	0	0	0	0	0	0
samples/krx-tobe/jldinf05001/websquare/jldinf05001.xml	1	0	0	0	0	0	15	9	9	9	18	6	9	1	0	0	0	1	11	1	11	247	56	0	0	0	0	0	0	0	0	0	0	0	0	0	0	0	0	0	0	0	0	0	0	0	0	0
samples/krx-tobe/jldinf05100/websquare/jldinf05100.xml	1	0	0	0	0	0	8	20	20	20	40	13	20	0	0	0	0	20	47	20	47	537	29	0	0	0	0	0	0	0	0	0	0	0	0	0	0	0	0	0	0	0	0	0	0	0	0	0
samples/krx-tobe/jldinf05200/websquare/jldinf05200.xml	1	0	0	0	0	0	4	20	20	20	40	11	20	1	0	0	0	16	49	16	49	520	28	0	0	0	0	0	0	0	0	0	0	0	0	0	0	0	0	0	0	0	0	0	0	0	0	0
samples/krx-tobe/jldinf05300/websquare/jldinf05300.xml	1	0	0	0	0	0	5	24	24	24	48	15	24	0	0	0	0	22	59	22	59	582	36	0	0	0	0	0	0	0	0	0	0	0	0	0	0	0	0	0	0	0	0	0	0	0	0	0
samples/krx-tobe/jldinf05301/websquare/jldinf05301.xml	1	0	0	0	0	0	1	6	6	6	12	5	6	0	0	0	0	5	12	5	12	157	18	0	0	0	0	0	0	0	0	0	0	0	0	0	0	0	0	0	0	0	0	0	0	0	0	0
samples/krx-tobe/jldinf05400/websquare/jldinf05400.xml	1	0	0	1	1	8	64	55	55	55	110	23	55	0	0	3	3	32	132	32	132	1784	119	0	0	0	0	0	0	0	0	0	0	0	0	0	0	0	0	0	0	0	0	0	0	0	0	0
samples/krx-tobe/jldinf05401/websquare/jldinf05401.xml	1	0	0	0	0	0	7	11	11	11	22	8	11	0	0	0	0	6	22	6	22	275	385	0	0	0	0	0	0	0	0	0	0	0	0	0	0	0	0	0	0	0	0	0	0	0	0	0
samples/krx-tobe/jldinf05500/websquare/jldinf05500.xml	1	0	0	0	0	0	4	19	19	19	38	5	19	0	0	0	0	1	39	1	39	519	19	0	0	0	0	0	0	0	0	0	0	0	0	0	0	0	0	0	0	0	0	0	0	0	0	0
samples/krx-tobe/jldinf05600/websquare/jldinf05600.xml	1	0	0	0	0	0	0	18	18	18	36	12	18	0	0	2	2	10	40	10	40	520	22	0	0	0	0	0	0	0	0	0	0	0	0	0	0	0	0	0	0	0	0	0	0	0	0	0
samples/krx-tobe/jldinf05700/websquare/jldinf05700.xml	1	0	0	0	0	0	1	7	7	7	14	4	7	0	0	0	0	12	29	12	29	229	58	0	0	0	0	0	0	0	0	0	0	0	0	0	0	0	0	0	0	0	0	0	0	0	0	0
samples/krx-tobe/jldinf05800/websquare/jldinf05800.xml	1	0	0	0	0	0	11	40	40	40	80	13	40	0	0	3	3	23	122	23	122	1095	57	0	0	0	0	0	0	0	0	0	0	0	0	0	0	0	0	0	0	0	0	0	0	0	0	0
samples/krx-tobe/jldinf05900/websquare/jldinf05900.xml	1	0	0	0	0	0	5	16	16	16	32	5	16	0	0	0	0	1	31	1	31	445	16	0	0	0	0	0	0	0	0	0	0	0	0	0	0	0	0	0	0	0	0	0	0	0	0	0
samples/krx-tobe/jldinf06000/websquare/jldinf06000.xml	1	0	0	0	0	0	0	16	16	16	32	9	16	0	0	0	0	3	29	3	29	395	19	0	0	0	0	0	0	0	0	0	0	0	0	0	0	0	0	0	0	0	0	0	0	0	0	0
samples/krx-tobe/jldinf10000/websquare/jldinf10000.xml	1	0	0	0	0	0	36	67	67	67	134	25	67	0	0	1	1	22	159	22	159	2152	82	0	0	0	0	0	0	0	0	0	0	0	0	0	0	0	0	0	0	0	0	0	0	0	0	0
samples/krx-tobe/jldinf10001/websquare/jldinf10001.xml	1	0	0	0	0	0	2	5	5	5	10	3	5	0	0	1	1	1	4	1	4	120	13	0	0	0	0	0	0	0	0	0	0	0	0	0	0	0	0	0	0	0	0	0	0	0	0	0
samples/krx-tobe/jldinf10002/websquare/jldinf10002.xml	1	0	0	0	0	0	2	5	5	5	10	3	5	0	0	1	1	1	4	1	4	122	13	0	0	0	0	0	0	0	0	0	0	0	0	0	0	0	0	0	0	0	0	0	0	0	0	0
samples/krx-tobe/jldinf10003/websquare/jldinf10003.xml	1	0	0	0	0	0	2	5	5	5	10	3	5	0	0	1	1	1	4	1	4	120	13	0	0	0	0	0	0	0	0	0	0	0	0	0	0	0	0	0	0	0	0	0	0	0	0	0
samples/krx-tobe/jldinf10004/websquare/jldinf10004.xml	1	0	0	0	0	0	2	5	5	5	10	3	5	0	0	1	1	1	4	1	4	120	13	0	0	0	0	0	0	0	0	0	0	0	0	0	0	0	0	0	0	0	0	0	0	0	0	0
samples/krx-tobe/jldinf10005/websquare/jldinf10005.xml	1	0	0	0	0	0	0	4	4	4	8	2	4	0	0	0	0	0	6	0	6	96	4	0	0	0	0	0	0	0	0	0	0	0	0	0	0	0	0	0	0	0	0	0	0	0	0	0
samples/krx-tobe/jldinf10100/websquare/jldinf10100.xml	1	0	0	0	0	0	96	164	164	164	328	44	164	0	0	6	6	42	400	42	400	5225	183	0	0	0	0	0	0	0	0	0	0	0	0	0	0	0	0	0	0	0	0	0	0	0	0	0
samples/krx-tobe/jldinf10101/websquare/jldinf10101.xml	1	0	0	0	0	0	19	24	24	24	48	10	24	0	0	1	1	7	38	7	38	574	72	0	0	0	0	0	0	0	0	0	0	0	0	0	0	0	0	0	0	0	0	0	0	0	0	0
samples/krx-tobe/jldinf10102/websquare/jldinf10102.xml	1	0	0	0	0	0	23	21	21	21	42	14	21	0	0	16	16	5	31	5	31	590	72	0	0	0	0	0	0	0	0	0	0	0	0	0	0	0	0	0	0	0	0	0	0	0	0	0
samples/krx-tobe/jldinf10104/websquare/jldinf10104.xml	1	0	0	0	0	0	11	14	14	14	28	8	14	0	0	0	0	3	22	3	22	327	36	0	0	0	0	0	0	0	0	0	0	0	0	0	0	0	0	0	0	0	0	0	0	0	0	0
samples/krx-tobe/jldinf10105/websquare/jldinf10105.xml	1	0	0	0	0	0	38	31	31	31	62	7	31	0	0	0	0	2	70	2	70	791	118	0	0	0	0	0	0	0	0	0	0	0	0	0	0	0	0	0	0	0	0	0	0	0	0	0
samples/krx-tobe/jldinf10106/websquare/jldinf10106.xml	1	0	0	0	0	0	6	9	9	9	18	5	9	0	0	0	0	2	14	2	14	221	20	0	0	0	0	0	0	0	0	0	0	0	0	0	0	0	0	0	0	0	0	0	0	0	0	0
samples/krx-tobe/jldinf10107/websquare/jldinf10107.xml	1	0	0	0	0	0	2	13	13	13	26	7	13	0	0	4	4	3	21	3	21	312	18	0	0	0	0	0	0	0	0	0	0	0	0	0	0	0	0	0	0	0	0	0	0	0	0	0
samples/krx-tobe/jldinf10108/websquare/jldinf10108.xml	1	0	0	0	0	0	0	3	3	3	6	2	3	0	0	0	0	0	3	0	3	72	3	0	0	0	0	0	0	0	0	0	0	0	0	0	0	0	0	0	0	0	0	0	0	0	0	0
samples/krx-tobe/jldinf10200/websquare/jldinf10200.xml	1	0	0	0	0	0	30	52	52	52	104	26	52	0	0	0	0	15	132	15	132	1563	58	0	0	0	0	0	0	0	0	0	0	0	0	0	0	0	0	0	0	0	0	0	0	0	0	0
samples/krx-tobe/jldinf10300/websquare/jldinf10300.xml	1	0	0	0	0	0	26	53	53	53	106	25	53	0	0	0	0	15	126	15	126	1545	59	0	0	0	0	0	0	0	0	0	0	0	0	0	0	0	0	0	0	0	0	0	0	0	0	0
samples/krx-tobe/jldinf10400/websquare/jldinf10400.xml	1	0	0	0	0	0	24	54	54	54	108	23	54	0	0	0	0	17	137	17	137	1682	67	0	0	0	0	0	0	0	0	0	0	0	0	0	0	0	0	0	0	0	0	0	0	0	0	0
samples/krx-tobe/jldinf10500/websquare/jldinf10500.xml	1	0	0	0	0	0	26	49	49	49	98	22	49	0	0	3	3	15	130	15	130	1468	55	0	0	0	0	0	0	0	0	0	0	0	0	0	0	0	0	0	0	0	0	0	0	0	0	0
samples/krx-tobe/jldinf10600/websquare/jldinf10600.xml	1	0	0	0	0	0	30	56	56	56	112	22	56	0	0	3	3	18	155	18	155	1688	62	0	0	0	0	0	0	0	0	0	0	0	0	0	0	0	0	0	0	0	0	0	0	0	0	0
samples/krx-tobe/jldinf10700/websquare/jldinf10700.xml	1	0	0	0	0	0	24	60	60	60	120	22	60	0	0	3	3	16	153	16	153	1749	69	0	0	0	0	0	0	0	0	0	0	0	0	0	0	0	0	0	0	0	0	0	0	0	0	0
samples/krx-tobe/jldinf10800/websquare/jldinf10800.xml	1	0	0	0	0	0	18	40	40	40	80	23	40	0	0	5	5	18	97	18	97	1138	45	0	0	0	0	0	0	0	0	0	0	0	0	0	0	0	0	0	0	0	0	0	0	0	0	0
samples/krx-tobe/jldinf10801/websquare/jldinf10801.xml	1	0	0	0	0	0	10	18	18	18	36	4	18	0	0	0	0	7	40	7	40	448	39	0	0	0	0	0	0	0	0	0	0	0	0	0	0	0	0	0	0	0	0	0	0	0	0	0
samples/krx-tobe/jldinf10900/websquare/jldinf10900.xml	1	0	0	0	0	0	36	72	72	72	144	27	72	0	0	3	3	18	182	18	182	2126	87	0	0	0	0	0	0	0	0	0	0	0	0	0	0	0	0	0	0	0	0	0	0	0	0	0
samples/krx-tobe/jldinf10900_p1/websquare/jldinf10900_p1.xml	1	0	0	0	0	0	9	33	33	33	66	15	33	0	0	3	3	8	71	8	71	802	34	0	0	0	0	0	0	0	0	0	0	0	0	0	0	0	0	0	0	0	0	0	0	0	0	0
samples/krx-tobe/jldinf10901/websquare/jldinf10901.xml	1	0	0	0	0	0	14	11	11	11	22	5	11	0	0	0	0	4	19	4	19	269	36	0	0	0	0	0	0	0	0	0	0	0	0	0	0	0	0	0	0	0	0	0	0	0	0	0
samples/krx-tobe/jldinf11000/websquare/jldinf11000.xml	1	0	0	1	1	8	31	76	76	76	152	28	76	0	0	4	4	20	195	20	195	2159	83	0	0	0	0	0	0	0	0	0	0	0	0	0	0	0	0	0	0	0	0	0	0	0	0	0
samples/krx-tobe/jldinf11100/websquare/jldinf11100.xml	1	0	0	0	0	0	33	52	52	52	104	26	52	0	0	3	3	15	129	15	129	1524	59	0	0	0	0	0	0	0	0	0	0	0	0	0	0	0	0	0	0	0	0	0	0	0	0	0
samples/krx-tobe/jldinf11200/websquare/jldinf11200.xml	1	0	0	0	0	0	29	42	42	42	84	22	42	0	0	3	5	14	103	14	103	1234	47	0	0	0	0	0	0	0	0	0	0	0	0	0	0	0	0	0	0	0	0	0	0	0	0	0
samples/krx-tobe/jldinf15000/websquare/jldinf15000.xml	1	0	0	0	0	0	10	32	32	32	64	13	32	0	0	2	2	21	82	21	82	1002	42	0	0	0	0	0	0	0	0	0	0	0	0	0	0	0	0	0	0	0	0	0	0	0	0	0
samples/krx-tobe/jldinf20000/websquare/jldinf20000.xml	1	0	0	0	0	0	20	59	59	59	118	15	59	1	0	3	3	24	195	24	195	1608	76	0	0	0	0	0	0	0	0	0	0	0	0	0	0	0	0	0	0	0	0	0	0	0	0	0
samples/krx-tobe/jldinf20000p/websquare/jldinf20000p.xml	1	0	0	0	0	0	11	24	24	24	48	11	24	0	0	3	3	22	76	22	76	636	35	0	0	0	0	0	0	0	0	0	0	0	0	0	0	0	0	0	0	0	0	0	0	0	0	0
samples/krx-tobe/jldinf20001/websquare/jldinf20001.xml	1	0	0	0	0	0	0	8	8	8	16	4	8	0	0	0	0	1	9	1	9	180	8	0	0	0	0	0	0	0	0	0	0	0	0	0	0	0	0	0	0	0	0	0	0	0	0	0
samples/krx-tobe/jldinf20002/websquare/jldinf20002.xml	1	0	0	0	0	0	0	8	8	8	16	4	8	0	0	0	0	1	9	1	9	180	8	0	0	0	0	0	0	0	0	0	0	0	0	0	0	0	0	0	0	0	0	0	0	0	0	0
samples/krx-tobe/jldinf20003/websquare/jldinf20003.xml	1	0	0	0	0	0	0	8	8	8	16	4	8	0	0	0	0	1	9	1	9	180	8	0	0	0	0	0	0	0	0	0	0	0	0	0	0	0	0	0	0	0	0	0	0	0	0	0
samples/krx-tobe/jldinf20004/websquare/jldinf20004.xml	1	0	0	0	0	0	0	8	8	8	16	4	8	0	0	0	0	1	9	1	9	180	8	0	0	0	0	0	0	0	0	0	0	0	0	0	0	0	0	0	0	0	0	0	0	0	0	0
samples/krx-tobe/jldinf20005/websquare/jldinf20005.xml	1	0	0	0	0	0	0	12	12	12	24	6	12	0	0	0	0	1	15	1	15	246	12	0	0	0	0	0	0	0	0	0	0	0	0	0	0	0	0	0	0	0	0	0	0	0	0	0
samples/krx-tobe/jldinf20006/websquare/jldinf20006.xml	1	0	0	0	0	0	0	8	8	8	16	4	8	0	0	0	0	1	9	1	9	180	8	0	0	0	0	0	0	0	0	0	0	0	0	0	0	0	0	0	0	0	0	0	0	0	0	0
samples/krx-tobe/jldinf20007/websquare/jldinf20007.xml	1	0	0	0	0	0	0	8	8	8	16	4	8	0	0	0	0	1	9	1	9	180	8	0	0	0	0	0	0	0	0	0	0	0	0	0	0	0	0	0	0	0	0	0	0	0	0	0
samples/krx-tobe/jldinf20008/websquare/jldinf20008.xml	1	0	0	0	0	0	0	8	8	8	16	4	8	0	0	0	0	1	9	1	9	180	8	0	0	0	0	0	0	0	0	0	0	0	0	0	0	0	0	0	0	0	0	0	0	0	0	0
samples/krx-tobe/jldinf20009/websquare/jldinf20009.xml	1	0	0	0	0	0	0	3	3	3	6	2	3	0	0	0	0	0	3	0	3	72	3	0	0	0	0	0	0	0	0	0	0	0	0	0	0	0	0	0	0	0	0	0	0	0	0	0
samples/krx-tobe/jldinf20010/websquare/jldinf20010.xml	1	0	0	0	0	0	0	12	12	12	24	6	12	0	0	0	0	1	15	1	15	246	12	0	0	0	0	0	0	0	0	0	0	0	0	0	0	0	0	0	0	0	0	0	0	0	0	0
samples/krx-tobe/jldinf20011/websquare/jldinf20011.xml	1	0	0	0	0	0	0	12	12	12	24	6	12	0	0	0	0	1	15	1	15	246	12	0	0	0	0	0	0	0	0	0	0	0	0	0	0	0	0	0	0	0	0	0	0	0	0	0
samples/krx-tobe/jldinf20012/websquare/jldinf20012.xml	1	0	0	0	0	0	0	7	7	7	14	4	7	0	0	0	0	1	6	1	6	159	7	0	0	0	0	0	0	0	0	0	0	0	0	0	0	0	0	0	0	0	0	0	0	0	0	0
samples/krx-tobe/jldinf20013/websquare/jldinf20013.xml	1	0	0	0	0	0	0	2	2	2	4	2	2	0	0	0	0	0	0	0	0	52	2	0	0	0	0	0	0	0	0	0	0	0	0	0	0	0	0	0	0	0	0	0	0	0	0	0
samples/krx-tobe/jldinf20014/websquare/jldinf20014.xml	1	0	0	0	0	0	0	7	7	7	14	4	7	0	0	0	0	1	6	1	6	159	7	0	0	0	0	0	0	0	0	0	0	0	0	0	0	0	0	0	0	0	0	0	0	0	0	0
samples/krx-tobe/jldinf25000/websquare/jldinf25000.xml	1	0	0	0	0	0	4	21	21	21	42	13	21	0	0	0	0	14	52	14	52	509	31	0	0	0	0	0	0	0	0	0	0	0	0	0	0	0	0	0	0	0	0	0	0	0	0	0
samples/krx-tobe/jldinf25000_excel/websquare/jldinf25000_excel.xml	1	0	0	0	0	0	0	2	2	2	4	2	2	0	0	0	0	0	0	0	0	52	2	0	0	0	0	0	0	0	0	0	0	0	0	0	0	0	0	0	0	0	0	0	0	0	0	0
samples/krx-tobe/jldinf25100/websquare/jldinf25100.xml	1	0	0	0	0	0	4	27	27	27	54	15	27	0	0	0	0	14	68	14	68	617	40	0	0	0	0	0	0	0	0	0	0	0	0	0	0	0	0	0	0	0	0	0	0	0	0	0
samples/krx-tobe/jldinf25100_excel/websquare/jldinf25100_excel.xml	1	0	0	0	0	0	0	2	2	2	4	2	2	0	0	0	0	0	0	0	0	52	2	0	0	0	0	0	0	0	0	0	0	0	0	0	0	0	0	0	0	0	0	0	0	0	0	0
samples/krx-tobe/jldinf25200/websquare/jldinf25200.xml	1	0	0	0	0	0	9	40	40	40	80	18	40	0	0	2	2	14	99	14	99	936	59	0	0	0	0	0	0	0	0	0	0	0	0	0	0	0	0	0	0	0	0	0	0	0	0	0
samples/krx-tobe/jldinf25200_excel/websquare/jldinf25200_excel.xml	1	0	0	0	0	0	0	2	2	2	4	2	2	0	0	0	0	0	0	0	0	52	2	0	0	0	0	0	0	0	0	0	0	0	0	0	0	0	0	0	0	0	0	0	0	0	0	0
samples/krx-tobe/jldinf25300/websquare/jldinf25300.xml	1	0	0	0	0	0	4	32	32	32	64	17	32	0	0	0	0	14	77	14	77	706	47	0	0	0	0	0	0	0	0	0	0	0	0	0	0	0	0	0	0	0	0	0	0	0	0	0
samples/krx-tobe/jldinf25300_excel/websquare/jldinf25300_excel.xml	1	0	0	0	0	0	0	2	2	2	4	2	2	0	0	0	0	0	0	0	0	52	2	0	0	0	0	0	0	0	0	0	0	0	0	0	0	0	0	0	0	0	0	0	0	0	0	0
samples/krx-tobe/jldinf25400/websquare/jldinf25400.xml	1	0	0	0	0	0	4	33	33	33	66	17	33	0	0	2	2	13	83	13	83	754	52	0	0	0	0	0	0	0	0	0	0	0	0	0	0	0	0	0	0	0	0	0	0	0	0	0
samples/krx-tobe/jldinf25400_excel/websquare/jldinf25400_excel.xml	1	0	0	0	0	0	0	2	2	2	4	2	2	0	0	0	0	0	0	0	0	52	2	0	0	0	0	0	0	0	0	0	0	0	0	0	0	0	0	0	0	0	0	0	0	0	0	0
samples/krx-tobe/jldinf25500/websquare/jldinf25500.xml	1	0	0	0	0	0	4	31	31	31	62	16	31	0	0	0	0	14	76	14	76	686	45	0	0	0	0	0	0	0	0	0	0	0	0	0	0	0	0	0	0	0	0	0	0	0	0	0
samples/krx-tobe/jldinf25500_excel/websquare/jldinf25500_excel.xml	1	0	0	0	0	0	0	2	2	2	4	2	2	0	0	0	0	0	0	0	0	52	2	0	0	0	0	0	0	0	0	0	0	0	0	0	0	0	0	0	0	0	0	0	0	0	0	0
samples/krx-tobe/jldinf25600/websquare/jldinf25600.xml	1	0	0	0	0	0	5	34	34	34	68	18	34	0	0	2	2	13	81	13	81	769	53	0	0	0	0	0	0	0	0	0	0	0	0	0	0	0	0	0	0	0	0	0	0	0	0	0
samples/krx-tobe/jldinf25600_excel/websquare/jldinf25600_excel.xml	1	0	0	0	0	0	0	2	2	2	4	2	2	0	0	0	0	0	0	0	0	52	2	0	0	0	0	0	0	0	0	0	0	0	0	0	0	0	0	0	0	0	0	0	0	0	0	0
samples/krx-tobe/jldinf25700/websquare/jldinf25700.xml	1	0	0	0	0	0	5	32	32	32	64	17	32	0	0	0	0	14	74	14	74	695	46	0	0	0	0	0	0	0	0	0	0	0	0	0	0	0	0	0	0	0	0	0	0	0	0	0
samples/krx-tobe/jldinf25700_excel/websquare/jldinf25700_excel.xml	1	0	0	0	0	0	0	2	2	2	4	2	2	0	0	0	0	0	0	0	0	52	2	0	0	0	0	0	0	0	0	0	0	0	0	0	0	0	0	0	0	0	0	0	0	0	0	0
samples/krx-tobe/jldinf25800/websquare/jldinf25800.xml	1	0	0	0	0	0	6	26	26	26	52	14	26	0	0	0	0	14	67	14	67	602	37	0	0	0	0	0	0	0	0	0	0	0	0	0	0	0	0	0	0	0	0	0	0	0	0	0
samples/krx-tobe/jldinf25800_excel/websquare/jldinf25800_excel.xml	1	0	0	0	0	0	0	2	2	2	4	2	2	0	0	0	0	0	0	0	0	55	2	0	0	0	0	0	0	0	0	0	0	0	0	0	0	0	0	0	0	0	0	0	0	0	0	0
samples/krx-tobe/jldinf25900/websquare/jldinf25900.xml	1	0	0	0	0	0	10	34	34	34	68	18	34	0	0	2	2	13	81	13	81	782	52	0	0	0	0	0	0	0	0	0	0	0	0	0	0	0	0	0	0	0	0	0	0	0	0	0
samples/krx-tobe/jldinf25900_excel/websquare/jldinf25900_excel.xml	1	0	0	0	0	0	0	2	2	2	4	2	2	0	0	0	0	0	0	0	0	52	2	0	0	0	0	0	0	0	0	0	0	0	0	0	0	0	0	0	0	0	0	0	0	0	0	0
samples/krx-tobe/jldinf26000/websquare/jldinf26000.xml	1	0	0	0	0	0	11	35	35	35	70	19	35	0	0	2	2	13	83	13	83	796	52	0	0	0	0	0	0	0	0	0	0	0	0	0	0	0	0	0	0	0	0	0	0	0	0	0
samples/krx-tobe/jldinf26000_excel/websquare/jldinf26000_excel.xml	1	0	0	0	0	0	0	2	2	2	4	2	2	0	0	0	0	0	0	0	0	52	2	0	0	0	0	0	0	0	0	0	0	0	0	0	0	0	0	0	0	0	0	0	0	0	0	0
samples/krx-tobe/jldinf26100/websquare/jldinf26100.xml	1	0	0	0	0	0	6	28	28	28	56	15	28	0	0	2	2	13	70	13	70	662	42	0	0	0	0	0	0	0	0	0	0	0	0	0	0	0	0	0	0	0	0	0	0	0	0	0
samples/krx-tobe/jldinf26100_excel/websquare/jldinf26100_excel.xml	1	0	0	0	0	0	0	2	2	2	4	2	2	0	0	0	0	0	0	0	0	52	2	0	0	0	0	0	0	0	0	0	0	0	0	0	0	0	0	0	0	0	0	0	0	0	0	0
samples/krx-tobe/jldinf26200/websquare/jldinf26200.xml	1	0	0	0	0	0	5	22	22	22	44	12	22	0	0	0	0	15	55	15	55	541	30	0	0	0	0	0	0	0	0	0	0	0	0	0	0	0	0	0	0	0	0	0	0	0	0	0
samples/krx-tobe/jldinf26200_excel/websquare/jldinf26200_excel.xml	1	0	0	0	0	0	0	2	2	2	4	2	2	0	0	0	0	0	0	0	0	52	2	0	0	0	0	0	0	0	0	0	0	0	0	0	0	0	0	0	0	0	0	0	0	0	0	0
samples/krx-tobe/jldinf26300/websquare/jldinf26300.xml	1	0	0	0	0	0	8	24	24	24	48	14	24	0	0	0	0	18	55	18	55	564	32	0	0	0	0	0	0	0	0	0	0	0	0	0	0	0	0	0	0	0	0	0	0	0	0	0
samples/krx-tobe/jldinf26300_excel/websquare/jldinf26300_excel.xml	1	0	0	0	0	0	0	2	2	2	4	2	2	0	0	0	0	0	0	0	0	52	2	0	0	0	0	0	0	0	0	0	0	0	0	0	0	0	0	0	0	0	0	0	0	0	0	0
samples/krx-tobe/jldinf26400/websquare/jldinf26400.xml	1	0	0	0	0	0	9	32	32	32	64	17	32	0	0	0	0	14	77	14	77	726	47	0	0	0	0	0	0	0	0	0	0	0	0	0	0	0	0	0	0	0	0	0	0	0	0	0
samples/krx-tobe/jldinf26400_excel/websquare/jldinf26400_excel.xml	1	0	0	0	0	0	0	2	2	2	4	2	2	0	0	0	0	0	0	0	0	52	2	0	0	0	0	0	0	0	0	0	0	0	0	0	0	0	0	0	0	0	0	0	0	0	0	0
samples/krx-tobe/jldinf26500/websquare/jldinf26500.xml	1	0	0	0	0	0	4	32	32	32	64	17	32	0	0	2	2	14	76	14	76	712	47	0	0	0	0	0	0	0	0	0	0	0	0	0	0	0	0	0	0	0	0	0	0	0	0	0
samples/krx-tobe/jldinf26500_excel/websquare/jldinf26500_excel.xml	1	0	0	0	0	0	0	2	2	2	4	2	2	0	0	0	0	0	0	0	0	52	2	0	0	0	0	0	0	0	0	0	0	0	0	0	0	0	0	0	0	0	0	0	0	0	0	0
samples/krx-tobe/jldinf30000/websquare/jldinf30000.xml	1	0	0	0	0	0	6	20	20	20	40	12	20	0	0	0	0	10	41	10	41	466	22	0	0	0	0	0	0	0	0	0	0	0	0	0	0	0	0	0	0	0	0	0	0	0	0	0
samples/krx-tobe/jldinf30001/websquare/jldinf30001.xml	1	0	0	0	0	0	4	13	13	13	26	8	13	0	0	0	0	10	24	10	24	305	19	0	0	0	0	0	0	0	0	0	0	0	0	0	0	0	0	0	0	0	0	0	0	0	0	0
samples/krx-tobe/jldinf30100/websquare/jldinf30100.xml	1	0	0	0	0	0	2	15	15	15	30	10	15	0	0	0	0	9	33	9	33	369	17	0	0	0	0	0	0	0	0	0	0	0	0	0	0	0	0	0	0	0	0	0	0	0	0	0
samples/krx-tobe/jldinf30101/websquare/jldinf30101.xml	1	0	0	0	0	0	2	6	6	6	12	5	6	0	0	0	0	8	16	8	16	183	12	0	0	0	0	0	0	0	0	0	0	0	0	0	0	0	0	0	0	0	0	0	0	0	0	0
samples/krx-tobe/jldinf30200/websquare/jldinf30200.xml	1	0	0	0	0	0	0	2	2	2	4	2	2	0	0	0	0	0	0	0	0	57	2	0	0	0	0	0	0	0	0	0	0	0	0	0	0	0	0	0	0	0	0	0	0	0	0	0
samples/krx-tobe/jldinf30300/websquare/jldinf30300.xml	1	0	0	0	0	0	0	2	2	2	4	2	2	0	0	0	0	0	0	0	0	57	2	0	0	0	0	0	0	0	0	0	0	0	0	0	0	0	0	0	0	0	0	0	0	0	0	0
samples/krx-tobe/jldinf30400/websquare/jldinf30400.xml	1	0	0	0	0	0	0	2	2	2	4	2	2	0	0	0	0	0	0	0	0	57	2	0	0	0	0	0	0	0	0	0	0	0	0	0	0	0	0	0	0	0	0	0	0	0	0	0
samples/krx-tobe/jldinf30500/websquare/jldinf30500.xml	1	0	0	0	0	0	0	3	3	3	6	2	3	0	0	0	0	0	3	0	3	77	3	0	0	0	0	0	0	0	0	0	0	0	0	0	0	0	0	0	0	0	0	0	0	0	0	0
samples/krx-tobe/jldinf30600/websquare/jldinf30600.xml	1	0	0	0	0	0	4	20	20	20	40	12	20	0	0	0	0	10	41	10	41	463	22	0	0	0	0	0	0	0	0	0	0	0	0	0	0	0	0	0	0	0	0	0	0	0	0	0
samples/krx-tobe/jldinf30601/websquare/jldinf30601.xml	1	0	0	0	0	0	4	13	13	13	26	8	13	0	0	0	0	10	24	10	24	305	19	0	0	0	0	0	0	0	0	0	0	0	0	0	0	0	0	0	0	0	0	0	0	0	0	0
samples/krx-tobe/jldinf30700/websquare/jldinf30700.xml	1	0	0	0	0	0	0	5	5	5	10	3	5	0	0	0	0	0	6	0	6	114	5	0	0	0	0	0	0	0	0	0	0	0	0	0	0	0	0	0	0	0	0	0	0	0	0	0
samples/krx-tobe/jldinf35000/websquare/jldinf35000.xml	1	0	0	0	0	0	5	27	27	27	54	12	27	0	0	5	5	5	39	5	39	663	33	0	0	0	0	0	0	0	0	0	0	0	0	0	0	0	0	0	0	0	0	0	0	0	0	0
samples/krx-tobe/jldinf35001/websquare/jldinf35001.xml	1	0	0	0	0	0	0	3	3	3	6	2	3	0	0	0	0	0	3	0	3	72	3	0	0	0	0	0	0	0	0	0	0	0	0	0	0	0	0	0	0	0	0	0	0	0	0	0
samples/krx-tobe/jldinf35002/websquare/jldinf35002.xml	1	0	0	0	0	0	0	3	3	3	6	2	3	0	0	0	0	0	3	0	3	72	3	0	0	0	0	0	0	0	0	0	0	0	0	0	0	0	0	0	0	0	0	0	0	0	0	0
samples/krx-tobe/jldinf35100/websquare/jldinf35100.xml	1	0	0	0	0	0	4	14	14	14	28	8	14	0	0	0	0	14	37	14	37	352	20	0	0	0	0	0	0	0	0	0	0	0	0	0	0	0	0	0	0	0	0	0	0	0	0	0
samples/krx-tobe/jldinf35101/websquare/jldinf35101.xml	1	0	0	0	0	0	2	7	7	7	14	6	7	0	0	0	0	10	18	10	18	202	41	0	0	0	0	0	0	0	0	0	0	0	0	0	0	0	0	0	0	0	0	0	0	0	0	0
samples/krx-tobe/jldinf40000/websquare/jldinf40000.xml	1	0	0	0	0	0	18	42	42	42	84	16	42	1	0	3	3	22	120	22	120	1198	58	0	0	0	0	0	0	0	0	0	0	0	0	0	0	0	0	0	0	0	0	0	0	0	0	0
samples/krx-tobe/jldinf40000_excel/websquare/jldinf40000_excel.xml	1	0	0	0	0	0	0	2	2	2	4	2	2	0	0	0	0	0	0	0	0	52	2	0	0	0	0	0	0	0	0	0	0	0	0	0	0	0	0	0	0	0	0	0	0	0	0	0
samples/krx-tobe/jldinf50000/websquare/jldinf50000.xml	1	0	0	0	0	0	2	12	12	12	24	10	12	0	0	0	0	7	21	7	21	302	14	0	0	0	0	0	0	0	0	0	0	0	0	0	0	0	0	0	0	0	0	0	0	0	0	0
samples/krx-tobe/jldinf50100/websquare/jldinf50100.xml	1	0	0	0	0	0	9	31	31	31	62	19	31	0	0	0	0	21	83	21	83	834	49	0	0	0	0	0	0	0	0	0	0	0	0	0	0	0	0	0	0	0	0	0	0	0	0	0
samples/krx-tobe/jldinf50101/websquare/jldinf50101.xml	1	0	0	0	0	0	0	5	5	5	10	4	5	0	0	0	0	2	7	2	7	125	9	0	0	0	0	0	0	0	0	0	0	0	0	0	0	0	0	0	0	0	0	0	0	0	0	0
samples/krx-tobe/jldinf50102/websquare/jldinf50102.xml	1	0	0	0	0	0	0	3	3	3	6	3	3	0	0	0	0	0	0	0	0	73	3	0	0	0	0	0	0	0	0	0	0	0	0	0	0	0	0	0	0	0	0	0	0	0	0	0
samples/krx-tobe/jldinf50103/websquare/jldinf50103.xml	1	0	0	0	0	0	0	2	2	2	4	2	2	0	0	0	0	0	0	0	0	55	2	0	0	0	0	0	0	0	0	0	0	0	0	0	0	0	0	0	0	0	0	0	0	0	0	0
samples/krx-tobe/jldinf50200/websquare/jldinf50200.xml	1	0	0	0	0	0	5	21	21	21	42	14	21	0	0	0	0	15	51	15	51	535	29	0	0	0	0	0	0	0	0	0	0	0	0	0	0	0	0	0	0	0	0	0	0	0	0	0
samples/krx-tobe/jldinf90000/websquare/jldinf90000.xml	1	0	0	0	0	1	10	18	18	18	36	7	18	1	0	0	0	1	35	1	35	438	33	0	0	0	0	0	0	0	0	0	0	0	0	0	0	0	0	0	0	0	0	0	0	0	0	0
samples/krx-tobe/jldinf90009/websquare/jldinf90009.xml	1	0	0	0	0	0	4	6	6	6	12	4	6	0	0	0	0	3	10	3	10	144	14	0	0	0	0	0	0	0	0	0	0	0	0	0	0	0	0	0	0	0	0	0	0	0	0	0
samples/krx-tobe/jldinf90011/websquare/jldinf90011.xml	1	0	0	0	0	0	5	7	7	7	14	5	7	1	0	0	0	5	15	5	15	196	7	0	0	0	0	0	0	0	0	0	0	0	0	0	0	0	0	0	0	0	0	0	0	0	0	0
samples/krx-tobe/jldinf90100/websquare/jldinf90100.xml	1	0	0	0	0	1	97	12	12	12	24	7	12	1	0	0	0	3	17	3	17	357	365	0	0	0	0	0	0	0	0	0	0	0	0	0	0	0	0	0	0	0	0	0	0	0	0	0
samples/krx-tobe/jldinf90200/websquare/jldinf90200.xml	1	0	0	0	0	1	4	15	15	15	30	8	15	1	0	0	0	4	27	4	27	347	26	0	0	0	0	0	0	0	0	0	0	0	0	0	0	0	0	0	0	0	0	0	0	0	0	0
samples/krx-tobe/jldinf90300/websquare/jldinf90300.xml	1	0	0	0	0	1	4	14	14	14	28	7	14	1	0	0	0	3	26	3	26	315	24	0	0	0	0	0	0	0	0	0	0	0	0	0	0	0	0	0	0	0	0	0	0	0	0	0
samples/krx-tobe/jldinf90400/websquare/jldinf90400.xml	1	0	0	0	0	1	32	17	17	17	34	7	17	1	0	0	0	6	35	6	35	445	89	0	0	0	0	0	0	0	0	0	0	0	0	0	0	0	0	0	0	0	0	0	0	0	0	0
samples/krx-tobe/jldinf90500/websquare/jldinf90500.xml	1	0	0	0	0	1	12	13	13	13	26	7	13	1	0	0	0	3	24	3	24	302	49	0	0	0	0	0	0	0	0	0	0	0	0	0	0	0	0	0	0	0	0	0	0	0	0	0
samples/krx-tobe/jldinf90600/websquare/jldinf90600.xml	1	0	0	0	0	1	3	14	14	14	28	7	14	1	0	0	0	4	26	4	26	321	22	0	0	0	0	0	0	0	0	0	0	0	0	0	0	0	0	0	0	0	0	0	0	0	0	0
samples/krx-tobe/jldinf90700/websquare/jldinf90700.xml	1	0	0	0	0	0	1	10	10	10	20	7	10	0	0	0	0	14	29	14	29	295	65	0	0	0	0	0	0	0	0	0	0	0	0	0	0	0	0	0	0	0	0	0	0	0	0	0
samples/krx-tobe/jldinf90701/websquare/jldinf90701.xml	1	0	0	1	1	8	95	78	78	78	156	27	78	0	0	3	3	30	189	30	189	2527	120	0	0	0	0	0	0	0	0	0	0	0	0	0	0	0	0	0	0	0	0	0	0	0	0	0
samples/krx-tobe/jldinf90702/websquare/jldinf90702.xml	1	0	0	0	0	0	7	11	11	11	22	8	11	0	0	0	0	6	22	6	22	275	391	0	0	0	0	0	0	0	0	0	0	0	0	0	0	0	0	0	0	0	0	0	0	0	0	0
samples/krx-tobe/jldinf90800/websquare/jldinf90800.xml	1	0	0	0	0	0	0	5	5	5	10	3	5	0	0	0	0	2	10	2	10	123	7	0	0	0	0	0	0	0	0	0	0	0	0	0	0	0	0	0	0	0	0	0	0	0	0	0
samples/krx-tobe/jldinf90900/websquare/jldinf90900.xml	1	0	0	0	0	0	2	19	19	19	38	6	19	0	0	4	4	4	53	4	53	518	20	0	0	0	0	0	0	0	0	0	0	0	0	0	0	0	0	0	0	0	0	0	0	0	0	0
samples/krx-tobe/jldinf91000/websquare/jldinf91000.xml	1	0	0	0	0	0	2	15	15	15	30	10	15	0	0	0	0	6	36	6	36	357	68	0	0	0	0	0	0	0	0	0	0	0	0	0	0	0	0	0	0	0	0	0	0	0	0	0
samples/krx-tobe/jldinf91000_reportresult/websquare/jldinf91000_reportresult.xml	1	0	0	0	0	0	1	4	4	4	8	4	4	0	0	0	0	5	9	5	9	139	40	0	0	0	0	0	0	0	0	0	0	0	0	0	0	0	0	0	0	0	0	0	0	0	0	0
samples/krx-tobe/jldinf91001/websquare/jldinf91001.xml	1	0	0	0	0	0	1	6	6	6	12	5	6	0	0	0	0	5	12	5	12	158	28	0	0	0	0	0	0	0	0	0	0	0	0	0	0	0	0	0	0	0	0	0	0	0	0	0
samples/krx-tobe/jldinf91010/websquare/jldinf91010.xml	1	0	0	0	0	0	9	44	44	44	88	21	44	0	0	0	0	12	112	12	112	1288	64	0	0	0	0	0	0	0	0	0	0	0	0	0	0	0	0	0	0	0	0	0	0	0	0	0
samples/krx-tobe/jldinf91100/websquare/jldinf91100.xml	1	0	0	0	0	0	3	16	16	16	32	12	16	0	0	0	0	13	57	13	57	483	148	0	0	0	0	0	0	0	0	0	0	0	0	0	0	0	0	0	0	0	0	0	0	0	0	0
samples/krx-tobe/jldinf91100_reportresult/websquare/jldinf91100_reportresult.xml	1	0	0	0	0	0	1	4	4	4	8	4	4	0	0	0	0	5	9	5	9	206	93	0	0	0	0	0	0	0	0	0	0	0	0	0	0	0	0	0	0	0	0	0	0	0	0	0
samples/krx-tobe/jldinf91101/websquare/jldinf91101.xml	1	0	0	0	0	0	7	9	9	9	18	7	9	0	0	0	0	19	40	19	40	335	65	0	0	0	0	0	0	0	0	0	0	0	0	0	0	0	0	0	0	0	0	0	0	0	0	0
samples/krx-tobe/jldinf91110/websquare/jldinf91110.xml	1	0	0	0	0	0	105	114	114	114	228	30	114	0	0	2	3	27	253	27	253	3416	148	0	0	0	0	0	0	0	0	0	0	0	0	0	0	0	0	0	0	0	0	0	0	0	0	0
samples/krx-tobe/jldinf91200/websquare/jldinf91200.xml	1	0	0	0	0	0	3	17	17	17	34	13	17	0	0	0	0	3	38	3	38	375	41	0	0	0	0	0	0	0	0	0	0	0	0	0	0	0	0	0	0	0	0	0	0	0	0	0
samples/krx-tobe/jldinf91200_reportresult/websquare/jldinf91200_reportresult.xml	1	0	0	0	0	0	1	4	4	4	8	4	4	0	0	0	0	5	9	5	9	140	35	0	0	0	0	0	0	0	0	0	0	0	0	0	0	0	0	0	0	0	0	0	0	0	0	0
samples/krx-tobe/jldinf91201/websquare/jldinf91201.xml	1	0	0	0	0	0	0	5	5	5	10	4	5	0	0	0	0	2	7	2	7	123	10	0	0	0	0	0	0	0	0	0	0	0	0	0	0	0	0	0	0	0	0	0	0	0	0	0
samples/krx-tobe/jldinf91202/websquare/jldinf91202.xml	1	0	0	0	0	0	0	3	3	3	6	3	3	1	0	0	0	0	0	0	0	72	3	0	0	0	0	0	0	0	0	0	0	0	0	0	0	0	0	0	0	0	0	0	0	0	0	0
samples/krx-tobe/jldinf91203/websquare/jldinf91203.xml	1	0	0	0	0	0	0	2	2	2	4	2	2	0	0	0	0	0	0	0	0	56	2	0	0	0	0	0	0	0	0	0	0	0	0	0	0	0	0	0	0	0	0	0	0	0	0	0
samples/krx-tobe/jldinf91210/websquare/jldinf91210.xml	1	0	0	0	0	0	15	59	59	59	118	25	59	0	0	0	0	9	138	9	138	1547	68	0	0	0	0	0	0	0	0	0	0	0	0	0	0	0	0	0	0	0	0	0	0	0	0	0
samples/krx-tobe/jldinf91300/websquare/jldinf91300.xml	1	0	0	0	0	0	1	7	7	7	14	5	7	0	0	0	0	0	16	0	16	166	10	0	0	0	0	0	0	0	0	0	0	0	0	0	0	0	0	0	0	0	0	0	0	0	0	0
samples/krx-tobe/jldinf91300_reportresult/websquare/jldinf91300_reportresult.xml	1	0	0	0	0	0	1	4	4	4	8	4	4	0	0	0	0	5	9	5	9	132	27	0	0	0	0	0	0	0	0	0	0	0	0	0	0	0	0	0	0	0	0	0	0	0	0	0
samples/krx-tobe/jldinf91400/websquare/jldinf91400.xml	1	0	0	0	0	0	3	18	18	18	36	14	18	0	0	0	0	5	42	5	42	402	44	0	0	0	0	0	0	0	0	0	0	0	0	0	0	0	0	0	0	0	0	0	0	0	0	0
samples/krx-tobe/jldinf91400_reportresult/websquare/jldinf91400_reportresult.xml	1	0	0	0	0	0	1	4	4	4	8	4	4	0	0	0	0	5	9	5	9	132	27	0	0	0	0	0	0	0	0	0	0	0	0	0	0	0	0	0	0	0	0	0	0	0	0	0
samples/krx-tobe/jldinf91401/websquare/jldinf91401.xml	1	0	0	0	0	0	1	6	6	6	12	5	6	0	0	0	0	9	17	9	17	181	13	0	0	0	0	0	0	0	0	0	0	0	0	0	0	0	0	0	0	0	0	0	0	0	0	0
samples/krx-tobe/jldinf91410/websquare/jldinf91410.xml	1	0	0	0	0	0	14	50	50	50	100	26	50	0	0	0	0	9	117	9	117	1319	54	0	0	0	0	0	0	0	0	0	0	0	0	0	0	0	0	0	0	0	0	0	0	0	0	0
samples/krx-tobe/jldinf91500/websquare/jldinf91500.xml	1	0	0	0	0	0	2	17	17	17	34	13	17	0	0	0	0	5	42	5	42	388	50	0	0	0	0	0	0	0	0	0	0	0	0	0	0	0	0	0	0	0	0	0	0	0	0	0
samples/krx-tobe/jldinf91500_reportresult/websquare/jldinf91500_reportresult.xml	1	0	0	0	0	0	1	4	4	4	8	4	4	0	0	0	0	5	9	5	9	134	29	0	0	0	0	0	0	0	0	0	0	0	0	0	0	0	0	0	0	0	0	0	0	0	0	0
samples/krx-tobe/jldinf91501/websquare/jldinf91501.xml	1	0	0	0	0	0	0	5	5	5	10	4	5	0	0	0	0	2	7	2	7	123	10	0	0	0	0	0	0	0	0	0	0	0	0	0	0	0	0	0	0	0	0	0	0	0	0	0
samples/krx-tobe/jldinf91510/websquare/jldinf91510.xml	1	0	0	0	0	0	13	46	46	46	92	24	46	0	0	0	0	9	108	9	108	1212	50	0	0	0	0	0	0	0	0	0	0	0	0	0	0	0	0	0	0	0	0	0	0	0	0	0
samples/krx-tobe/jldinf91600/websquare/jldinf91600.xml	1	0	0	0	0	0	2	17	17	17	34	13	17	0	0	0	0	5	42	5	42	388	43	0	0	0	0	0	0	0	0	0	0	0	0	0	0	0	0	0	0	0	0	0	0	0	0	0
samples/krx-tobe/jldinf91600_reportresult/websquare/jldinf91600_reportresult.xml	1	0	0	0	0	0	1	4	4	4	8	4	4	0	0	0	0	5	9	5	9	134	29	0	0	0	0	0	0	0	0	0	0	0	0	0	0	0	0	0	0	0	0	0	0	0	0	0
samples/krx-tobe/jldinf91601/websquare/jldinf91601.xml	1	0	0	0	0	0	0	5	5	5	10	4	5	0	0	0	0	2	7	2	7	122	9	0	0	0	0	0	0	0	0	0	0	0	0	0	0	0	0	0	0	0	0	0	0	0	0	0
samples/krx-tobe/jldinf91610/websquare/jldinf91610.xml	1	0	0	0	0	0	11	41	41	41	82	22	41	0	0	0	0	10	102	10	102	1080	45	0	0	0	0	0	0	0	0	0	0	0	0	0	0	0	0	0	0	0	0	0	0	0	0	0
samples/krx-tobe/jldinf91700/websquare/jldinf91700.xml	1	0	0	0	0	0	2	16	16	16	32	12	16	0	0	0	0	5	42	5	42	369	48	0	0	0	0	0	0	0	0	0	0	0	0	0	0	0	0	0	0	0	0	0	0	0	0	0
samples/krx-tobe/jldinf91700_reportresult/websquare/jldinf91700_reportresult.xml	1	0	0	0	0	0	1	4	4	4	8	4	4	0	0	0	0	5	9	5	9	146	41	0	0	0	0	0	0	0	0	0	0	0	0	0	0	0	0	0	0	0	0	0	0	0	0	0
samples/krx-tobe/jldinf91701/websquare/jldinf91701.xml	1	0	0	0	0	0	1	6	6	6	12	5	6	0	0	0	0	5	12	5	12	156	15	0	0	0	0	0	0	0	0	0	0	0	0	0	0	0	0	0	0	0	0	0	0	0	0	0
samples/krx-tobe/jldinf91702/websquare/jldinf91702.xml	1	0	0	0	0	0	0	2	2	2	4	2	2	0	0	0	0	0	0	0	0	52	2	0	0	0	0	0	0	0	0	0	0	0	0	0	0	0	0	0	0	0	0	0	0	0	0	0
samples/krx-tobe/jldinf91703/websquare/jldinf91703.xml	1	0	0	0	0	0	0	2	2	2	4	2	2	0	0	0	0	0	0	0	0	56	2	0	0	0	0	0	0	0	0	0	0	0	0	0	0	0	0	0	0	0	0	0	0	0	0	0
samples/krx-tobe/jldinf91710/websquare/jldinf91710.xml	1	0	0	0	0	0	10	48	48	48	96	25	48	0	0	0	0	11	114	11	114	1267	54	0	0	0	0	0	0	0	0	0	0	0	0	0	0	0	0	0	0	0	0	0	0	0	0	0
samples/krx-tobe/jldinf91800/websquare/jldinf91800.xml	1	0	0	0	0	0	2	17	17	17	34	13	17	0	0	0	0	5	42	5	42	386	43	0	0	0	0	0	0	0	0	0	0	0	0	0	0	0	0	0	0	0	0	0	0	0	0	0
samples/krx-tobe/jldinf91800_reportresult/websquare/jldinf91800_reportresult.xml	1	0	0	0	0	0	1	4	4	4	8	4	4	0	0	0	0	5	9	5	9	127	22	0	0	0	0	0	0	0	0	0	0	0	0	0	0	0	0	0	0	0	0	0	0	0	0	0
samples/krx-tobe/jldinf91801/websquare/jldinf91801.xml	1	0	0	0	0	0	0	5	5	5	10	4	5	0	0	0	0	2	7	2	7	121	8	0	0	0	0	0	0	0	0	0	0	0	0	0	0	0	0	0	0	0	0	0	0	0	0	0
samples/krx-tobe/jldinf91810/websquare/jldinf91810.xml	1	0	0	0	0	0	13	47	47	47	94	24	47	0	0	0	0	10	111	10	111	1226	51	0	0	0	0	0	0	0	0	0	0	0	0	0	0	0	0	0	0	0	0	0	0	0	0	0
samples/krx-tobe/jldinf91900/websquare/jldinf91900.xml	1	0	0	0	0	0	1	13	13	13	26	10	13	0	0	0	0	5	29	5	29	290	45	0	0	0	0	0	0	0	0	0	0	0	0	0	0	0	0	0	0	0	0	0	0	0	0	0
samples/krx-tobe/jldinf91901/websquare/jldinf91901.xml	1	0	0	0	0	0	0	5	5	5	10	4	5	0	0	0	0	2	7	2	7	121	8	0	0	0	0	0	0	0	0	0	0	0	0	0	0	0	0	0	0	0	0	0	0	0	0	0
samples/krx-tobe/jldinf91910/websquare/jldinf91910.xml	1	0	0	0	0	0	12	54	54	54	108	26	54	0	0	0	0	12	132	12	132	1394	59	0	0	0	0	0	0	0	0	0	0	0	0	0	0	0	0	0	0	0	0	0	0	0	0	0
samples/krx-tobe/jldinf92000/websquare/jldinf92000.xml	1	0	0	0	0	0	1	13	13	13	26	10	13	0	0	0	0	5	29	5	29	291	43	0	0	0	0	0	0	0	0	0	0	0	0	0	0	0	0	0	0	0	0	0	0	0	0	0
samples/krx-tobe/jldinf92001/websquare/jldinf92001.xml	1	0	0	0	0	0	0	5	5	5	10	4	5	0	0	0	0	2	7	2	7	121	8	0	0	0	0	0	0	0	0	0	0	0	0	0	0	0	0	0	0	0	0	0	0	0	0	0
samples/krx-tobe/jldinf92010/websquare/jldinf92010.xml	1	0	0	0	0	0	19	50	50	50	100	24	50	0	0	0	0	12	119	12	119	1336	54	0	0	0	0	0	0	0	0	0	0	0	0	0	0	0	0	0	0	0	0	0	0	0	0	0
samples/krx-tobe/jldinf92100/websquare/jldinf92100.xml	1	0	0	0	0	0	2	15	15	15	30	11	15	0	0	0	0	5	42	5	42	351	48	0	0	0	0	0	0	0	0	0	0	0	0	0	0	0	0	0	0	0	0	0	0	0	0	0
samples/krx-tobe/jldinf92100_reportresult/websquare/jldinf92100_reportresult.xml	1	0	0	0	0	0	1	4	4	4	8	4	4	0	0	0	0	5	9	5	9	132	31	0	0	0	0	0	0	0	0	0	0	0	0	0	0	0	0	0	0	0	0	0	0	0	0	0
samples/krx-tobe/jldinf92101/websquare/jldinf92101.xml	1	0	0	0	0	0	0	5	5	5	10	4	5	0	0	0	0	2	7	2	7	122	9	0	0	0	0	0	0	0	0	0	0	0	0	0	0	0	0	0	0	0	0	0	0	0	0	0
samples/krx-tobe/jldinf92110/websquare/jldinf92110.xml	1	0	0	0	0	0	9	44	44	44	88	25	44	0	0	0	0	11	103	11	103	1133	54	0	0	0	0	0	0	0	0	0	0	0	0	0	0	0	0	0	0	0	0	0	0	0	0	0
samples/krx-tobe/jldinf92200/websquare/jldinf92200.xml	1	0	0	0	0	0	1	7	7	7	14	5	7	0	0	0	0	0	16	0	16	166	10	0	0	0	0	0	0	0	0	0	0	0	0	0	0	0	0	0	0	0	0	0	0	0	0	0
samples/krx-tobe/jldinf92200_reportresult/websquare/jldinf92200_reportresult.xml	1	0	0	0	0	0	1	4	4	4	8	4	4	0	0	0	0	5	9	5	9	119	14	0	0	0	0	0	0	0	0	0	0	0	0	0	0	0	0	0	0	0	0	0	0	0	0	0
samples/krx-tobe/jldinf92201/websquare/jldinf92201.xml	1	0	0	0	0	0	1	6	6	6	12	5	6	0	0	0	0	5	12	5	12	158	17	0	0	0	0	0	0	0	0	0	0	0	0	0	0	0	0	0	0	0	0	0	0	0	0	0
samples/krx-tobe/jldinf92202/websquare/jldinf92202.xml	1	0	0	0	0	0	0	3	3	3	6	3	3	1	0	0	0	0	0	0	0	72	3	0	0	0	0	0	0	0	0	0	0	0	0	0	0	0	0	0	0	0	0	0	0	0	0	0
samples/krx-tobe/jldinf92203/websquare/jldinf92203.xml	1	0	0	0	0	0	0	2	2	2	4	2	2	0	0	0	0	0	0	0	0	56	2	0	0	0	0	0	0	0	0	0	0	0	0	0	0	0	0	0	0	0	0	0	0	0	0	0
samples/krx-tobe/jldinf92300/websquare/jldinf92300.xml	1	0	0	0	0	0	0	4	4	4	8	3	4	0	0	0	0	0	3	0	3	98	6	0	0	0	0	0	0	0	0	0	0	0	0	0	0	0	0	0	0	0	0	0	0	0	0	0
samples/krx-tobe/jldinf92301/websquare/jldinf92301.xml	1	0	0	0	0	0	0	5	5	5	10	4	5	0	0	0	0	2	7	2	7	124	8	0	0	0	0	0	0	0	0	0	0	0	0	0	0	0	0	0	0	0	0	0	0	0	0	0
samples/krx-tobe/jldinf92400/websquare/jldinf92400.xml	1	0	0	0	0	0	3	18	18	18	36	14	18	0	0	0	0	5	42	5	42	400	44	0	0	0	0	0	0	0	0	0	0	0	0	0	0	0	0	0	0	0	0	0	0	0	0	0
samples/krx-tobe/jldinf92400_reportresult/websquare/jldinf92400_reportresult.xml	1	0	0	0	0	0	1	4	4	4	8	4	4	0	0	0	0	5	9	5	9	129	24	0	0	0	0	0	0	0	0	0	0	0	0	0	0	0	0	0	0	0	0	0	0	0	0	0
samples/krx-tobe/jldinf92500/websquare/jldinf92500.xml	1	0	0	0	0	0	13	45	45	45	90	22	45	0	0	0	0	7	93	7	93	1167	49	0	0	0	0	0	0	0	0	0	0	0	0	0	0	0	0	0	0	0	0	0	0	0	0	0
samples/krx-tobe/jldinf92501/websquare/jldinf92501.xml	1	0	0	0	0	0	0	5	5	5	10	4	5	0	0	0	0	2	7	2	7	121	8	0	0	0	0	0	0	0	0	0	0	0	0	0	0	0	0	0	0	0	0	0	0	0	0	0
samples/krx-tobe/jldinf92600/websquare/jldinf92600.xml	1	0	0	0	0	0	10	37	37	37	74	19	37	0	0	0	0	6	75	6	75	927	40	0	0	0	0	0	0	0	0	0	0	0	0	0	0	0	0	0	0	0	0	0	0	0	0	0
samples/krx-tobe/jldinf93000/websquare/jldinf93000.xml	1	0	0	0	0	2	10	20	20	20	40	10	20	0	0	0	0	11	58	11	58	653	22	0	0	0	0	0	0	0	0	0	0	0	0	0	0	0	0	0	0	0	0	0	0	0	0	0
samples/krx-tobe/jldinf94000/websquare/jldinf94000.xml	1	0	0	0	0	0	0	5	5	5	10	3	5	0	0	0	0	0	7	0	7	116	5	0	0	0	0	0	0	0	0	0	0	0	0	0	0	0	0	0	0	0	0	0	0	0	0	0
samples/krx-tobe/jldinf95000/websquare/jldinf95000.xml	1	0	0	0	0	1	1	9	9	9	18	6	9	1	0	0	0	5	22	5	22	227	10	0	0	0	0	0	0	0	0	0	0	0	0	0	0	0	0	0	0	0	0	0	0	0	0	0
samples/krx-tobe/jldinf95100/websquare/jldinf95100.xml	1	0	0	0	0	0	10	22	22	22	44	10	22	0	0	0	0	4	62	4	62	665	28	0	0	0	0	0	0	0	0	0	0	0	0	0	0	0	0	0	0	0	0	0	0	0	0	0
samples/krx-tobe/jldinf96000/websquare/jldinf96000.xml	1	0	0	0	0	0	23	11	11	11	22	9	11	0	0	0	0	5	20	5	20	340	30	0	0	0	0	0	0	0	0	0	0	0	0	0	0	0	0	0	0	0	0	0	0	0	0	0
samples/krx-tobe/jldinf99000/websquare/jldinf99000.xml	1	0	0	0	0	0	2	18	18	18	36	2	18	0	0	0	0	0	46	0	46	383	18	0	0	0	0	0	0	0	0	0	0	0	0	0	0	0	0	0	0	0	0	0	0	0	0	0
samples/krx-tobe/jldinf99001/websquare/jldinf99001.xml	1	0	0	0	0	0	3	7	7	7	14	2	7	0	0	0	0	0	13	0	13	167	7	0	0	0	0	0	0	0	0	0	0	0	0	0	0	0	0	0	0	0	0	0	0	0	0	0
samples/krx-tobe/jldinf99003/websquare/jldinf99003.xml	1	0	0	0	0	0	1	17	17	17	34	2	17	0	0	0	0	0	42	0	42	361	17	0	0	0	0	0	0	0	0	0	0	0	0	0	0	0	0	0	0	0	0	0	0	0	0	0
samples/krx-tobe/jldinf99999/websquare/jldinf99999.xml	1	0	0	0	0	0	0	3	3	3	6	3	3	0	0	0	0	0	0	0	0	75	5	0	0	0	0	0	0	0	0	0	0	0	0	0	0	0	0	0	0	0	0	0	0	0	0	0
samples/krx-tobe/jldmgt90400/websquare/jldmgt90400.xml	1	0	0	0	0	6	2	10	10	10	20	8	10	0	0	0	0	1	7	1	7	237	10	0	0	0	0	0	0	0	0	0	0	0	0	0	0	0	0	0	0	0	0	0	0	0	0	0
samples/krx-tobe/jldods10000/websquare/jldods10000.xml	1	0	0	0	0	0	13	27	27	27	54	17	27	0	0	0	0	16	55	16	55	736	49	0	0	0	0	0	0	0	0	0	0	0	0	0	0	0	0	0	0	0	0	0	0	0	0	0
samples/krx-tobe/jldods10006/websquare/jldods10006.xml	1	0	0	0	0	0	0	2	2	2	4	2	2	0	0	0	0	0	0	0	0	52	2	0	0	0	0	0	0	0	0	0	0	0	0	0	0	0	0	0	0	0	0	0	0	0	0	0
samples/krx-tobe/jldods10010/websquare/jldods10010.xml	1	0	0	0	0	0	3	22	22	22	44	10	22	0	0	3	3	16	52	16	52	632	28	0	0	0	0	0	0	0	0	0	0	0	0	0	0	0	0	0	0	0	0	0	0	0	3	0
samples/krx-tobe/jldods10020/websquare/jldods10020.xml	1	0	0	1	1	9	5	16	16	16	32	9	16	0	0	1	1	7	38	7	38	461	26	0	0	0	0	0	0	0	0	0	0	0	0	0	0	0	0	0	0	0	0	0	0	0	22	0
samples/krx-tobe/jldods10021/websquare/jldods10021.xml	1	0	0	0	0	0	0	4	4	4	8	3	4	0	0	0	0	0	3	0	3	89	5	0	0	0	0	0	0	0	0	0	0	0	0	0	0	0	0	0	0	0	0	0	0	0	0	0
samples/krx-tobe/jldods10025/websquare/jldods10025.xml	1	0	0	0	0	0	2	5	5	5	10	5	5	0	0	0	0	11	18	11	18	169	15	0	0	0	0	0	0	0	0	0	0	0	0	0	0	0	0	0	0	0	0	0	0	0	0	0
samples/krx-tobe/jldods10026/websquare/jldods10026.xml	1	0	0	0	0	0	6	5	5	5	10	5	5	0	0	0	0	12	19	12	19	176	24	0	0	0	0	0	0	0	0	0	0	0	0	0	0	0	0	0	0	0	0	0	0	0	0	0
samples/krx-tobe/jldods10030/websquare/jldods10030.xml	1	0	0	0	0	1	1	34	34	34	68	7	34	0	0	0	0	3	75	3	75	785	40	0	0	0	0	0	0	0	0	0	0	0	0	0	0	0	0	0	0	0	0	0	0	0	0	0
samples/krx-tobe/jldods10040/websquare/jldods10040.xml	1	0	0	1	1	9	6	17	17	17	34	9	17	0	0	1	1	6	30	6	30	396	25	0	0	0	0	0	0	0	0	0	0	0	0	0	0	0	0	0	0	0	0	0	0	0	4	0
samples/krx-tobe/jldods10041/websquare/jldods10041.xml	1	0	0	1	1	9	7	17	17	17	34	9	17	0	0	1	1	6	32	6	32	404	25	0	0	0	0	0	0	0	0	0	0	0	0	0	0	0	0	0	0	0	0	0	0	0	6	0
samples/krx-tobe/jldods15000/websquare/jldods15000.xml	1	0	0	3	3	24	6	39	39	39	78	11	39	0	0	3	3	13	97	13	97	894	69	0	0	0	0	0	0	0	0	0	0	0	0	0	0	0	0	0	0	0	0	0	0	0	0	0
samples/krx-tobe/jldods16000/websquare/jldods16000.xml	1	0	0	0	0	0	7	17	17	17	34	11	17	0	0	0	0	5	30	5	30	438	21	0	0	0	0	0	0	0	0	0	0	0	0	0	0	0	0	0	0	0	0	0	0	0	19	0
samples/krx-tobe/jldods16001/websquare/jldods16001.xml	1	0	0	0	0	0	5	8	8	8	16	7	8	0	0	0	0	16	26	16	26	243	23	0	0	0	0	0	0	0	0	0	0	0	0	0	0	0	0	0	0	0	0	0	0	0	0	0
samples/krx-tobe/jldods16010/websquare/jldods16010.xml	1	0	0	0	0	27	4	33	33	33	66	12	33	0	0	3	3	10	62	10	62	869	43	0	0	0	0	0	4	0	0	0	0	0	0	4	0	0	0	0	0	0	0	0	0	0	0	4
samples/krx-tobe/jldods16500/websquare/jldods16500.xml	1	0	0	2	2	16	3	18	18	18	36	8	18	0	0	2	2	4	25	4	25	378	28	0	0	0	0	0	0	0	0	0	0	0	0	0	0	0	0	0	0	0	0	0	0	0	0	0
samples/krx-tobe/jldods16510/websquare/jldods16510.xml	1	0	0	0	0	0	2	5	5	5	10	3	5	0	0	0	0	2	10	2	10	120	7	0	0	0	0	0	0	0	0	0	0	0	0	0	0	0	0	0	0	0	0	0	0	0	0	0
samples/krx-tobe/jldods16520/websquare/jldods16520.xml	1	0	0	0	0	0	3	10	10	10	20	3	10	0	0	0	0	2	22	2	22	217	13	0	0	0	0	0	0	0	0	0	0	0	0	0	0	0	0	0	0	0	0	0	0	0	0	0
samples/krx-tobe/jldods17000/websquare/jldods17000.xml	1	0	0	0	0	0	3	4	4	4	8	3	4	0	0	0	0	5	5	5	5	109	9	0	0	0	0	0	0	0	0	0	0	0	0	0	0	0	0	0	0	0	0	0	0	0	0	0
samples/krx-tobe/jldods17001/websquare/jldods17001.xml	1	0	0	0	0	2	2	16	16	16	32	4	16	0	0	0	0	13	41	13	41	445	25	0	0	0	0	0	0	0	0	0	0	0	0	0	0	0	0	0	0	0	0	0	0	0	0	0
samples/krx-tobe/jldods17010/websquare/jldods17010.xml	1	0	0	0	0	0	3	5	5	5	10	4	5	0	0	0	0	5	8	5	8	124	10	0	0	0	0	0	0	0	0	0	0	0	0	0	0	0	0	0	0	0	0	0	0	0	0	0
samples/krx-tobe/jldods17011/websquare/jldods17011.xml	1	0	0	0	0	0	0	13	13	13	26	9	13	0	0	0	0	3	15	3	15	322	22	0	0	0	0	0	0	0	0	0	0	0	0	0	0	0	0	0	0	0	0	0	0	0	0	0
samples/krx-tobe/jldods17012/websquare/jldods17012.xml	1	0	0	0	0	0	0	14	14	14	28	11	14	0	0	0	0	4	14	4	14	363	27	0	0	0	0	0	0	0	0	0	0	0	0	0	0	0	0	0	0	0	0	0	0	0	0	0
samples/krx-tobe/jldods17013/websquare/jldods17013.xml	1	0	0	0	0	0	0	10	10	10	20	7	10	0	0	0	0	2	10	2	10	237	15	0	0	0	0	0	0	0	0	0	0	0	0	0	0	0	0	0	0	0	0	0	0	0	0	0
samples/krx-tobe/jldods20000/websquare/jldods20000.xml	1	0	0	0	0	0	13	14	14	14	28	7	14	0	0	0	0	3	22	3	22	316	16	0	0	0	0	0	0	0	0	0	0	0	0	0	0	0	0	0	0	0	0	0	0	0	0	0
samples/krx-tobe/jldods20001/websquare/jldods20001.xml	1	0	0	0	0	0	8	13	13	13	26	7	13	0	0	0	0	3	16	3	16	291	14	0	0	0	0	0	0	0	0	0	0	0	0	0	0	0	0	0	0	0	0	0	0	0	0	0
samples/krx-tobe/jldods20010/websquare/jldods20010.xml	1	0	0	0	0	0	1	31	31	31	62	8	31	0	0	0	0	1	57	1	57	636	31	0	0	0	0	0	0	0	0	0	0	0	0	0	0	0	0	0	0	0	0	0	0	0	0	0
samples/krx-tobe/jldods20011/websquare/jldods20011.xml	1	0	0	0	0	0	16	11	11	11	22	6	11	0	0	0	0	3	16	3	16	265	12	0	0	0	0	0	0	0	0	0	0	0	0	0	0	0	0	0	0	0	0	0	0	0	0	0
samples/krx-tobe/jldods20020/websquare/jldods20020.xml	1	0	0	0	0	0	1	6	6	6	12	5	6	1	0	0	0	5	12	5	12	162	30	0	0	0	0	0	0	0	0	0	0	0	0	0	0	0	0	0	0	0	0	0	0	0	0	0
samples/krx-tobe/jldods20021/websquare/jldods20021.xml	1	0	0	0	0	0	0	5	5	5	10	4	5	1	0	0	0	2	7	2	7	127	15	0	0	0	0	0	0	0	0	0	0	0	0	0	0	0	0	0	0	0	0	0	0	0	0	0
samples/krx-tobe/jldods20022/websquare/jldods20022.xml	1	0	0	0	0	0	0	5	5	5	10	4	5	1	0	0	0	2	7	2	7	123	11	0	0	0	0	0	0	0	0	0	0	0	0	0	0	0	0	0	0	0	0	0	0	0	0	0
samples/krx-tobe/jldods20023/websquare/jldods20023.xml	1	0	0	0	0	0	0	4	4	4	8	3	4	1	0	0	0	0	3	0	3	92	4	0	0	0	0	0	0	0	0	0	0	0	0	0	0	0	0	0	0	0	0	0	0	0	0	0
samples/krx-tobe/jldods20030/websquare/jldods20030.xml	1	0	0	0	0	0	1	7	7	7	14	4	7	1	0	0	0	3	11	3	11	166	11	0	0	0	0	0	0	0	0	0	0	0	0	0	0	0	0	0	0	0	0	0	0	0	0	0
samples/krx-tobe/jldods20040/websquare/jldods20040.xml	1	0	0	0	0	0	1	8	8	8	16	6	8	1	0	0	0	12	26	12	26	241	16	0	0	0	0	0	0	0	0	0	0	0	0	0	0	0	0	0	0	0	0	0	0	0	0	0
samples/krx-tobe/jldods25000/websquare/jldods25000.xml	1	0	0	0	0	2	5	18	18	18	36	7	18	0	0	0	0	7	31	7	31	412	22	0	0	0	0	0	0	0	0	0	0	0	0	0	0	0	0	0	0	0	0	0	0	0	0	0
samples/krx-tobe/jldods25010/websquare/jldods25010.xml	1	0	0	0	0	0	3	8	8	8	16	4	8	0	0	0	0	14	30	14	30	259	26	0	0	0	0	0	0	0	0	0	0	0	0	0	0	0	0	0	0	0	0	0	0	0	0	0
samples/krx-tobe/jldods26000/websquare/jldods26000.xml	1	0	0	1	1	8	2	5	5	5	10	2	5	0	0	1	1	0	2	0	2	118	6	0	0	0	0	0	0	0	0	0	0	0	0	0	0	0	0	0	0	0	0	0	0	0	0	0
samples/krx-tobe/jldods27000/websquare/jldods27000.xml	1	0	0	0	0	2	6	22	22	22	44	9	22	0	0	0	0	16	50	16	50	564	31	0	0	0	0	0	0	0	0	0	0	0	0	0	0	0	0	0	0	0	0	0	0	0	0	0
samples/krx-tobe/jldods27010/websquare/jldods27010.xml	1	0	0	0	0	0	2	7	7	7	14	3	7	0	0	0	0	7	20	7	20	199	21	0	0	0	0	0	0	0	0	0	0	0	0	0	0	0	0	0	0	0	0	0	0	0	0	0
samples/krx-tobe/jldods28000/websquare/jldods28000.xml	1	0	0	0	0	0	0	3	3	3	6	2	3	0	0	0	0	0	3	0	3	72	3	0	0	0	0	0	0	0	0	0	0	0	0	0	0	0	0	0	0	0	0	0	0	0	0	0
samples/krx-tobe/jldods28010/websquare/jldods28010.xml	1	0	0	0	0	0	0	2	2	2	4	2	2	0	0	0	0	0	0	0	0	52	2	0	0	0	0	0	0	0	0	0	0	0	0	0	0	0	0	0	0	0	0	0	0	0	0	0
samples/krx-tobe/jldods28020/websquare/jldods28020.xml	1	0	0	0	0	0	0	2	2	2	4	2	2	0	0	0	0	0	0	0	0	52	2	0	0	0	0	0	0	0	0	0	0	0	0	0	0	0	0	0	0	0	0	0	0	0	0	0
samples/krx-tobe/jldods28021/websquare/jldods28021.xml	1	0	0	0	0	0	0	2	2	2	4	2	2	0	0	0	0	0	0	0	0	52	2	0	0	0	0	0	0	0	0	0	0	0	0	0	0	0	0	0	0	0	0	0	0	0	0	0
samples/krx-tobe/jldods29000/websquare/jldods29000.xml	1	0	0	0	0	1	4	12	12	12	24	5	12	0	0	0	0	5	23	5	23	272	15	0	0	0	0	0	0	0	0	0	0	0	0	0	0	0	0	0	0	0	0	0	0	0	0	0
samples/krx-tobe/jldods29010/websquare/jldods29010.xml	1	0	0	1	1	8	2	7	7	7	14	4	7	0	0	1	1	7	13	7	13	186	12	0	0	0	0	0	0	0	0	0	0	0	0	0	0	0	0	0	0	0	0	0	0	0	0	0
samples/krx-tobe/jldods60001/websquare/jldods60001.xml	1	0	0	0	0	0	5	8	8	8	16	4	8	0	0	0	0	5	15	5	15	196	22	0	0	0	0	0	0	0	0	0	0	0	0	0	0	0	0	0	0	0	0	0	0	0	0	0
samples/krx-tobe/jldods60101/websquare/jldods60101.xml	1	0	0	0	0	0	2	9	9	9	18	4	9	0	0	0	0	5	21	5	21	214	123	0	0	0	0	0	0	0	0	0	0	0	0	0	0	0	0	0	0	0	0	0	0	0	0	0
samples/krx-tobe/jldods60201/websquare/jldods60201.xml	1	0	0	0	0	0	3	30	30	30	60	13	30	0	0	0	0	8	42	8	42	739	34	0	0	0	0	0	0	0	0	0	0	0	0	0	0	0	0	0	0	0	0	0	0	0	0	0
samples/krx-tobe/jldods60301/websquare/jldods60301.xml	1	0	0	1	1	8	12	65	65	65	130	20	65	0	0	1	1	12	105	12	105	1819	77	0	0	0	0	0	0	0	0	0	0	0	0	0	0	0	0	0	0	0	0	0	0	0	0	0
samples/krx-tobe/jldods60302/websquare/jldods60302.xml	1	0	0	0	0	2	5	24	24	24	48	9	24	0	0	0	0	7	46	7	46	526	29	0	0	0	0	0	0	0	0	0	0	0	0	0	0	0	0	0	0	0	0	0	0	0	0	0
samples/krx-tobe/jldods60310/websquare/jldods60310.xml	1	0	0	0	0	0	3	12	12	12	24	8	12	0	0	0	0	6	21	6	21	280	16	0	0	0	0	0	0	0	0	0	0	0	0	0	0	0	0	0	0	0	0	0	0	0	0	0
samples/krx-tobe/jldods60401/websquare/jldods60401.xml	1	0	0	1	1	8	7	36	36	36	72	10	36	0	0	1	1	8	57	8	57	760	43	0	0	0	0	0	0	0	0	0	0	0	0	0	0	0	0	0	0	0	0	0	0	0	0	0
samples/krx-tobe/jldods60401_pop/websquare/jldods60401_pop.xml	1	0	0	2	2	16	4	5	5	5	10	3	5	0	0	2	2	0	5	0	5	111	7	0	0	0	0	0	0	0	0	0	0	0	0	0	0	0	0	0	0	0	0	0	0	0	0	0
samples/krx-tobe/jldods70001/websquare/jldods70001.xml	1	0	0	0	0	0	36	44	44	44	88	19	44	1	0	8	8	15	58	15	58	1110	191	0	0	0	0	0	0	0	0	0	0	0	0	0	0	0	0	0	0	0	0	0	0	0	0	0
samples/krx-tobe/jldods70001_create/websquare/jldods70001_create.xml	1	0	0	0	0	0	7	18	18	18	36	10	18	0	0	0	0	5	14	5	14	425	25	0	0	0	0	0	0	0	0	0	0	0	0	0	0	0	0	0	0	0	0	0	0	0	0	0
samples/krx-tobe/jldods70002/websquare/jldods70002.xml	1	0	0	6	6	49	14	35	35	35	70	14	35	0	0	6	6	24	63	24	63	779	53	0	0	0	0	0	0	0	0	0	0	0	0	0	0	0	0	0	0	0	0	0	0	0	0	0
samples/krx-tobe/jldods70002_pop/websquare/jldods70002_pop.xml	1	0	0	0	0	0	2	7	7	7	14	4	7	0	0	0	0	2	14	2	14	165	9	0	0	0	0	0	0	0	0	0	0	0	0	0	0	0	0	0	0	0	0	0	0	0	0	0
samples/krx-tobe/jldods70003/websquare/jldods70003.xml	1	0	0	2	2	16	3	4	4	4	8	2	4	0	0	2	2	0	4	0	4	96	6	0	0	0	0	0	0	0	0	0	0	0	0	0	0	0	0	0	0	0	0	0	0	0	0	0
samples/krx-tobe/jldods70004/websquare/jldods70004.xml	1	0	0	0	0	0	0	2	2	2	4	2	2	0	0	0	0	0	0	0	0	52	2	0	0	0	0	0	0	0	0	0	0	0	0	0	0	0	0	0	0	0	0	0	0	0	0	0
samples/krx-tobe/jldods70005/websquare/jldods70005.xml	1	0	0	0	0	0	4	12	12	12	24	8	12	0	0	0	0	14	27	14	27	333	86	0	0	0	0	0	0	0	0	0	0	0	0	0	0	0	0	0	0	0	0	0	0	0	0	0
samples/krx-tobe/jldods70006/websquare/jldods70006.xml	1	0	0	5	5	41	12	46	46	46	92	18	46	0	0	5	5	16	92	16	92	996	96	0	0	0	0	0	0	0	0	0	0	0	0	0	0	0	0	0	0	0	0	0	0	0	0	0
samples/krx-tobe/jldods70006_r0/websquare/jldods70006_r0.xml	1	0	0	0	0	0	6	3	3	3	6	3	3	0	0	0	0	0	0	0	0	80	3	0	0	0	0	0	0	0	0	0	0	0	0	0	0	0	0	0	0	0	0	0	0	0	0	0
samples/krx-tobe/jldods70006_r0i0/websquare/jldods70006_r0i0.xml	1	0	0	0	0	0	2	4	4	4	8	4	4	0	0	0	0	5	9	5	9	114	16	0	0	0	0	0	0	0	0	0	0	0	0	0	0	0	0	0	0	0	0	0	0	0	0	0
samples/krx-tobe/jldods70007/websquare/jldods70007.xml	1	0	0	0	0	0	0	5	5	5	10	3	5	0	0	0	0	0	6	0	6	109	5	0	0	0	0	0	0	0	0	0	0	0	0	0	0	0	0	0	0	0	0	0	0	0	0	0
samples/krx-tobe/jldods70007_2/websquare/jldods70007_2.xml	1	0	0	0	0	0	1	6	6	6	12	4	6	0	0	0	0	3	11	3	11	142	7	0	0	0	0	0	0	0	0	0	0	0	0	0	0	0	0	0	0	0	0	0	0	0	0	0
samples/krx-tobe/jldods70008/websquare/jldods70008.xml	1	0	0	0	0	0	4	12	12	12	24	7	12	0	0	0	0	2	14	2	14	237	13	0	0	0	0	0	0	0	0	0	0	0	0	0	0	0	0	0	0	0	0	0	0	0	0	0
samples/krx-tobe/jldods70009/websquare/jldods70009.xml	1	0	0	0	0	0	13	38	38	38	76	19	38	1	0	0	0	25	82	25	82	984	74	0	0	0	0	0	0	0	0	0	0	0	0	0	0	0	0	0	0	0	0	0	0	0	0	0
samples/krx-tobe/jldods70011/websquare/jldods70011.xml	1	0	0	0	0	0	0	6	6	6	12	4	6	0	0	0	0	1	9	1	9	141	6	0	0	0	0	0	0	0	0	0	0	0	0	0	0	0	0	0	0	0	0	0	0	0	0	0
samples/krx-tobe/jldods70012/websquare/jldods70012.xml	1	0	0	3	3	24	7	29	29	29	58	13	29	0	0	5	5	15	53	15	53	659	47	0	0	0	0	0	0	0	0	0	0	0	0	0	0	0	0	0	0	0	0	0	0	0	0	0
samples/krx-tobe/jldods70012_admin/websquare/jldods70012_admin.xml	1	0	0	1	1	8	3	24	24	24	48	10	24	0	0	1	1	12	41	12	41	546	34	0	0	0	0	0	0	0	0	0	0	0	0	0	0	0	0	0	0	0	0	0	0	0	0	0
samples/krx-tobe/jldods70012_doc/websquare/jldods70012_doc.xml	1	0	0	0	0	0	1	4	4	4	8	4	4	0	0	0	0	5	9	5	9	112	7	0	0	0	0	0	0	0	0	0	0	0	0	0	0	0	0	0	0	0	0	0	0	0	0	0
samples/krx-tobe/jldods70012_excel/websquare/jldods70012_excel.xml	1	0	0	0	0	0	0	2	2	2	4	2	2	0	0	0	0	0	0	0	0	52	2	0	0	0	0	0	0	0	0	0	0	0	0	0	0	0	0	0	0	0	0	0	0	0	0	0
samples/krx-tobe/jldods70012_iframe/websquare/jldods70012_iframe.xml	1	0	0	0	0	0	0	2	2	2	4	2	2	0	0	0	0	0	0	0	0	52	2	0	0	0	0	0	0	0	0	0	0	0	0	0	0	0	0	0	0	0	0	0	0	0	0	0
samples/krx-tobe/jldods70014/websquare/jldods70014.xml	1	0	0	0	0	0	5	14	14	14	28	7	14	0	0	0	0	16	28	16	28	385	20	0	0	0	0	0	0	0	0	0	0	0	0	0	0	0	0	0	0	0	0	0	0	0	0	0
samples/krx-tobe/jldods70015/websquare/jldods70015.xml	1	0	0	0	0	1	4	15	15	15	30	9	15	0	0	0	0	15	42	15	42	410	29	0	0	0	0	0	0	0	0	0	0	0	0	0	0	0	0	0	0	0	0	0	0	0	0	0
samples/krx-tobe/jldods70016/websquare/jldods70016.xml	1	0	0	0	0	0	5	6	6	6	12	3	6	0	0	0	0	1	11	1	11	146	12	0	0	0	0	0	0	0	0	0	0	0	0	0	0	0	0	0	0	0	0	0	0	0	0	0
samples/krx-tobe/jldods70017/websquare/jldods70017.xml	1	0	0	0	0	0	7	16	16	16	32	7	16	0	0	0	0	3	30	3	30	451	28	0	0	0	0	0	0	0	0	0	0	0	0	0	0	0	0	0	0	0	0	0	0	0	0	0
samples/krx-tobe/jldods70018/websquare/jldods70018.xml	1	0	0	0	0	0	17	13	13	13	26	7	13	0	0	0	0	17	21	17	21	389	58	0	0	0	0	0	0	0	0	0	0	0	0	0	0	0	0	0	0	0	0	0	0	0	0	0
samples/krx-tobe/jldods70019/websquare/jldods70019.xml	1	0	0	0	0	1	3	11	11	11	22	7	11	0	0	0	0	4	21	4	21	257	21	0	0	0	0	0	0	0	0	0	0	0	0	0	0	0	0	0	0	0	0	0	0	0	0	0
samples/krx-tobe/jldods70020/websquare/jldods70020.xml	1	0	0	0	0	1	1	10	10	10	20	4	10	0	0	0	0	4	17	4	17	241	13	0	0	0	0	0	0	0	0	0	0	0	0	0	0	0	0	0	0	0	0	0	0	0	0	0
samples/krx-tobe/jldods70050/websquare/jldods70050.xml	1	0	0	0	0	0	0	5	5	5	10	3	5	0	0	0	0	1	10	1	10	114	5	0	0	0	0	0	0	0	0	0	0	0	0	0	0	0	0	0	0	0	0	0	0	0	0	0
samples/krx-tobe/jldods70060/websquare/jldods70060.xml	1	0	0	0	0	0	1	6	6	6	12	3	6	1	0	0	0	0	5	0	5	131	6	0	0	0	0	0	0	0	0	0	0	0	0	0	0	0	0	0	0	0	0	0	0	0	0	0
samples/krx-tobe/jldods70101/websquare/jldods70101.xml	1	0	0	0	0	0	9	21	21	21	42	11	21	0	0	0	0	9	28	9	28	467	31	0	0	0	0	0	0	0	0	0	0	0	0	0	0	0	0	0	0	0	0	0	0	0	0	0
samples/krx-tobe/jldods70201/websquare/jldods70201.xml	1	0	0	0	0	0	10	49	49	49	98	20	49	0	0	0	0	18	70	18	70	1073	63	0	0	0	0	0	0	0	0	0	0	0	0	0	0	0	0	0	0	0	0	0	0	0	0	0
samples/krx-tobe/jldods70202/websquare/jldods70202.xml	1	0	0	0	0	0	6	26	26	26	52	13	26	0	0	0	0	19	44	19	44	585	37	0	0	0	0	0	0	0	0	0	0	0	0	0	0	0	0	0	0	0	0	0	0	0	0	0
samples/krx-tobe/jldods70203/websquare/jldods70203.xml	1	0	0	0	0	0	6	16	16	16	32	8	16	0	0	0	0	2	19	2	19	322	23	0	0	0	0	0	0	0	0	0	0	0	0	0	0	0	0	0	0	0	0	0	0	0	0	0
samples/krx-tobe/jldods70204/websquare/jldods70204.xml	1	0	0	0	0	0	0	4	4	4	8	3	4	0	0	0	0	0	3	0	3	88	4	0	0	0	0	0	0	0	0	0	0	0	0	0	0	0	0	0	0	0	0	0	0	0	0	0
samples/krx-tobe/jldods70205/websquare/jldods70205.xml	1	0	0	0	0	0	3	14	14	14	28	6	14	0	0	0	0	2	19	2	19	285	17	0	0	0	0	0	0	0	0	0	0	0	0	0	0	0	0	0	0	0	0	0	0	0	0	0
samples/krx-tobe/jldods70206/websquare/jldods70206.xml	1	0	0	0	0	0	1	25	25	25	50	11	25	1	0	0	0	3	39	3	39	539	28	0	0	0	0	0	0	0	0	0	0	0	0	0	0	0	0	0	0	0	0	0	0	0	0	0
samples/krx-tobe/jldods70207/websquare/jldods70207.xml	1	0	0	0	0	0	8	28	28	28	56	14	28	0	0	0	0	10	53	10	53	690	35	0	0	0	0	0	0	0	0	0	0	0	0	0	0	0	0	0	0	0	0	0	0	0	0	0
samples/krx-tobe/jldods70208/websquare/jldods70208.xml	1	0	0	0	0	0	6	27	27	27	54	13	27	0	0	0	0	19	47	19	47	606	44	0	0	0	0	0	0	0	0	0	0	0	0	0	0	0	0	0	0	0	0	0	0	0	0	0
samples/krx-tobe/jldods70209/websquare/jldods70209.xml	1	0	0	0	0	0	6	17	17	17	34	8	17	0	0	0	0	3	21	3	21	344	24	0	0	0	0	0	0	0	0	0	0	0	0	0	0	0	0	0	0	0	0	0	0	0	0	0
samples/krx-tobe/jldods70301/websquare/jldods70301.xml	1	0	0	0	0	0	5	26	26	26	52	10	26	1	0	8	8	5	45	5	45	595	28	0	0	0	0	0	0	0	0	0	0	0	0	0	0	0	0	0	0	0	0	0	0	0	0	0
samples/krx-tobe/jldods70401/websquare/jldods70401.xml	1	0	0	1	1	8	7	45	45	45	90	21	45	0	0	1	1	12	48	12	48	953	57	0	0	0	0	0	0	0	0	0	0	0	0	0	0	0	0	0	0	0	0	0	0	0	0	0
samples/krx-tobe/jldods90001/websquare/jldods90001.xml	1	0	0	0	0	0	0	6	6	6	12	4	6	0	0	0	0	0	3	0	3	118	6	0	0	0	0	0	0	0	0	0	0	0	0	0	0	0	0	0	0	0	0	0	0	0	0	0
samples/krx-tobe/jldods90002/websquare/jldods90002.xml	1	0	0	0	0	0	1	8	8	8	16	5	8	0	0	0	0	0	3	0	3	150	8	0	0	0	0	0	0	0	0	0	0	0	0	0	0	0	0	0	0	0	0	0	0	0	0	0
samples/krx-tobe/jldods90003/websquare/jldods90003.xml	1	0	0	0	0	0	0	2	2	2	4	2	2	0	0	0	0	0	0	0	0	52	2	0	0	0	0	0	0	0	0	0	0	0	0	0	0	0	0	0	0	0	0	0	0	0	0	0
samples/krx-tobe/jldods90004/websquare/jldods90004.xml	1	0	0	0	0	0	0	6	6	6	12	4	6	0	0	0	0	0	3	0	3	118	6	0	0	0	0	0	0	0	0	0	0	0	0	0	0	0	0	0	0	0	0	0	0	0	0	0
samples/krx-tobe/jldods90005/websquare/jldods90005.xml	1	0	0	0	0	0	0	6	6	6	12	4	6	1	0	0	0	0	3	0	3	122	6	0	0	0	0	0	0	0	0	0	0	0	0	0	0	0	0	0	0	0	0	0	0	0	0	0
samples/krx-tobe/jldods90006/websquare/jldods90006.xml	1	0	0	0	0	0	1	8	8	8	16	5	8	1	0	0	0	0	6	0	6	160	11	0	0	0	0	0	0	0	0	0	0	0	0	0	0	0	0	0	0	0	0	0	0	0	0	0
samples/krx-tobe/jldods90007/websquare/jldods90007.xml	1	0	0	0	0	0	0	6	6	6	12	4	6	1	0	0	0	0	3	0	3	122	6	0	0	0	0	0	0	0	0	0	0	0	0	0	0	0	0	0	0	0	0	0	0	0	0	0
samples/krx-tobe/jldstf05005/websquare/jldstf05005.xml	1	0	0	1	1	10	4	20	20	20	40	14	20	0	0	1	1	4	6	4	6	444	21	0	0	0	0	0	0	0	0	0	0	0	0	0	0	0	0	0	0	0	0	0	0	0	0	0
samples/krx-tobe/jldstf07090/websquare/jldstf07090.xml	1	0	0	0	0	2	6	14	14	14	28	11	14	0	0	2	2	3	10	3	10	330	14	0	0	0	0	0	0	0	0	0	0	0	0	0	0	0	0	0	0	0	0	0	0	0	0	0
samples/krx-tobe/jldstf07091/websquare/jldstf07091.xml	1	0	0	0	0	2	6	14	14	14	28	11	14	0	0	2	2	3	10	3	10	330	14	0	0	0	0	0	0	0	0	0	0	0	0	0	0	0	0	0	0	0	0	0	0	0	0	0
samples/krx-tobe/jldstf07100_menu/websquare/jldstf07100_menu.xml	1	0	0	0	0	0	1	19	19	19	38	3	19	0	0	0	0	3	49	3	49	493	23	0	0	0	0	0	0	0	0	0	0	0	0	0	0	0	0	0	0	0	0	0	0	0	0	0
samples/krx-tobe/jldstf07110/websquare/jldstf07110.xml	1	0	0	3	3	24	5	10	10	10	20	7	10	0	0	3	3	5	26	5	26	271	62	0	0	0	0	0	0	0	0	0	0	0	0	0	0	0	0	0	0	0	0	0	0	0	0	0
samples/krx-tobe/jldstf07120/websquare/jldstf07120.xml	1	0	0	0	0	0	1	5	5	5	10	4	5	0	0	0	0	5	12	5	12	136	48	0	0	0	0	0	0	0	0	0	0	0	0	0	0	0	0	0	0	0	0	0	0	0	0	0
samples/krx-tobe/jldstf07130/websquare/jldstf07130.xml	1	0	0	0	0	0	1	7	7	7	14	5	7	0	0	0	0	13	29	13	29	601	969	0	0	0	0	0	0	0	0	0	0	0	0	0	0	0	0	0	0	0	0	0	0	0	0	0
samples/krx-tobe/jldstf07140/websquare/jldstf07140.xml	1	0	0	0	0	0	11	5	5	5	10	4	5	0	0	0	0	5	12	5	12	163	60	0	0	0	0	0	0	0	0	0	0	0	0	0	0	0	0	0	0	0	0	0	0	0	0	0
samples/krx-tobe/jldstf07150/websquare/jldstf07150.xml	1	0	0	0	0	0	4	10	10	10	20	6	10	0	0	0	0	3	12	3	12	236	12	0	0	0	0	0	0	0	0	0	0	0	0	0	0	0	0	0	0	0	0	0	0	0	0	0
samples/krx-tobe/jldstf07160/websquare/jldstf07160.xml	1	0	0	0	0	0	5	11	11	11	22	7	11	0	0	2	2	2	10	2	10	277	12	0	0	0	0	0	0	0	0	0	0	0	0	0	0	0	0	0	0	0	0	0	0	0	0	0
samples/krx-tobe/jldstf07170/websquare/jldstf07170.xml	1	0	0	0	0	2	9	12	12	12	24	8	12	0	0	0	0	4	13	4	13	298	13	0	0	0	0	0	0	0	0	0	0	0	0	0	0	0	0	0	0	0	0	0	0	0	0	0
samples/krx-tobe/jldstf07171/websquare/jldstf07171.xml	1	0	0	0	0	22	15	36	36	36	72	18	36	2	0	0	0	18	31	18	31	1213	44	0	0	0	0	0	0	0	0	0	0	0	0	0	0	0	0	0	0	0	0	0	0	0	0	0
samples/krx-tobe/jldstf07180/websquare/jldstf07180.xml	1	0	0	0	0	2	8	15	15	15	30	11	15	0	0	0	0	6	24	6	24	375	17	0	0	0	0	0	0	0	0	0	0	0	0	0	0	0	0	0	0	0	0	0	0	0	0	0
samples/krx-tobe/jldstf07181/websquare/jldstf07181.xml	1	0	0	0	0	34	33	60	60	60	120	39	60	2	0	0	0	20	70	20	70	1519	65	0	0	0	0	0	0	0	0	0	0	0	0	0	0	0	0	0	0	0	0	0	0	0	0	0
samples/krx-tobe/jldstf07190/websquare/jldstf07190.xml	1	0	0	0	0	0	6	21	21	21	42	10	21	0	0	0	0	5	37	5	37	569	23	0	0	0	0	0	0	0	0	0	0	0	0	0	0	0	0	0	0	0	0	0	0	0	0	0
samples/krx-tobe/jldstf07200/websquare/jldstf07200.xml	1	0	0	0	0	4	10	12	12	12	24	8	12	0	0	0	0	5	20	5	20	313	14	0	0	0	0	0	0	0	0	0	0	0	0	0	0	0	0	0	0	0	0	0	0	0	0	0
samples/krx-tobe/jldstf07201/websquare/jldstf07201.xml	1	0	0	0	0	8	14	30	30	30	60	25	30	11	0	2	2	5	23	5	23	691	30	0	0	0	0	0	0	0	0	0	0	0	0	0	0	0	0	0	0	0	0	0	0	0	0	0
samples/krx-tobe/jldstf07210/websquare/jldstf07210.xml	1	0	0	0	0	2	4	10	10	10	20	8	10	0	0	0	0	6	18	6	18	256	36	0	0	0	0	0	0	0	0	0	0	0	0	0	0	0	0	0	0	0	0	0	0	0	0	0
samples/krx-tobe/jldstf07211/websquare/jldstf07211.xml	1	0	0	0	0	8	11	30	30	30	60	25	30	11	0	0	0	6	24	6	24	686	30	0	0	0	0	0	0	0	0	0	0	0	0	0	0	0	0	0	0	0	0	0	0	0	0	0
samples/krx-tobe/jldstf07220/websquare/jldstf07220.xml	1	0	0	0	0	2	7	20	20	20	40	7	20	0	0	2	4	12	40	12	40	546	23	0	0	0	0	0	0	0	0	0	0	0	0	0	0	0	0	0	0	0	0	0	0	0	0	0
samples/krx-tobe/jldstf07221/websquare/jldstf07221.xml	1	0	0	0	0	8	11	30	30	30	60	25	30	11	0	0	0	5	24	5	24	682	30	0	0	0	0	0	0	0	0	0	0	0	0	0	0	0	0	0	0	0	0	0	0	0	0	0
samples/krx-tobe/jldstf07230/websquare/jldstf07230.xml	1	0	0	0	0	2	10	20	20	20	40	11	20	0	0	0	0	8	49	8	49	443	26	0	0	0	0	0	0	0	0	0	0	0	0	0	0	0	0	0	0	0	0	0	0	0	0	0
samples/krx-tobe/jldstf07231/websquare/jldstf07231.xml	1	0	0	0	0	21	19	34	34	34	68	16	34	0	0	0	0	16	76	16	76	869	48	0	0	0	0	0	0	0	0	0	0	0	0	0	0	0	0	0	0	0	0	0	0	0	0	0
samples/krx-tobe/jldstf07232/websquare/jldstf07232.xml	1	0	0	0	0	0	9	26	26	26	52	12	26	0	0	0	0	11	56	11	56	598	102	0	0	0	0	0	0	0	0	0	0	0	0	0	0	0	0	0	0	0	0	0	0	0	0	0
samples/krx-tobe/jldstf07300/websquare/jldstf07300.xml	1	0	0	2	2	18	7	8	8	8	16	6	8	0	0	2	2	4	20	4	20	222	33	0	0	0	0	0	0	0	0	0	0	0	0	0	0	0	0	0	0	0	0	0	0	0	0	0
samples/krx-tobe/jldstf07301/websquare/jldstf07301.xml	1	0	0	0	0	2	5	11	11	11	22	11	11	2	0	0	0	2	9	2	9	252	11	0	0	0	0	0	0	0	0	0	0	0	0	0	0	0	0	0	0	0	0	0	0	0	0	0
samples/krx-tobe/jldstf07301_menu/websquare/jldstf07301_menu.xml	1	0	0	0	0	0	1	23	23	23	46	4	23	0	0	0	0	10	72	10	72	548	37	0	0	0	0	0	0	0	0	0	0	0	0	0	0	0	0	0	0	0	0	0	0	0	0	0
samples/krx-tobe/jldstf07302/websquare/jldstf07302.xml	1	0	0	0	0	4	2	18	18	18	36	14	18	3	0	0	0	3	9	3	9	401	18	0	0	0	0	0	0	0	0	0	0	0	0	0	0	0	0	0	0	0	0	0	0	0	0	0
samples/krx-tobe/jldstf07304/websquare/jldstf07304.xml	1	0	0	0	0	2	6	14	14	14	28	11	14	0	0	2	2	3	10	3	10	330	14	0	0	0	0	0	0	0	0	0	0	0	0	0	0	0	0	0	0	0	0	0	0	0	0	0
samples/krx-tobe/jldstf07310/websquare/jldstf07310.xml	1	0	0	0	0	2	4	6	6	6	12	5	6	0	0	0	0	6	16	6	16	170	51	0	0	0	0	0	0	0	0	0	0	0	0	0	0	0	0	0	0	0	0	0	0	0	0	0
samples/krx-tobe/jldstf07311/websquare/jldstf07311.xml	1	0	0	0	0	22	15	36	36	36	72	18	36	1	0	0	0	18	30	18	30	1210	44	0	0	0	0	0	0	0	0	0	0	0	0	0	0	0	0	0	0	0	0	0	0	0	0	0
samples/krx-tobe/jldstf07320/websquare/jldstf07320.xml	1	0	0	0	0	2	4	7	7	7	14	5	7	0	0	0	0	13	30	13	30	617	776	0	0	0	0	0	0	0	0	0	0	0	0	0	0	0	0	0	0	0	0	0	0	0	0	0
samples/krx-tobe/jldstf07321/websquare/jldstf07321.xml	1	0	0	0	0	28	23	52	52	52	104	33	52	1	0	0	0	16	53	16	53	1258	57	0	0	0	0	0	0	0	0	0	0	0	0	0	0	0	0	0	0	0	0	0	0	0	0	0
samples/krx-tobe/jldstf07330/websquare/jldstf07330.xml	1	0	0	0	0	2	13	7	7	7	14	6	7	0	0	0	0	13	26	13	26	282	89	0	0	0	0	0	0	0	0	0	0	0	0	0	0	0	0	0	0	0	0	0	0	0	0	0
samples/krx-tobe/jldstf07340/websquare/jldstf07340.xml	1	0	0	0	0	4	7	12	12	12	24	8	12	0	0	0	0	5	20	5	20	308	13	0	0	0	0	0	0	0	0	0	0	0	0	0	0	0	0	0	0	0	0	0	0	0	0	0
samples/krx-tobe/jldstf07341/websquare/jldstf07341.xml	1	0	0	0	0	2	4	12	12	12	24	12	12	0	0	0	0	2	10	2	10	267	12	0	0	0	0	0	0	0	0	0	0	0	0	0	0	0	0	0	0	0	0	0	0	0	0	0
samples/krx-tobe/jldstf07350/websquare/jldstf07350.xml	1	0	0	0	0	0	7	11	11	11	22	7	11	0	0	2	2	5	11	5	11	278	12	0	0	0	0	0	0	0	0	0	0	0	0	0	0	0	0	0	0	0	0	0	0	0	0	0
samples/krx-tobe/jldstf07360/websquare/jldstf07360.xml	1	0	0	0	0	0	8	11	11	11	22	7	11	0	0	0	0	6	10	6	10	264	12	0	0	0	0	0	0	0	0	0	0	0	0	0	0	0	0	0	0	0	0	0	0	0	0	0
samples/krx-tobe/jldstf07370/websquare/jldstf07370.xml	1	0	0	0	0	0	7	14	14	14	28	10	14	0	0	0	0	8	21	8	21	340	16	0	0	0	0	0	0	0	0	0	0	0	0	0	0	0	0	0	0	0	0	0	0	0	0	0
samples/krx-tobe/jldstf07380/websquare/jldstf07380.xml	1	0	0	0	0	0	8	22	22	22	44	11	22	0	0	0	0	10	42	10	42	595	24	0	0	0	0	0	0	0	0	0	0	0	0	0	0	0	0	0	0	0	0	0	0	0	0	0
samples/krx-tobe/jldstf07390/websquare/jldstf07390.xml	1	0	0	0	0	0	6	11	11	11	22	7	11	0	0	0	0	8	17	8	17	268	13	0	0	0	0	0	0	0	0	0	0	0	0	0	0	0	0	0	0	0	0	0	0	0	0	0
samples/krx-tobe/jldstf07400/websquare/jldstf07400.xml	1	0	0	0	0	4	6	68	68	68	136	8	68	0	0	0	0	9	197	9	197	1501	76	0	0	0	0	0	0	0	0	0	0	0	0	0	0	0	0	0	0	0	0	0	0	0	0	0
samples/krx-tobe/jldstf07401/websquare/jldstf07401.xml	1	0	0	1	1	32	23	134	134	134	268	125	134	2	0	5	5	20	111	20	111	3127	139	0	0	0	0	0	0	0	0	0	0	0	0	0	0	0	0	0	0	0	0	0	0	0	0	0
samples/krx-tobe/jldstf07402/websquare/jldstf07402.xml	1	0	0	0	0	0	1	3	3	3	6	3	3	0	0	0	0	0	0	0	0	74	3	0	0	0	0	0	0	0	0	0	0	0	0	0	0	0	0	0	0	0	0	0	0	0	0	0
samples/krx-tobe/jldstf07403/websquare/jldstf07403.xml	1	0	0	0	0	4	8	26	26	26	52	23	26	1	0	0	0	12	23	12	23	664	26	0	0	0	0	0	0	0	0	0	0	0	0	0	0	0	0	0	0	0	0	0	0	0	0	0
samples/krx-tobe/jldstf07405/websquare/jldstf07405.xml	1	0	0	0	0	10	11	28	28	28	56	23	28	1	0	7	7	11	31	11	31	740	29	0	0	0	0	0	0	0	0	0	0	0	0	0	0	0	0	0	0	0	0	0	0	0	0	0
samples/krx-tobe/jldstf07407/websquare/jldstf07407.xml	1	0	0	0	0	2	6	14	14	14	28	11	14	0	0	2	2	3	10	3	10	330	14	0	0	0	0	0	0	0	0	0	0	0	0	0	0	0	0	0	0	0	0	0	0	0	0	0
samples/krx-tobe/jldstf07410/websquare/jldstf07410.xml	1	0	0	0	0	0	2	18	18	18	36	6	18	0	0	2	4	10	34	10	34	473	21	0	0	0	0	0	0	0	0	0	0	0	0	0	0	0	0	0	0	0	0	0	0	0	0	0
samples/krx-tobe/jldstf07411/websquare/jldstf07411.xml	1	0	0	0	0	0	1	3	3	3	6	3	3	0	0	0	0	2	4	2	4	78	4	0	0	0	0	0	0	0	0	0	0	0	0	0	0	0	0	0	0	0	0	0	0	0	0	0
samples/krx-tobe/jldstf07420/websquare/jldstf07420.xml	1	0	0	0	0	0	8	19	19	19	38	10	19	0	0	0	0	10	51	10	51	452	25	0	0	0	0	0	0	0	0	0	0	0	0	0	0	0	0	0	0	0	0	0	0	0	0	0
samples/krx-tobe/jldstf07421/websquare/jldstf07421.xml	1	0	0	0	0	13	7	28	28	28	56	10	28	0	0	0	0	12	56	12	56	698	42	0	0	0	0	0	0	0	0	0	0	0	0	0	0	0	0	0	0	0	0	0	0	0	0	0
samples/krx-tobe/jldstf07422/websquare/jldstf07422.xml	1	0	0	0	0	0	9	26	26	26	52	12	26	0	0	0	0	16	66	16	66	673	102	0	0	0	0	0	0	0	0	0	0	0	0	0	0	0	0	0	0	0	0	0	0	0	0	0
samples/krx-tobe/jldstf07430/websquare/jldstf07430.xml	1	0	0	2	2	16	4	9	9	9	18	7	9	0	0	2	2	12	30	12	30	273	40	0	0	0	0	0	0	0	0	0	0	0	0	0	0	0	0	0	0	0	0	0	0	0	0	0
samples/krx-tobe/jldstf07440/websquare/jldstf07440.xml	1	0	0	0	0	0	0	3	3	3	6	2	3	0	0	0	0	0	3	0	3	80	3	0	0	0	0	0	0	0	0	0	0	0	0	0	0	0	0	0	0	0	0	0	0	0	0	0
samples/krx-tobe/jldstf07450/websquare/jldstf07450.xml	1	0	0	0	0	0	1	7	7	7	14	4	7	0	0	0	0	1	8	1	8	157	7	0	0	0	0	0	0	0	0	0	0	0	0	0	0	0	0	0	0	0	0	0	0	0	0	0
samples/krx-tobe/jldstf07451/websquare/jldstf07451.xml	1	0	0	0	0	0	1	8	8	8	16	6	8	0	0	0	0	10	23	10	23	227	15	0	0	0	0	0	0	0	0	0	0	0	0	0	0	0	0	0	0	0	0	0	0	0	0	0
samples/krx-tobe/jldstf08051/websquare/jldstf08051.xml	1	0	0	0	0	10	5	62	62	62	124	42	62	4	0	0	0	9	14	9	14	1430	70	0	0	0	0	0	0	0	0	0	0	0	0	0	0	0	0	0	0	0	0	0	0	0	0	0
samples/krx-tobe/jldstf10001/websquare/jldstf10001.xml	1	0	0	0	0	0	1	5	5	5	10	5	5	0	0	0	0	5	9	5	9	127	10	0	0	0	0	0	0	0	0	0	0	0	0	0	0	0	0	0	0	0	0	0	0	0	0	0
samples/krx-tobe/jldstf10002/websquare/jldstf10002.xml	1	0	0	2	2	16	4	16	16	16	32	9	16	0	0	2	2	6	48	6	48	422	18	0	0	0	0	0	0	0	0	0	0	0	0	0	0	0	0	0	0	0	0	0	0	0	0	0
samples/krx-tobe/jldstf10003/websquare/jldstf10003.xml	1	0	0	0	0	0	1	7	7	7	14	4	7	0	0	0	0	7	18	7	18	201	11	0	0	0	0	0	0	0	0	0	0	0	0	0	0	0	0	0	0	0	0	0	0	0	0	0
samples/krx-tobe/jldstf10003_html5/websquare/jldstf10003_html5.xml	1	0	0	0	0	0	1	7	7	7	14	4	7	0	0	0	0	7	19	7	19	204	11	0	0	0	0	0	0	0	0	0	0	0	0	0	0	0	0	0	0	0	0	0	0	0	0	0
samples/krx-tobe/jldstf10004/websquare/jldstf10004.xml	1	0	0	1	1	8	4	4	4	4	8	4	4	0	0	1	1	0	3	0	3	96	6	0	0	0	0	0	0	0	0	0	0	0	0	0	0	0	0	0	0	0	0	0	0	0	0	0
samples/krx-tobe/jldstf10004_1/websquare/jldstf10004_1.xml	1	0	0	0	0	0	1	3	3	3	6	3	3	0	0	0	0	7	10	7	10	112	6	0	0	0	0	0	0	0	0	0	0	0	0	0	0	0	0	0	0	0	0	0	0	0	0	0
samples/krx-tobe/jldstf10005/websquare/jldstf10005.xml	1	0	0	0	0	0	0	2	2	2	4	2	2	0	0	0	0	0	0	0	0	52	2	0	0	0	0	0	0	0	0	0	0	0	0	0	0	0	0	0	0	0	0	0	0	0	0	0
samples/krx-tobe/jldstf10005_toc/websquare/jldstf10005_toc.xml	1	0	0	0	0	0	0	2	2	2	4	2	2	0	0	0	0	0	0	0	0	52	2	0	0	0	0	0	0	0	0	0	0	0	0	0	0	0	0	0	0	0	0	0	0	0	0	0
samples/krx-tobe/jldstf10006/websquare/jldstf10006.xml	1	0	0	0	0	0	1	5	5	5	10	4	5	0	0	0	0	0	4	0	4	101	5	0	0	0	0	0	0	0	0	0	0	0	0	0	0	0	0	0	0	0	0	0	0	0	0	0
samples/krx-tobe/jldstf10007/websquare/jldstf10007.xml	1	0	0	0	0	0	1	3	3	3	6	3	3	0	0	0	0	0	7	0	7	78	3	0	0	0	0	0	0	0	0	0	0	0	0	0	0	0	0	0	0	0	0	0	0	0	0	0
samples/krx-tobe/jldstf10099/websquare/jldstf10099.xml	1	0	0	0	0	0	0	5	5	5	10	5	5	0	0	0	0	0	4	0	4	113	5	0	0	0	0	0	0	0	0	0	0	0	0	0	0	0	0	0	0	0	0	0	0	0	0	0
samples/krx-tobe/jldstf10100/websquare/jldstf10100.xml	1	0	0	0	0	10	13	33	33	33	66	22	33	0	0	0	0	15	19	15	19	890	42	0	0	0	0	0	0	0	0	0	0	0	0	0	0	0	0	0	0	0	0	0	0	0	0	0
samples/krx-tobe/jldstf11100/websquare/jldstf11100.xml	1	0	0	0	0	10	12	29	29	29	58	19	29	0	0	0	0	12	18	12	18	782	34	0	0	0	0	0	0	0	0	0	0	0	0	0	0	0	0	0	0	0	0	0	0	0	0	0
samples/krx-tobe/jldstf30001/websquare/jldstf30001.xml	1	0	0	0	0	8	16	43	43	43	86	36	43	3	0	0	0	6	44	6	44	1075	47	0	0	0	0	0	0	0	0	0	0	0	0	0	0	0	0	0	0	0	0	0	0	0	0	0
samples/krx-tobe/jldstf30006/websquare/jldstf30006.xml	1	0	0	1	1	12	11	24	24	24	48	18	24	0	0	1	1	8	12	8	12	526	27	0	0	0	0	0	0	0	0	0	0	0	0	0	0	0	0	0	0	0	0	0	0	0	0	0
samples/krx-tobe/jldstf30012/websquare/jldstf30012.xml	1	0	0	0	0	8	15	38	38	38	76	30	38	3	0	0	0	5	39	5	39	952	40	0	0	0	0	0	0	0	0	0	0	0	0	0	0	0	0	0	0	0	0	0	0	0	0	0
samples/krx-tobe/jldstf30013/websquare/jldstf30013.xml	1	0	0	0	0	4	10	19	19	19	38	16	19	2	0	0	0	2	8	2	8	428	19	0	0	0	0	0	0	0	0	0	0	0	0	0	0	0	0	0	0	0	0	0	0	0	0	0
samples/krx-tobe/jldstf30100/websquare/jldstf30100.xml	1	0	0	1	1	8	13	31	31	31	62	17	31	0	0	11	11	23	67	23	67	887	97	0	0	0	0	0	0	0	0	0	0	0	0	0	0	0	0	0	0	0	0	0	0	0	0	0
samples/krx-tobe/jldstf30101/websquare/jldstf30101.xml	1	0	0	0	0	0	2	5	5	5	10	4	5	0	0	0	0	0	0	0	0	170	5	0	0	0	0	0	0	0	0	0	0	0	0	0	0	0	0	0	0	0	0	0	0	0	0	0
samples/krx-tobe/jldstf30110/websquare/jldstf30110.xml	1	0	0	0	0	0	11	30	30	30	60	17	30	0	0	10	10	23	63	23	63	840	95	0	0	0	0	0	0	0	0	0	0	0	0	0	0	0	0	0	0	0	0	0	0	0	0	0
samples/krx-tobe/jldstf30206/websquare/jldstf30206.xml	1	0	0	0	0	0	1	5	5	5	10	5	5	1	0	0	0	5	9	5	9	138	16	0	0	0	0	0	0	0	0	0	0	0	0	0	0	0	0	0	0	0	0	0	0	0	0	0
samples/krx-tobe/jldstf30319/websquare/jldstf30319.xml	1	0	0	0	0	0	2	4	4	4	8	3	4	0	0	0	0	2	7	2	7	102	6	0	0	0	0	0	0	0	0	0	0	0	0	0	0	0	0	0	0	0	0	0	0	0	0	0
samples/krx-tobe/jldstf30360/websquare/jldstf30360.xml	1	0	0	0	0	0	7	21	21	21	42	12	21	0	0	0	0	22	45	22	45	601	55	0	0	0	0	0	0	0	0	0	0	0	0	0	0	0	0	0	0	0	0	0	0	0	0	0
samples/krx-tobe/jldstf30500/websquare/jldstf30500.xml	1	0	0	0	0	0	42	6	6	6	12	5	6	0	0	0	0	19	33	19	33	288	120	0	0	0	0	0	0	0	0	0	0	0	0	0	0	0	0	0	0	0	0	0	0	0	0	0
samples/krx-tobe/jldstf30501/websquare/jldstf30501.xml	1	0	0	0	0	0	2	10	10	10	20	7	10	0	0	0	0	12	28	12	28	268	29	0	0	0	0	0	0	0	0	0	0	0	0	0	0	0	0	0	0	0	0	0	0	0	0	0
samples/krx-tobe/jldstf30601/websquare/jldstf30601.xml	1	0	0	1	1	8	5	37	37	37	74	11	37	0	0	1	1	15	91	15	91	919	57	0	0	0	0	0	0	0	0	0	0	0	0	0	0	0	0	0	0	0	0	0	0	0	0	0
samples/krx-tobe/jldstf30611/websquare/jldstf30611.xml	1	0	0	0	0	0	2	24	24	24	48	11	24	0	0	0	0	13	59	13	59	625	34	0	0	0	0	0	0	0	0	0	0	0	0	0	0	0	0	0	0	0	0	0	0	0	0	0
samples/krx-tobe/jldstf30621/websquare/jldstf30621.xml	1	0	0	0	0	0	2	17	17	17	34	10	17	0	0	0	0	10	41	10	41	436	29	0	0	0	0	0	0	0	0	0	0	0	0	0	0	0	0	0	0	0	0	0	0	0	0	0
samples/krx-tobe/jldstf30631/websquare/jldstf30631.xml	1	0	0	0	0	0	1	14	14	14	28	8	14	0	0	0	0	5	26	5	26	346	19	0	0	0	0	0	0	0	0	0	0	0	0	0	0	0	0	0	0	0	0	0	0	0	0	0
samples/krx-tobe/jldstf30641/websquare/jldstf30641.xml	1	0	0	0	0	0	1	15	15	15	30	8	15	0	0	0	0	6	29	6	29	389	20	0	0	0	0	0	0	0	0	0	0	0	0	0	0	0	0	0	0	0	0	0	0	0	0	0
samples/krx-tobe/jldstf30651/websquare/jldstf30651.xml	1	0	0	0	0	0	1	16	16	16	32	9	16	0	0	0	0	8	30	8	30	461	21	0	0	0	0	0	0	0	0	0	0	0	0	0	0	0	0	0	0	0	0	0	0	0	0	0
samples/krx-tobe/jldstf30661/websquare/jldstf30661.xml	1	0	0	0	0	0	0	18	18	18	36	8	18	0	0	3	3	5	36	5	36	456	26	0	0	0	0	0	0	0	0	0	0	0	0	0	0	0	0	0	0	0	0	0	0	0	0	0
samples/krx-tobe/jldstf30691/websquare/jldstf30691.xml	1	0	0	0	0	0	0	4	4	4	8	2	4	0	0	0	0	0	3	0	3	90	4	0	0	0	0	0	0	0	0	0	0	0	0	0	0	0	0	0	0	0	0	0	0	0	0	0
samples/krx-tobe/jldstf30692/websquare/jldstf30692.xml	1	0	0	0	0	0	3	11	11	11	22	6	11	0	0	0	0	2	14	2	14	225	12	0	0	0	0	0	0	0	0	0	0	0	0	0	0	0	0	0	0	0	0	0	0	0	0	0
samples/krx-tobe/jldstf30693/websquare/jldstf30693.xml	1	0	0	6	6	18	10	21	21	21	42	9	21	0	0	37	37	2	4	2	4	558	25	0	0	0	0	0	0	0	0	0	0	0	0	0	0	0	0	0	0	0	0	0	0	0	0	0
samples/krx-tobe/jldstf30696/websquare/jldstf30696.xml	1	0	0	0	0	0	0	3	3	3	6	2	3	0	0	0	0	0	3	0	3	72	3	0	0	0	0	0	0	0	0	0	0	0	0	0	0	0	0	0	0	0	0	0	0	0	0	0
samples/krx-tobe/jldstf30697/websquare/jldstf30697.xml	1	0	0	0	0	0	0	2	2	2	4	2	2	0	0	0	0	0	0	0	0	53	2	0	0	0	0	0	0	0	0	0	0	0	0	0	0	0	0	0	0	0	0	0	0	0	0	0
samples/krx-tobe/jldstf30698/websquare/jldstf30698.xml	1	0	0	0	0	0	0	2	2	2	4	2	2	0	0	0	0	0	0	0	0	52	2	0	0	0	0	0	0	0	0	0	0	0	0	0	0	0	0	0	0	0	0	0	0	0	0	0
samples/krx-tobe/jldstf30699/websquare/jldstf30699.xml	1	0	0	0	0	0	1	19	19	19	38	5	19	0	0	0	0	9	52	9	52	455	28	0	0	0	0	0	0	0	0	0	0	0	0	0	0	0	0	0	0	0	0	0	0	0	0	0
samples/krx-tobe/jldstf31000/websquare/jldstf31000.xml	1	0	0	0	0	14	13	20	20	20	40	16	20	1	0	0	0	7	28	7	28	523	20	0	0	0	0	0	0	0	0	0	0	0	0	0	0	0	0	0	0	0	0	0	0	0	0	0
samples/krx-tobe/jldstf31010/websquare/jldstf31010.xml	1	0	0	0	0	12	11	26	26	26	52	22	26	2	0	0	0	4	18	4	18	578	27	0	0	0	0	0	0	0	0	0	0	0	0	0	0	0	0	0	0	0	0	0	0	0	0	0
samples/krx-tobe/jldstf31200/websquare/jldstf31200.xml	1	0	0	0	0	0	6	18	18	18	36	11	18	0	0	0	0	11	33	11	33	440	28	0	0	0	0	0	0	0	0	0	0	0	0	0	0	0	0	0	0	0	0	0	0	0	0	0
samples/krx-tobe/jldstf31201/websquare/jldstf31201.xml	1	0	0	0	0	0	6	13	13	13	26	8	13	0	0	0	0	2	15	2	15	287	13	0	0	0	0	0	0	0	0	0	0	0	0	0	0	0	0	0	0	0	0	0	0	0	0	0
samples/krx-tobe/jldstf31202/websquare/jldstf31202.xml	1	0	0	0	0	0	10	47	47	47	94	18	47	0	0	0	0	11	95	11	95	1159	106	0	0	0	0	0	0	0	0	0	0	0	0	0	0	0	0	0	0	0	0	0	0	0	0	0
samples/krx-tobe/jldstf31203/websquare/jldstf31203.xml	1	0	0	0	0	0	12	33	33	33	66	17	33	0	0	0	0	16	62	16	62	846	54	0	0	0	0	0	0	0	0	0	0	0	0	0	0	0	0	0	0	0	0	0	0	0	0	0
samples/krx-tobe/jldstf31204/websquare/jldstf31204.xml	1	0	0	0	0	0	5	13	13	13	26	8	13	0	0	0	0	6	23	6	23	305	20	0	0	0	0	0	0	0	0	0	0	0	0	0	0	0	0	0	0	0	0	0	0	0	0	0
samples/krx-tobe/jldstf31205/websquare/jldstf31205.xml	1	0	0	0	0	0	6	17	17	17	34	10	17	0	0	0	0	7	29	7	29	395	31	0	0	0	0	0	0	0	0	0	0	0	0	0	0	0	0	0	0	0	0	0	0	0	0	0
samples/krx-tobe/jldstf31206/websquare/jldstf31206.xml	1	0	0	0	0	0	6	20	20	20	40	11	20	0	0	0	0	7	35	7	35	471	27	0	0	0	0	0	0	0	0	0	0	0	0	0	0	0	0	0	0	0	0	0	0	0	0	0
samples/krx-tobe/jldstf31207/websquare/jldstf31207.xml	1	0	0	0	0	0	6	20	20	20	40	12	20	0	0	2	4	1	34	1	34	561	22	0	0	0	0	0	0	0	0	0	0	0	0	0	0	0	0	0	0	0	0	0	0	0	0	0
samples/krx-tobe/jldstf31208/websquare/jldstf31208.xml	1	0	0	0	0	0	4	14	14	14	28	7	14	0	0	0	0	2	28	2	28	371	14	0	0	0	0	0	0	0	0	0	0	0	0	0	0	0	0	0	0	0	0	0	0	0	0	0
samples/krx-tobe/jldstf31209/websquare/jldstf31209.xml	1	0	0	0	0	0	6	19	19	19	38	10	19	0	0	0	0	5	28	5	28	503	19	0	0	0	0	0	0	0	0	0	0	0	0	0	0	0	0	0	0	0	0	0	0	0	0	0
samples/krx-tobe/jldstf31308/websquare/jldstf31308.xml	1	0	0	0	0	0	1	4	4	4	8	3	4	0	0	0	0	7	13	7	13	135	8	0	0	0	0	0	0	0	0	0	0	0	0	0	0	0	0	0	0	0	0	0	0	0	0	0
samples/krx-tobe/jldstf32200/websquare/jldstf32200.xml	1	0	0	0	0	0	6	16	16	16	32	9	16	0	0	0	0	11	32	11	32	407	26	0	0	0	0	0	0	0	0	0	0	0	0	0	0	0	0	0	0	0	0	0	0	0	0	0
samples/krx-tobe/jldstf32201/websquare/jldstf32201.xml	1	0	0	0	0	0	6	13	13	13	26	8	13	0	0	0	0	2	15	2	15	287	13	0	0	0	0	0	0	0	0	0	0	0	0	0	0	0	0	0	0	0	0	0	0	0	0	0
samples/krx-tobe/jldstf32202/websquare/jldstf32202.xml	1	0	0	0	0	0	10	29	29	29	58	17	29	0	0	0	0	11	44	11	44	739	56	0	0	0	0	0	0	0	0	0	0	0	0	0	0	0	0	0	0	0	0	0	0	0	0	0
samples/krx-tobe/jldstf32203/websquare/jldstf32203.xml	1	0	0	0	0	0	8	25	25	25	50	14	25	0	0	0	0	9	41	9	41	605	53	0	0	0	0	0	0	0	0	0	0	0	0	0	0	0	0	0	0	0	0	0	0	0	0	0
samples/krx-tobe/jldstf32204/websquare/jldstf32204.xml	1	0	0	0	0	0	5	13	13	13	26	8	13	0	0	0	0	6	23	6	23	305	20	0	0	0	0	0	0	0	0	0	0	0	0	0	0	0	0	0	0	0	0	0	0	0	0	0
samples/krx-tobe/jldstf32205/websquare/jldstf32205.xml	1	0	0	0	0	0	6	17	17	17	34	10	17	0	0	0	0	7	29	7	29	395	31	0	0	0	0	0	0	0	0	0	0	0	0	0	0	0	0	0	0	0	0	0	0	0	0	0
samples/krx-tobe/jldstf32206/websquare/jldstf32206.xml	1	0	0	0	0	0	6	17	17	17	34	11	17	0	0	0	0	7	26	7	26	408	24	0	0	0	0	0	0	0	0	0	0	0	0	0	0	0	0	0	0	0	0	0	0	0	0	0
samples/krx-tobe/jldstf37031/websquare/jldstf37031.xml	1	0	0	0	0	0	2	10	10	10	20	6	10	0	0	0	0	9	23	9	23	266	15	0	0	0	0	0	0	0	0	0	0	0	0	0	0	0	0	0	0	0	0	0	0	0	0	0
samples/krx-tobe/jldstf37032/websquare/jldstf37032.xml	1	0	0	0	0	0	1	5	5	5	10	5	5	0	0	0	0	9	14	9	14	154	10	0	0	0	0	0	0	0	0	0	0	0	0	0	0	0	0	0	0	0	0	0	0	0	0	0
samples/krx-tobe/jldstf37033/websquare/jldstf37033.xml	1	0	0	0	0	0	0	10	10	10	20	5	10	0	0	0	0	6	18	6	18	259	13	0	0	0	0	0	0	0	0	0	0	0	0	0	0	0	0	0	0	0	0	0	0	0	0	0
samples/krx-tobe/jldstf37041/websquare/jldstf37041.xml	1	0	0	0	0	0	2	10	10	10	20	6	10	0	0	0	0	9	23	9	23	267	16	0	0	0	0	0	0	0	0	0	0	0	0	0	0	0	0	0	0	0	0	0	0	0	0	0
samples/krx-tobe/jldstf38000/websquare/jldstf38000.xml	1	0	0	0	0	0	0	7	7	7	14	5	7	0	0	0	0	10	13	10	13	193	7	0	0	0	0	0	0	0	0	0	0	0	0	0	0	0	0	0	0	0	0	0	0	0	0	0
samples/krx-tobe/jldstf50000/websquare/jldstf50000.xml	1	0	0	0	0	10	8	28	28	28	56	24	28	6	0	0	0	7	28	7	28	713	28	0	0	0	0	0	0	0	0	0	0	0	0	0	0	0	0	0	0	0	0	0	0	0	0	0
samples/krx-tobe/jldstf60001/websquare/jldstf60001.xml	1	0	0	0	0	0	4	16	16	16	32	10	16	0	0	0	0	5	27	5	27	377	26	0	0	0	0	0	0	0	0	0	0	0	0	0	0	0	0	0	0	0	0	0	0	0	0	0
samples/krx-tobe/jldstf60002/websquare/jldstf60002.xml	1	0	0	0	0	0	1	5	5	5	10	4	5	0	0	0	0	2	8	2	8	124	15	0	0	0	0	0	0	0	0	0	0	0	0	0	0	0	0	0	0	0	0	0	0	0	0	0
samples/krx-tobe/jldstf60003/websquare/jldstf60003.xml	1	0	0	0	0	0	1	14	14	14	28	9	14	0	0	0	0	4	24	4	24	308	17	0	0	0	0	0	0	0	0	0	0	0	0	0	0	0	0	0	0	0	0	0	0	0	0	0
samples/krx-tobe/jldstf60004/websquare/jldstf60004.xml	1	0	0	0	0	0	1	4	4	4	8	4	4	0	0	0	0	2	4	2	4	103	14	0	0	0	0	0	0	0	0	0	0	0	0	0	0	0	0	0	0	0	0	0	0	0	0	0
samples/krx-tobe/jldstf60016/websquare/jldstf60016.xml	1	0	0	0	0	0	14	4	4	4	8	3	4	0	0	2	2	1	1	1	1	202	6	0	0	0	0	0	0	0	0	0	0	0	0	0	0	0	0	0	0	0	0	0	0	0	0	0
samples/krx-tobe/jldstf70000/websquare/jldstf70000.xml	1	0	0	1	1	9	5	21	21	21	42	11	21	0	0	1	1	9	41	9	41	464	38	0	0	0	0	0	0	0	0	0	0	0	0	0	0	0	0	0	0	0	0	0	0	0	0	0
samples/krx-tobe/jldstf70010/websquare/jldstf70010.xml	1	0	0	2	2	16	10	83	83	83	166	37	83	0	0	2	2	23	167	23	167	1966	101	0	0	0	0	0	0	0	0	0	0	0	0	0	0	0	0	0	0	0	0	0	0	0	0	0
samples/krx-tobe/jldstf70020/websquare/jldstf70020.xml	1	0	0	0	0	0	0	5	5	5	10	5	5	0	0	0	0	3	6	3	6	127	6	0	0	0	0	0	0	0	0	0	0	0	0	0	0	0	0	0	0	0	0	0	0	0	0	0
samples/krx-tobe/jldstf70030/websquare/jldstf70030.xml	1	0	0	0	0	0	5	18	18	18	36	11	18	0	0	0	0	14	42	14	42	432	35	0	0	0	0	0	0	0	0	0	0	0	0	0	0	0	0	0	0	0	0	0	0	0	0	0
samples/krx-tobe/jldstf70040/websquare/jldstf70040.xml	1	0	0	0	0	0	0	27	27	27	54	6	27	0	0	0	0	1	59	1	59	576	28	0	0	0	0	0	0	0	0	0	0	0	0	0	0	0	0	0	0	0	0	0	0	0	0	0
samples/krx-tobe/jldstf71000/websquare/jldstf71000.xml	1	0	0	0	0	1	6	48	48	48	96	19	48	0	0	4	4	14	96	14	96	1144	58	0	0	0	0	0	0	0	0	0	0	0	0	0	0	0	0	0	0	0	0	0	0	0	0	0
samples/krx-tobe/jldstf72000/websquare/jldstf72000.xml	1	0	0	3	3	26	7	27	27	27	54	16	27	0	0	3	3	16	59	16	59	623	43	0	0	0	0	0	0	0	0	0	0	0	0	0	0	0	0	0	0	0	0	0	0	0	0	0
samples/krx-tobe/jldstf72010/websquare/jldstf72010.xml	1	0	0	0	0	1	1	19	19	19	38	11	19	0	0	0	0	9	30	9	30	474	19	0	0	0	0	0	0	0	0	0	0	0	0	0	0	0	0	0	0	0	0	0	0	0	0	0
samples/krx-tobe/jldstf72020/websquare/jldstf72020.xml	1	0	0	0	0	1	5	29	29	29	58	18	29	0	0	0	0	17	56	17	56	733	36	0	0	0	0	0	0	0	0	0	0	0	0	0	0	0	0	0	0	0	0	0	0	0	0	0
samples/krx-tobe/jldstf73000/websquare/jldstf73000.xml	1	0	0	2	2	17	5	18	18	18	36	11	18	0	0	2	2	15	45	15	45	432	32	0	0	0	0	0	0	0	0	0	0	0	0	0	0	0	0	0	0	0	0	0	0	0	0	0
samples/krx-tobe/jldstf73010/websquare/jldstf73010.xml	1	0	0	0	0	0	1	13	13	13	26	8	13	0	0	2	2	2	19	2	19	298	13	0	0	0	0	0	0	0	0	0	0	0	0	0	0	0	0	0	0	0	0	0	0	0	0	0
samples/krx-tobe/jldstf73020/websquare/jldstf73020.xml	1	0	0	0	0	0	4	20	20	20	40	14	20	0	0	0	0	10	36	10	36	470	26	0	0	0	0	0	0	0	0	0	0	0	0	0	0	0	0	0	0	0	0	0	0	0	0	0
samples/krx-tobe/jldstf75100/websquare/jldstf75100.xml	1	0	0	0	0	1	2	39	39	39	78	14	39	0	0	0	0	12	91	12	91	916	48	0	0	0	0	0	0	0	0	0	0	0	0	0	0	0	0	0	0	0	0	0	0	0	0	0
samples/krx-tobe/jldstf75200/websquare/jldstf75200.xml	1	0	0	0	0	0	2	23	23	23	46	13	23	0	0	0	0	10	37	10	37	518	36	0	0	0	0	0	0	0	0	0	0	0	0	0	0	0	0	0	0	0	0	0	0	0	0	0
samples/krx-tobe/jldstf75300/websquare/jldstf75300.xml	1	0	0	1	1	8	3	30	30	30	60	16	30	0	0	1	1	12	52	12	52	707	42	0	0	0	0	0	0	0	0	0	0	0	0	0	0	0	0	0	0	0	0	0	0	0	0	0
samples/krx-tobe/jldstf75500/websquare/jldstf75500.xml	1	0	0	0	0	0	2	22	22	22	44	13	22	0	0	0	0	10	37	10	37	499	35	0	0	0	0	0	0	0	0	0	0	0	0	0	0	0	0	0	0	0	0	0	0	0	0	0
samples/krx-tobe/jldstf75600/websquare/jldstf75600.xml	1	0	0	0	0	0	2	22	22	22	44	13	22	0	0	0	0	10	37	10	37	499	35	0	0	0	0	0	0	0	0	0	0	0	0	0	0	0	0	0	0	0	0	0	0	0	0	0
samples/krx-tobe/jldstf76100/websquare/jldstf76100.xml	1	0	0	2	2	18	6	15	15	15	30	6	15	0	0	2	2	11	35	11	35	375	24	0	0	0	0	0	0	0	0	0	0	0	0	0	0	0	0	0	0	0	0	0	0	0	0	0
samples/krx-tobe/jldstf76110/websquare/jldstf76110.xml	1	0	0	0	0	0	3	9	9	9	18	6	9	0	0	0	0	2	15	2	15	211	10	0	0	0	0	0	0	0	0	0	0	0	0	0	0	0	0	0	0	0	0	0	0	0	0	0
samples/krx-tobe/jldstf76120/websquare/jldstf76120.xml	1	0	0	0	0	0	5	17	17	17	34	10	17	0	0	5	5	3	20	3	20	405	17	0	0	0	0	0	0	0	0	0	0	0	0	0	0	0	0	0	0	0	0	0	0	0	0	0
samples/krx-tobe/jldstf76200/websquare/jldstf76200.xml	1	0	0	2	2	16	5	14	14	14	28	10	14	0	0	2	2	6	27	6	27	334	23	0	0	0	0	0	0	0	0	0	0	0	0	0	0	0	0	0	0	0	0	0	0	0	0	0
samples/krx-tobe/jldstf76210/websquare/jldstf76210.xml	1	0	0	1	1	8	5	13	13	13	26	7	13	0	0	1	1	3	23	3	23	292	17	0	0	0	0	0	0	0	0	0	0	0	0	0	0	0	0	0	0	0	0	0	0	0	0	0
samples/krx-tobe/jldstf76220/websquare/jldstf76220.xml	1	0	0	1	1	8	6	25	25	25	50	14	25	0	0	6	6	10	42	10	42	600	35	0	0	0	0	0	0	0	0	0	0	0	0	0	0	0	0	0	0	0	0	0	0	0	0	0
samples/krx-tobe/jldstf76230/websquare/jldstf76230.xml	1	0	0	0	0	0	1	4	4	4	8	2	4	0	0	0	0	0	3	0	3	92	4	0	0	0	0	0	0	0	0	0	0	0	0	0	0	0	0	0	0	0	0	0	0	0	0	0
samples/krx-tobe/jldstf76300/websquare/jldstf76300.xml	1	0	0	2	2	18	6	15	15	15	30	6	15	0	0	2	2	11	35	11	35	375	27	0	0	0	0	0	0	0	0	0	0	0	0	0	0	0	0	0	0	0	0	0	0	0	0	0
samples/krx-tobe/jldstf76310/websquare/jldstf76310.xml	1	0	0	0	0	0	3	9	9	9	18	6	9	0	0	0	0	2	15	2	15	211	10	0	0	0	0	0	0	0	0	0	0	0	0	0	0	0	0	0	0	0	0	0	0	0	0	0
samples/krx-tobe/jldstf76320/websquare/jldstf76320.xml	1	0	0	0	0	0	5	17	17	17	34	10	17	0	0	5	5	3	20	3	20	405	17	0	0	0	0	0	0	0	0	0	0	0	0	0	0	0	0	0	0	0	0	0	0	0	0	0
samples/krx-tobe/jldstf90500/websquare/jldstf90500.xml	1	0	0	0	0	4	10	22	22	22	44	17	22	0	0	0	0	14	25	14	25	595	27	0	0	0	0	0	0	0	0	0	0	0	0	0	0	0	0	0	0	0	0	0	0	0	0	0
samples/krx-tobe/join_left_menu/websquare/join_left_menu.xml	1	0	0	0	0	0	2	5	5	5	10	3	5	0	0	0	0	10	22	10	22	180	36	0	0	0	0	0	0	0	0	0	0	0	0	0	0	0	0	0	0	0	0	0	0	0	0	0
samples/krx-tobe/json/websquare/json.xml	1	0	0	0	0	0	0	2	2	2	4	2	2	0	0	0	0	0	0	0	0	52	2	0	0	0	0	0	0	0	0	0	0	0	0	0	0	0	0	0	0	0	0	0	0	0	0	0
samples/krx-tobe/jsp-error/websquare/jsp-error.xml	1	0	0	0	0	0	0	2	2	2	4	2	2	0	0	0	0	0	0	0	0	52	2	0	0	0	0	0	0	0	0	0	0	0	0	0	0	0	0	0	0	0	0	0	0	0	0	0
samples/krx-tobe/jstl/websquare/jstl.xml	1	0	0	0	0	0	2	13	13	13	26	6	13	0	0	0	0	11	36	11	36	353	22	0	0	0	0	0	0	0	0	0	0	0	0	0	0	0	0	0	0	0	0	0	0	0	0	0
samples/krx-tobe/kindstk_u/websquare/kindstk_u.xml	1	0	0	0	0	0	1	8	8	8	16	5	8	0	0	0	0	0	7	0	7	160	8	0	0	0	0	0	0	0	0	0	0	0	0	0	0	0	0	0	0	0	0	0	0	0	0	0
samples/krx-tobe/left_menu/websquare/left_menu.xml	1	0	0	1	1	8	1	15	15	15	30	2	15	0	0	1	1	0	36	0	36	318	16	0	0	0	0	0	0	0	0	0	0	0	0	0	0	0	0	0	0	0	0	0	0	0	0	0
samples/krx-tobe/leftmenu01/websquare/leftmenu01.xml	1	0	0	1	1	8	5	7	7	7	14	2	7	0	0	1	1	1	11	1	11	173	10	0	0	0	0	0	0	0	0	0	0	0	0	0	0	0	0	0	0	0	0	0	0	0	0	0
samples/krx-tobe/leftmenu02/websquare/leftmenu02.xml	1	0	0	1	1	8	3	23	23	23	46	2	23	0	0	1	1	0	54	0	54	488	24	0	0	0	0	0	0	0	0	0	0	0	0	0	0	0	0	0	0	0	0	0	0	0	0	0
samples/krx-tobe/leftmenu03/websquare/leftmenu03.xml	1	0	0	0	0	0	0	16	16	16	32	2	16	0	0	0	0	0	42	0	42	345	16	0	0	0	0	0	0	0	0	0	0	0	0	0	0	0	0	0	0	0	0	0	0	0	0	0
samples/krx-tobe/leftmenu04/websquare/leftmenu04.xml	1	0	0	1	1	8	5	4	4	4	8	2	4	0	0	1	1	0	3	0	3	101	5	0	0	0	0	0	0	0	0	0	0	0	0	0	0	0	0	0	0	0	0	0	0	0	0	0
samples/krx-tobe/legend/websquare/legend.xml	1	0	0	0	0	0	0	2	2	2	4	2	2	0	0	0	0	0	0	0	0	52	2	0	0	0	0	0	0	0	0	0	0	0	0	0	0	0	0	0	0	0	0	0	0	0	0	0
samples/krx-tobe/list_left_menu/websquare/list_left_menu.xml	1	0	0	1	1	8	7	32	32	32	64	5	32	0	0	1	1	8	91	8	91	786	55	0	0	0	0	0	0	0	0	0	0	0	0	0	0	0	0	0	0	0	0	0	0	0	0	0
samples/krx-tobe/listinvstg_left_menu/websquare/listinvstg_left_menu.xml	1	0	0	1	1	8	3	39	39	39	78	5	39	0	0	1	1	5	107	5	107	962	118	0	0	0	0	0	0	0	0	0	0	0	0	0	0	0	0	0	0	0	0	0	0	0	0	0
samples/krx-tobe/listinvstg_notice/websquare/listinvstg_notice.xml	1	0	0	1	1	8	1	10	10	10	20	4	10	0	0	1	1	0	12	0	12	197	11	0	0	0	0	0	0	0	0	0	0	0	0	0	0	0	0	0	0	0	0	0	0	0	0	0
samples/krx-tobe/logger/websquare/logger.xml	1	0	0	0	0	18	16	9	9	9	18	3	9	0	0	0	0	15	22	15	22	430	35	0	0	0	0	0	0	0	0	0	0	0	0	0	0	0	0	0	0	0	0	0	0	0	0	0
samples/krx-tobe/login/websquare/login.xml	1	0	0	2	2	17	5	24	24	24	48	12	24	0	0	6	6	8	31	8	31	559	31	0	0	0	0	0	0	0	0	0	0	0	0	0	0	0	0	0	0	0	0	0	0	0	0	0
samples/krx-tobe/login_layout/websquare/login_layout.xml	1	0	0	0	0	0	2	2	2	2	4	2	2	0	0	0	0	0	0	0	0	67	2	0	0	0	0	0	0	0	0	0	0	0	0	0	0	0	0	0	0	0	0	0	0	0	0	0
samples/krx-tobe/login_result/websquare/login_result.xml	1	0	0	1	1	8	3	2	2	2	4	2	2	0	0	1	1	0	0	0	0	59	3	0	0	0	0	0	0	0	0	0	0	0	0	0	0	0	0	0	0	0	0	0	0	0	0	0
samples/krx-tobe/login_result_20130822/websquare/login_result_20130822.xml	1	0	0	0	0	0	0	3	3	3	6	3	3	1	0	0	0	0	0	0	0	78	4	0	0	0	0	0	0	0	0	0	0	0	0	0	0	0	0	0	0	0	0	0	0	0	0	0
samples/krx-tobe/login_result_20170630/websquare/login_result_20170630.xml	1	0	0	1	1	8	3	2	2	2	4	2	2	0	0	1	1	0	0	0	0	59	3	0	0	0	0	0	0	0	0	0	0	0	0	0	0	0	0	0	0	0	0	0	0	0	0	0
samples/krx-tobe/login_result_old/websquare/login_result_old.xml	1	0	0	1	1	8	3	2	2	2	4	2	2	0	0	1	1	0	0	0	0	59	3	0	0	0	0	0	0	0	0	0	0	0	0	0	0	0	0	0	0	0	0	0	0	0	0	0
samples/krx-tobe/loginmanager/websquare/loginmanager.xml	1	0	0	0	0	0	2	23	23	23	46	12	23	0	0	0	0	5	27	5	27	486	27	0	0	0	0	0	0	0	0	0	0	0	0	0	0	0	0	0	0	0	0	0	0	0	0	0
samples/krx-tobe/logout/websquare/logout.xml	1	0	0	0	0	0	0	4	4	4	8	4	4	0	0	0	0	0	0	0	0	89	4	0	0	0	0	0	0	0	0	0	0	0	0	0	0	0	0	0	0	0	0	0	0	0	0	0
samples/krx-tobe/logout_close_win/websquare/logout_close_win.xml	1	0	0	0	0	0	0	7	7	7	14	6	7	0	0	0	0	1	3	1	3	157	7	0	0	0	0	0	0	0	0	0	0	0	0	0	0	0	0	0	0	0	0	0	0	0	0	0
samples/krx-tobe/logout_self_pop/websquare/logout_self_pop.xml	1	0	0	0	0	0	0	3	3	3	6	3	3	0	0	0	0	0	0	0	0	67	3	0	0	0	0	0	0	0	0	0	0	0	0	0	0	0	0	0	0	0	0	0	0	0	0	0
samples/krx-tobe/logsaveact/websquare/logsaveact.xml	1	0	0	0	0	0	0	2	2	2	4	2	2	0	0	0	0	0	0	0	0	52	2	0	0	0	0	0	0	0	0	0	0	0	0	0	0	0	0	0	0	0	0	0	0	0	0	0
samples/krx-tobe/mafpscommon/websquare/mafpscommon.xml	1	0	0	0	0	0	0	2	2	2	4	2	2	0	0	0	0	0	0	0	0	52	2	0	0	0	0	0	0	0	0	0	0	0	0	0	0	0	0	0	0	0	0	0	0	0	0	0
samples/krx-tobe/main/websquare/main.xml	1	0	0	0	0	0	3	4	4	4	8	4	4	0	0	0	0	12	15	12	15	139	9	0	0	0	0	0	0	0	0	0	0	0	0	0	0	0	0	0	0	0	0	0	0	0	0	0
samples/krx-tobe/main_header/websquare/main_header.xml	1	0	0	0	0	0	8	16	16	16	32	11	16	0	0	0	0	20	37	20	37	395	64	0	0	0	0	0	0	0	0	0	0	0	0	0	0	0	0	0	0	0	0	0	0	0	0	0
samples/krx-tobe/main_layout/websquare/main_layout.xml	1	0	0	0	0	0	0	2	2	2	4	2	2	0	0	0	0	0	0	0	0	52	2	0	0	0	0	0	0	0	0	0	0	0	0	0	0	0	0	0	0	0	0	0	0	0	0	0
samples/krx-tobe/main_layout1/websquare/main_layout1.xml	1	0	0	0	0	0	0	9	9	9	18	2	9	0	0	0	0	0	21	0	21	209	9	0	0	0	0	0	0	0	0	0	0	0	0	0	0	0	0	0	0	0	0	0	0	0	0	0
samples/krx-tobe/main_layout2/websquare/main_layout2.xml	1	0	0	0	0	0	0	6	6	6	12	2	6	0	0	0	0	0	12	0	12	146	6	0	0	0	0	0	0	0	0	0	0	0	0	0	0	0	0	0	0	0	0	0	0	0	0	0
samples/krx-tobe/main_left_menu/websquare/main_left_menu.xml	1	0	0	5	5	41	13	31	31	31	62	15	31	0	0	7	7	15	69	15	69	760	96	0	0	0	0	0	0	0	0	0	0	0	0	0	0	0	0	0	0	0	0	0	0	0	0	0
samples/krx-tobe/main_notice/websquare/main_notice.xml	1	0	0	2	2	16	4	12	12	12	24	7	12	0	0	2	2	8	20	8	20	304	24	0	0	0	0	0	0	0	0	0	0	0	0	0	0	0	0	0	0	0	0	0	0	0	0	0
samples/krx-tobe/main_right_menu/websquare/main_right_menu.xml	1	0	0	1	1	8	5	10	10	10	20	6	10	0	0	1	1	11	30	11	30	273	41	0	0	0	0	0	0	0	0	0	0	0	0	0	0	0	0	0	0	0	0	0	0	0	0	0
samples/krx-tobe/majornotice/websquare/majornotice.xml	1	0	0	0	0	2	3	15	15	15	30	10	15	0	0	0	0	1	5	1	5	312	15	0	0	0	0	0	0	0	0	0	0	0	0	0	0	0	0	0	0	0	0	0	0	0	0	0
samples/krx-tobe/mdimain/websquare/mdimain.xml	1	0	0	0	0	0	0	2	2	2	4	2	2	0	0	0	0	0	0	0	0	53	2	0	0	0	0	0	0	0	0	0	0	0	0	0	0	0	0	0	0	0	0	0	0	0	0	0
samples/krx-tobe/menu_auth_approv/websquare/menu_auth_approv.xml	1	0	0	0	0	0	0	3	3	3	6	3	3	0	0	0	0	0	0	0	0	73	5	0	0	0	0	0	0	0	0	0	0	0	0	0	0	0	0	0	0	0	0	0	0	0	0	0
samples/krx-tobe/menu_auth_board/websquare/menu_auth_board.xml	1	0	0	0	0	0	3	6	6	6	12	6	6	0	0	0	0	9	14	9	14	173	12	0	0	0	0	0	0	0	0	0	0	0	0	0	0	0	0	0	0	0	0	0	0	0	0	0
samples/krx-tobe/menu_auth_fst_revw/websquare/menu_auth_fst_revw.xml	1	0	0	0	0	0	0	3	3	3	6	3	3	0	0	0	0	0	0	0	0	73	5	0	0	0	0	0	0	0	0	0	0	0	0	0	0	0	0	0	0	0	0	0	0	0	0	0
samples/krx-tobe/menu_auth_list/websquare/menu_auth_list.xml	1	0	0	0	0	0	0	2	2	2	4	2	2	0	0	0	0	0	0	0	0	55	2	0	0	0	0	0	0	0	0	0	0	0	0	0	0	0	0	0	0	0	0	0	0	0	0	0
samples/krx-tobe/menu_auth_modify/websquare/menu_auth_modify.xml	1	0	0	0	0	0	0	3	3	3	6	3	3	0	0	0	0	0	0	0	0	68	4	0	0	0	0	0	0	0	0	0	0	0	0	0	0	0	0	0	0	0	0	0	0	0	0	0
samples/krx-tobe/menu_auth_modify_form/websquare/menu_auth_modify_form.xml	1	0	0	0	0	0	1	6	6	6	12	4	6	0	0	0	0	7	17	7	17	179	9	0	0	0	0	0	0	0	0	0	0	0	0	0	0	0	0	0	0	0	0	0	0	0	0	0
samples/krx-tobe/menu_auth_request/websquare/menu_auth_request.xml	1	0	0	0	0	0	0	2	2	2	4	2	2	0	0	0	0	0	0	0	0	52	2	0	0	0	0	0	0	0	0	0	0	0	0	0	0	0	0	0	0	0	0	0	0	0	0	0
samples/krx-tobe/menu_auth_revw/websquare/menu_auth_revw.xml	1	0	0	0	0	0	0	3	3	3	6	3	3	0	0	0	0	0	0	0	0	73	5	0	0	0	0	0	0	0	0	0	0	0	0	0	0	0	0	0	0	0	0	0	0	0	0	0
samples/krx-tobe/menu_auth_view_body/websquare/menu_auth_view_body.xml	1	0	0	0	0	0	3	13	13	13	26	9	13	0	0	0	0	9	30	9	30	324	22	0	0	0	0	0	0	0	0	0	0	0	0	0	0	0	0	0	0	0	0	0	0	0	0	0
samples/krx-tobe/menu_auth_write/websquare/menu_auth_write.xml	1	0	0	0	0	0	0	3	3	3	6	3	3	0	0	0	0	0	0	0	0	68	4	0	0	0	0	0	0	0	0	0	0	0	0	0	0	0	0	0	0	0	0	0	0	0	0	0
samples/krx-tobe/menu_auth_write_form/websquare/menu_auth_write_form.xml	1	0	0	0	0	0	1	9	9	9	18	7	9	0	0	0	0	0	10	0	10	189	9	0	0	0	0	0	0	0	0	0	0	0	0	0	0	0	0	0	0	0	0	0	0	0	0	0
samples/krx-tobe/menu_hist_auth_body/websquare/menu_hist_auth_body.xml	1	0	0	0	0	0	0	4	4	4	8	4	4	0	0	0	0	0	0	0	0	85	4	0	0	0	0	0	0	0	0	0	0	0	0	0	0	0	0	0	0	0	0	0	0	0	0	0
samples/krx-tobe/menu_hist_board/websquare/menu_hist_board.xml	1	0	0	0	0	0	0	4	4	4	8	4	4	0	0	0	0	0	0	0	0	85	4	0	0	0	0	0	0	0	0	0	0	0	0	0	0	0	0	0	0	0	0	0	0	0	0	0
samples/krx-tobe/menu_hist_view_body/websquare/menu_hist_view_body.xml	1	0	0	2	2	16	2	6	6	6	12	4	6	0	0	2	2	0	3	0	3	125	8	0	0	0	0	0	0	0	0	0	0	0	0	0	0	0	0	0	0	0	0	0	0	0	0	0
samples/krx-tobe/message/websquare/message.xml	1	0	0	0	0	0	1	4	4	4	8	4	4	0	0	0	0	5	9	5	9	111	8	0	0	0	0	0	0	0	0	0	0	0	0	0	0	0	0	0	0	0	0	0	0	0	0	0
samples/krx-tobe/message_alert/websquare/message_alert.xml	1	0	0	0	0	0	1	3	3	3	6	3	3	1	0	0	0	0	0	0	0	72	3	0	0	0	0	0	0	0	0	0	0	0	0	0	0	0	0	0	0	0	0	0	0	0	0	0
samples/krx-tobe/message_alertelw/websquare/message_alertelw.xml	1	0	0	0	0	0	8	2	2	2	4	2	2	0	0	0	0	0	0	0	0	68	2	0	0	0	0	0	0	0	0	0	0	0	0	0	0	0	0	0	0	0	0	0	0	0	0	0
samples/krx-tobe/message_error/websquare/message_error.xml	1	0	0	1	1	8	1	4	4	4	8	3	4	0	0	1	1	0	3	0	3	87	5	0	0	0	0	0	0	0	0	0	0	0	0	0	0	0	0	0	0	0	0	0	0	0	0	0
samples/krx-tobe/message_pop/websquare/message_pop.xml	1	0	0	0	0	0	1	7	7	7	14	5	7	0	0	0	0	5	15	5	15	168	13	0	0	0	0	0	0	0	0	0	0	0	0	0	0	0	0	0	0	0	0	0	0	0	0	0
samples/krx-tobe/migrationdata/websquare/migrationdata.xml	1	0	0	0	0	0	0	2	2	2	4	2	2	0	0	0	0	0	0	0	0	52	2	0	0	0	0	0	0	0	0	0	0	0	0	0	0	0	0	0	0	0	0	0	0	0	0	0
samples/krx-tobe/msgview/websquare/msgview.xml	1	0	0	0	0	0	19	9	9	9	18	7	9	0	0	2	2	3	13	3	13	293	18	0	0	0	0	0	0	0	0	0	0	0	0	0	0	0	0	0	0	0	0	0	0	0	0	0
samples/krx-tobe/multifile_load/websquare/multifile_load.xml	1	0	0	0	0	0	1	4	4	4	8	4	4	0	0	0	0	2	4	2	4	93	6	0	0	0	0	0	0	0	0	0	0	0	0	0	0	0	0	0	0	0	0	0	0	0	0	0
samples/krx-tobe/multifile_upload/websquare/multifile_upload.xml	1	0	0	0	0	0	1	4	4	4	8	4	4	0	0	0	0	2	4	2	4	93	6	0	0	0	0	0	0	0	0	0	0	0	0	0	0	0	0	0	0	0	0	0	0	0	0	0
samples/krx-tobe/multifileuploadresult/websquare/multifileuploadresult.xml	1	0	0	0	0	0	1	6	6	6	12	5	6	0	0	0	0	2	3	2	3	138	6	0	0	0	0	0	0	0	0	0	0	0	0	0	0	0	0	0	0	0	0	0	0	0	0	0
samples/krx-tobe/newpopuplayer_outer/websquare/newpopuplayer_outer.xml	1	0	0	0	0	3	3	11	11	11	22	6	11	0	0	0	0	0	15	0	15	228	21	0	0	0	0	0	0	0	0	0	0	0	0	0	0	0	0	0	0	0	0	0	0	0	0	0
samples/krx-tobe/newtop/websquare/newtop.xml	1	0	0	1	1	8	8	76	76	76	152	24	76	0	0	1	1	11	142	11	142	1699	81	0	0	0	0	0	0	0	0	0	0	0	0	0	0	0	0	0	0	0	0	0	0	0	0	0
samples/krx-tobe/nomenu_layout/websquare/nomenu_layout.xml	1	0	0	0	0	0	0	6	6	6	12	2	6	0	0	0	0	0	12	0	12	146	6	0	0	0	0	0	0	0	0	0	0	0	0	0	0	0	0	0	0	0	0	0	0	0	0	0
samples/krx-tobe/notialarm/websquare/notialarm.xml	1	0	0	0	0	0	0	7	7	7	14	5	7	0	0	0	0	1	1	1	1	142	9	0	0	0	0	0	0	0	0	0	0	0	0	0	0	0	0	0	0	0	0	0	0	0	0	0
samples/krx-tobe/notice/websquare/notice.xml	1	0	0	0	0	0	0	2	2	2	4	2	2	0	0	0	0	0	0	0	0	52	2	0	0	0	0	0	0	0	0	0	0	0	0	0	0	0	0	0	0	0	0	0	0	0	0	0
samples/krx-tobe/nppfs.install/websquare/nppfs.install.xml	1	0	0	0	0	0	3	6	6	6	12	3	6	0	0	2	2	1	10	1	10	263	16	0	0	0	0	0	0	0	0	0	0	0	0	0	0	0	0	0	0	0	0	0	0	0	0	0
samples/krx-tobe/ods_layout/websquare/ods_layout.xml	1	0	0	0	0	0	0	2	2	2	4	2	2	0	0	0	0	0	0	0	0	55	2	0	0	0	0	0	0	0	0	0	0	0	0	0	0	0	0	0	0	0	0	0	0	0	0	0
samples/krx-tobe/ods_layout_1/websquare/ods_layout_1.xml	1	0	0	0	0	0	0	2	2	2	4	2	2	0	0	0	0	0	0	0	0	55	2	0	0	0	0	0	0	0	0	0	0	0	0	0	0	0	0	0	0	0	0	0	0	0	0	0
samples/krx-tobe/other_left_menu/websquare/other_left_menu.xml	1	0	0	1	1	8	2	7	7	7	14	3	7	0	0	1	1	3	18	3	18	170	8	0	0	0	0	0	0	0	0	0	0	0	0	0	0	0	0	0	0	0	0	0	0	0	0	0
samples/krx-tobe/outer_header/websquare/outer_header.xml	1	0	0	4	4	32	12	15	15	15	30	9	15	0	0	4	4	11	38	11	38	403	109	0	0	0	0	0	0	0	0	0	0	0	0	0	0	0	0	0	0	0	0	0	0	0	0	0
samples/krx-tobe/outer_layout/websquare/outer_layout.xml	1	0	0	0	0	0	0	2	2	2	4	2	2	0	0	0	0	0	0	0	0	63	2	0	0	0	0	0	0	0	0	0	0	0	0	0	0	0	0	0	0	0	0	0	0	0	0	0
samples/krx-tobe/outer_left_menu/websquare/outer_left_menu.xml	1	0	0	1	1	8	2	10	10	10	20	3	10	0	0	1	1	3	26	3	26	236	11	0	0	0	0	0	0	0	0	0	0	0	0	0	0	0	0	0	0	0	0	0	0	0	0	0
samples/krx-tobe/outsidefileupload/websquare/outsidefileupload.xml	1	0	0	0	0	0	1	4	4	4	8	4	4	0	0	0	0	2	4	2	4	93	6	0	0	0	0	0	0	0	0	0	0	0	0	0	0	0	0	0	0	0	0	0	0	0	0	0
samples/krx-tobe/overlapresult/websquare/overlapresult.xml	1	0	0	0	0	0	0	2	2	2	4	2	2	0	0	0	0	0	0	0	0	52	2	0	0	0	0	0	0	0	0	0	0	0	0	0	0	0	0	0	0	0	0	0	0	0	0	0
samples/krx-tobe/pageindex/websquare/pageindex.xml	1	0	0	0	0	0	1	20	20	20	40	10	20	0	0	9	9	1	28	1	28	461	21	0	0	0	0	0	0	0	0	0	0	0	0	0	0	0	0	0	0	0	0	0	0	0	0	0
samples/krx-tobe/pdfloadproc/websquare/pdfloadproc.xml	1	0	0	1	1	8	6	3	3	3	6	3	3	0	0	1	1	0	5	0	5	83	4	0	0	0	0	0	0	0	0	0	0	0	0	0	0	0	0	0	0	0	0	0	0	0	0	0
samples/krx-tobe/pdfview/websquare/pdfview.xml	1	0	0	0	0	0	0	3	3	3	6	3	3	1	0	0	0	0	0	0	0	76	5	0	0	0	0	0	0	0	0	0	0	0	0	0	0	0	0	0	0	0	0	0	0	0	0	0
samples/krx-tobe/personalinfo/websquare/personalinfo.xml	1	0	0	0	0	0	1	3	3	3	6	3	3	0	0	0	0	0	0	0	0	78	9	0	0	0	0	0	0	0	0	0	0	0	0	0	0	0	0	0	0	0	0	0	0	0	0	0
samples/krx-tobe/personalinfo_layer/websquare/personalinfo_layer.xml	1	0	0	0	0	0	1	5	5	5	10	3	5	0	0	0	0	0	8	0	8	121	11	0	0	0	0	0	0	0	0	0	0	0	0	0	0	0	0	0	0	0	0	0	0	0	0	0
samples/krx-tobe/pop_20080825/websquare/pop_20080825.xml	1	0	0	1	1	8	1	10	10	10	20	4	10	0	0	1	1	0	12	0	12	197	11	0	0	0	0	0	0	0	0	0	0	0	0	0	0	0	0	0	0	0	0	0	0	0	0	0
samples/krx-tobe/pop_20080826/websquare/pop_20080826.xml	1	0	0	1	1	8	1	10	10	10	20	4	10	0	0	1	1	0	12	0	12	197	11	0	0	0	0	0	0	0	0	0	0	0	0	0	0	0	0	0	0	0	0	0	0	0	0	0
samples/krx-tobe/pop_20080912/websquare/pop_20080912.xml	1	0	0	1	1	8	1	10	10	10	20	4	10	0	0	1	1	0	12	0	12	197	11	0	0	0	0	0	0	0	0	0	0	0	0	0	0	0	0	0	0	0	0	0	0	0	0	0
samples/krx-tobe/pop_20080917/websquare/pop_20080917.xml	1	0	0	2	2	16	5	15	15	15	30	6	15	0	0	2	2	0	16	0	16	285	17	0	0	0	0	0	0	0	0	0	0	0	0	0	0	0	0	0	0	0	0	0	0	0	0	0
samples/krx-tobe/pop_20080922/websquare/pop_20080922.xml	1	0	0	1	1	8	1	10	10	10	20	4	10	0	0	1	1	0	12	0	12	197	11	0	0	0	0	0	0	0	0	0	0	0	0	0	0	0	0	0	0	0	0	0	0	0	0	0
samples/krx-tobe/pop_20080925/websquare/pop_20080925.xml	1	0	0	1	1	8	2	11	11	11	22	5	11	0	0	1	1	0	12	0	12	214	12	0	0	0	0	0	0	0	0	0	0	0	0	0	0	0	0	0	0	0	0	0	0	0	0	0
samples/krx-tobe/pop_20081021/websquare/pop_20081021.xml	1	0	0	2	2	16	5	15	15	15	30	6	15	0	0	2	2	0	16	0	16	285	17	0	0	0	0	0	0	0	0	0	0	0	0	0	0	0	0	0	0	0	0	0	0	0	0	0
samples/krx-tobe/pop_20081103/websquare/pop_20081103.xml	1	0	0	1	1	8	3	13	13	13	26	5	13	0	0	1	1	0	15	0	15	251	17	0	0	0	0	0	0	0	0	0	0	0	0	0	0	0	0	0	0	0	0	0	0	0	0	0
samples/krx-tobe/pop_20081105/websquare/pop_20081105.xml	1	0	0	1	1	8	4	14	14	14	28	6	14	0	0	1	1	0	16	0	16	267	15	0	0	0	0	0	0	0	0	0	0	0	0	0	0	0	0	0	0	0	0	0	0	0	0	0
samples/krx-tobe/pop_20090630/websquare/pop_20090630.xml	1	0	0	1	1	8	3	13	13	13	26	5	13	0	0	1	1	0	16	0	16	250	14	0	0	0	0	0	0	0	0	0	0	0	0	0	0	0	0	0	0	0	0	0	0	0	0	0
samples/krx-tobe/pop_20090720/websquare/pop_20090720.xml	1	0	0	1	1	8	3	14	14	14	28	5	14	0	0	1	1	0	19	0	19	271	15	0	0	0	0	0	0	0	0	0	0	0	0	0	0	0	0	0	0	0	0	0	0	0	0	0
samples/krx-tobe/pop_20090803/websquare/pop_20090803.xml	1	0	0	1	1	8	3	13	13	13	26	5	13	0	0	1	1	0	16	0	16	250	14	0	0	0	0	0	0	0	0	0	0	0	0	0	0	0	0	0	0	0	0	0	0	0	0	0
samples/krx-tobe/pop_20090812/websquare/pop_20090812.xml	1	0	0	2	2	16	2	12	12	12	24	4	12	0	0	2	2	0	16	0	16	236	14	0	0	0	0	0	0	0	0	0	0	0	0	0	0	0	0	0	0	0	0	0	0	0	0	0
samples/krx-tobe/pop_20090820/websquare/pop_20090820.xml	1	0	0	2	2	16	4	15	15	15	30	6	15	0	0	2	2	0	20	0	20	288	17	0	0	0	0	0	0	0	0	0	0	0	0	0	0	0	0	0	0	0	0	0	0	0	0	0
samples/krx-tobe/pop_20090904/websquare/pop_20090904.xml	1	0	0	1	1	8	3	14	14	14	28	5	14	0	0	1	1	0	19	0	19	271	15	0	0	0	0	0	0	0	0	0	0	0	0	0	0	0	0	0	0	0	0	0	0	0	0	0
samples/krx-tobe/pop_20090917/websquare/pop_20090917.xml	1	0	0	1	1	8	1	10	10	10	20	4	10	0	0	1	1	0	12	0	12	197	11	0	0	0	0	0	0	0	0	0	0	0	0	0	0	0	0	0	0	0	0	0	0	0	0	0
samples/krx-tobe/pop_20091006/websquare/pop_20091006.xml	1	0	0	1	1	8	3	13	13	13	26	5	13	0	0	1	1	0	16	0	16	250	14	0	0	0	0	0	0	0	0	0	0	0	0	0	0	0	0	0	0	0	0	0	0	0	0	0
samples/krx-tobe/pop_20091016/websquare/pop_20091016.xml	1	0	0	2	2	16	4	14	14	14	28	6	14	0	0	2	2	0	17	0	17	267	16	0	0	0	0	0	0	0	0	0	0	0	0	0	0	0	0	0	0	0	0	0	0	0	0	0
samples/krx-tobe/pop_20091026/websquare/pop_20091026.xml	1	0	0	2	2	16	4	14	14	14	28	6	14	0	0	2	2	0	17	0	17	267	16	0	0	0	0	0	0	0	0	0	0	0	0	0	0	0	0	0	0	0	0	0	0	0	0	0
samples/krx-tobe/pop_20091118/websquare/pop_20091118.xml	1	0	0	2	2	16	2	10	10	10	20	5	10	0	0	2	2	0	10	0	10	193	12	0	0	0	0	0	0	0	0	0	0	0	0	0	0	0	0	0	0	0	0	0	0	0	0	0
samples/krx-tobe/pop_20091126/websquare/pop_20091126.xml	1	0	0	1	1	8	1	10	10	10	20	4	10	0	0	1	1	0	12	0	12	197	11	0	0	0	0	0	0	0	0	0	0	0	0	0	0	0	0	0	0	0	0	0	0	0	0	0
samples/krx-tobe/pop_20091127/websquare/pop_20091127.xml	1	0	0	1	1	8	1	10	10	10	20	6	10	0	0	1	1	0	6	0	6	192	11	0	0	0	0	0	0	0	0	0	0	0	0	0	0	0	0	0	0	0	0	0	0	0	0	0
samples/krx-tobe/pop_20091130/websquare/pop_20091130.xml	1	0	0	1	1	8	3	14	14	14	28	5	14	0	0	1	1	0	19	0	19	271	15	0	0	0	0	0	0	0	0	0	0	0	0	0	0	0	0	0	0	0	0	0	0	0	0	0
samples/krx-tobe/pop_20091216/websquare/pop_20091216.xml	1	0	0	2	2	16	2	12	12	12	24	4	12	0	0	2	2	0	16	0	16	236	14	0	0	0	0	0	0	0	0	0	0	0	0	0	0	0	0	0	0	0	0	0	0	0	0	0
samples/krx-tobe/pop_20091222/websquare/pop_20091222.xml	1	0	0	1	1	8	3	13	13	13	26	5	13	0	0	1	1	0	16	0	16	250	14	0	0	0	0	0	0	0	0	0	0	0	0	0	0	0	0	0	0	0	0	0	0	0	0	0
samples/krx-tobe/pop_20091231/websquare/pop_20091231.xml	1	0	0	1	1	8	1	10	10	10	20	4	10	0	0	1	1	0	12	0	12	197	11	0	0	0	0	0	0	0	0	0	0	0	0	0	0	0	0	0	0	0	0	0	0	0	0	0
samples/krx-tobe/pop_20100108/websquare/pop_20100108.xml	1	0	0	1	1	8	1	10	10	10	20	4	10	0	0	1	1	0	12	0	12	197	11	0	0	0	0	0	0	0	0	0	0	0	0	0	0	0	0	0	0	0	0	0	0	0	0	0
samples/krx-tobe/pop_20100111/websquare/pop_20100111.xml	1	0	0	1	1	8	1	10	10	10	20	4	10	0	0	1	1	0	12	0	12	197	11	0	0	0	0	0	0	0	0	0	0	0	0	0	0	0	0	0	0	0	0	0	0	0	0	0
samples/krx-tobe/pop_20100115_1/websquare/pop_20100115_1.xml	1	0	0	1	1	8	3	14	14	14	28	5	14	0	0	1	1	0	19	0	19	271	15	0	0	0	0	0	0	0	0	0	0	0	0	0	0	0	0	0	0	0	0	0	0	0	0	0
samples/krx-tobe/pop_20100115_2/websquare/pop_20100115_2.xml	1	0	0	1	1	8	3	15	15	15	30	5	15	0	0	1	1	0	22	0	22	292	16	0	0	0	0	0	0	0	0	0	0	0	0	0	0	0	0	0	0	0	0	0	0	0	0	0
samples/krx-tobe/pop_20100129/websquare/pop_20100129.xml	1	0	0	1	1	8	3	13	13	13	26	5	13	0	0	1	1	0	16	0	16	250	14	0	0	0	0	0	0	0	0	0	0	0	0	0	0	0	0	0	0	0	0	0	0	0	0	0
samples/krx-tobe/pop_20100305/websquare/pop_20100305.xml	1	0	0	1	1	8	1	10	10	10	20	4	10	0	0	1	1	0	12	0	12	197	11	0	0	0	0	0	0	0	0	0	0	0	0	0	0	0	0	0	0	0	0	0	0	0	0	0
samples/krx-tobe/pop_20100319/websquare/pop_20100319.xml	1	0	0	1	1	8	3	12	12	12	24	5	12	0	0	1	1	0	13	0	13	229	13	0	0	0	0	0	0	0	0	0	0	0	0	0	0	0	0	0	0	0	0	0	0	0	0	0
samples/krx-tobe/pop_20100323/websquare/pop_20100323.xml	1	0	0	1	1	8	3	12	12	12	24	5	12	0	0	1	1	0	13	0	13	229	13	0	0	0	0	0	0	0	0	0	0	0	0	0	0	0	0	0	0	0	0	0	0	0	0	0
samples/krx-tobe/pop_20100326/websquare/pop_20100326.xml	1	0	0	1	1	8	3	12	12	12	24	5	12	0	0	1	1	0	13	0	13	229	13	0	0	0	0	0	0	0	0	0	0	0	0	0	0	0	0	0	0	0	0	0	0	0	0	0
samples/krx-tobe/pop_20100402/websquare/pop_20100402.xml	1	0	0	2	2	16	2	12	12	12	24	4	12	0	0	2	2	0	16	0	16	236	14	0	0	0	0	0	0	0	0	0	0	0	0	0	0	0	0	0	0	0	0	0	0	0	0	0
samples/krx-tobe/pop_20100407/websquare/pop_20100407.xml	1	0	0	1	1	8	1	8	8	8	16	4	8	0	0	1	1	0	6	0	6	155	9	0	0	0	0	0	0	0	0	0	0	0	0	0	0	0	0	0	0	0	0	0	0	0	0	0
samples/krx-tobe/pop_20100408/websquare/pop_20100408.xml	1	0	0	2	2	16	2	10	10	10	20	5	10	0	0	2	2	0	10	0	10	194	12	0	0	0	0	0	0	0	0	0	0	0	0	0	0	0	0	0	0	0	0	0	0	0	0	0
samples/krx-tobe/pop_20100409/websquare/pop_20100409.xml	1	0	0	1	1	8	1	10	10	10	20	4	10	0	0	1	1	0	12	0	12	197	11	0	0	0	0	0	0	0	0	0	0	0	0	0	0	0	0	0	0	0	0	0	0	0	0	0
samples/krx-tobe/pop_20100422_1/websquare/pop_20100422_1.xml	1	0	0	1	1	8	3	13	13	13	26	5	13	0	0	1	1	0	16	0	16	250	14	0	0	0	0	0	0	0	0	0	0	0	0	0	0	0	0	0	0	0	0	0	0	0	0	0
samples/krx-tobe/pop_20100422_2/websquare/pop_20100422_2.xml	1	0	0	1	1	8	3	12	12	12	24	5	12	0	0	1	1	0	13	0	13	229	13	0	0	0	0	0	0	0	0	0	0	0	0	0	0	0	0	0	0	0	0	0	0	0	0	0
samples/krx-tobe/pop_20100519/websquare/pop_20100519.xml	1	0	0	1	1	8	1	10	10	10	20	4	10	0	0	1	1	0	12	0	12	197	11	0	0	0	0	0	0	0	0	0	0	0	0	0	0	0	0	0	0	0	0	0	0	0	0	0
samples/krx-tobe/pop_20100527/websquare/pop_20100527.xml	1	0	0	1	1	8	1	10	10	10	20	4	10	0	0	1	1	0	12	0	12	197	11	0	0	0	0	0	0	0	0	0	0	0	0	0	0	0	0	0	0	0	0	0	0	0	0	0
samples/krx-tobe/pop_20100527_2/websquare/pop_20100527_2.xml	1	0	0	2	2	16	2	12	12	12	24	4	12	0	0	2	2	0	16	0	16	236	14	0	0	0	0	0	0	0	0	0	0	0	0	0	0	0	0	0	0	0	0	0	0	0	0	0
samples/krx-tobe/pop_20100604/websquare/pop_20100604.xml	1	0	0	2	2	16	2	12	12	12	24	4	12	0	0	2	2	0	16	0	16	236	14	0	0	0	0	0	0	0	0	0	0	0	0	0	0	0	0	0	0	0	0	0	0	0	0	0
samples/krx-tobe/pop_20100615/websquare/pop_20100615.xml	1	0	0	2	2	16	2	12	12	12	24	4	12	0	0	2	2	0	16	0	16	236	14	0	0	0	0	0	0	0	0	0	0	0	0	0	0	0	0	0	0	0	0	0	0	0	0	0
samples/krx-tobe/pop_20100616/websquare/pop_20100616.xml	1	0	0	1	1	8	1	10	10	10	20	4	10	0	0	1	1	0	12	0	12	197	11	0	0	0	0	0	0	0	0	0	0	0	0	0	0	0	0	0	0	0	0	0	0	0	0	0
samples/krx-tobe/pop_20100617/websquare/pop_20100617.xml	1	0	0	1	1	8	1	12	12	12	24	4	12	0	0	1	1	0	18	0	18	239	13	0	0	0	0	0	0	0	0	0	0	0	0	0	0	0	0	0	0	0	0	0	0	0	0	0
samples/krx-tobe/pop_20100625/websquare/pop_20100625.xml	1	0	0	1	1	8	1	10	10	10	20	4	10	0	0	1	1	0	12	0	12	197	11	0	0	0	0	0	0	0	0	0	0	0	0	0	0	0	0	0	0	0	0	0	0	0	0	0
samples/krx-tobe/pop_20100702/websquare/pop_20100702.xml	1	0	0	1	1	8	1	12	12	12	24	4	12	0	0	1	1	0	18	0	18	239	13	0	0	0	0	0	0	0	0	0	0	0	0	0	0	0	0	0	0	0	0	0	0	0	0	0
samples/krx-tobe/pop_20100707_1/websquare/pop_20100707_1.xml	1	0	0	2	2	16	2	12	12	12	24	4	12	0	0	2	2	0	16	0	16	236	14	0	0	0	0	0	0	0	0	0	0	0	0	0	0	0	0	0	0	0	0	0	0	0	0	0
samples/krx-tobe/pop_20100707_2/websquare/pop_20100707_2.xml	1	0	0	2	2	16	2	12	12	12	24	4	12	0	0	2	2	0	16	0	16	236	14	0	0	0	0	0	0	0	0	0	0	0	0	0	0	0	0	0	0	0	0	0	0	0	0	0
samples/krx-tobe/pop_20100715/websquare/pop_20100715.xml	1	0	0	1	1	8	1	10	10	10	20	4	10	0	0	1	1	0	12	0	12	197	11	0	0	0	0	0	0	0	0	0	0	0	0	0	0	0	0	0	0	0	0	0	0	0	0	0
samples/krx-tobe/pop_20100723/websquare/pop_20100723.xml	1	0	0	2	2	16	2	12	12	12	24	4	12	0	0	2	2	0	16	0	16	236	14	0	0	0	0	0	0	0	0	0	0	0	0	0	0	0	0	0	0	0	0	0	0	0	0	0
samples/krx-tobe/pop_20100724/websquare/pop_20100724.xml	1	0	0	1	1	8	1	10	10	10	20	4	10	0	0	1	1	0	12	0	12	197	11	0	0	0	0	0	0	0	0	0	0	0	0	0	0	0	0	0	0	0	0	0	0	0	0	0
samples/krx-tobe/pop_20100727/websquare/pop_20100727.xml	1	0	0	2	2	16	2	12	12	12	24	5	12	0	0	2	2	0	16	0	16	236	14	0	0	0	0	0	0	0	0	0	0	0	0	0	0	0	0	0	0	0	0	0	0	0	0	0
samples/krx-tobe/pop_20100802/websquare/pop_20100802.xml	1	0	0	2	2	16	4	15	15	15	30	5	15	0	0	2	2	0	20	0	20	288	17	0	0	0	0	0	0	0	0	0	0	0	0	0	0	0	0	0	0	0	0	0	0	0	0	0
samples/krx-tobe/pop_20100809/websquare/pop_20100809.xml	1	0	0	1	1	8	1	12	12	12	24	4	12	0	0	1	1	0	18	0	18	239	13	0	0	0	0	0	0	0	0	0	0	0	0	0	0	0	0	0	0	0	0	0	0	0	0	0
samples/krx-tobe/pop_20100816/websquare/pop_20100816.xml	1	0	0	1	1	8	3	13	13	13	26	5	13	0	0	1	1	0	16	0	16	250	14	0	0	0	0	0	0	0	0	0	0	0	0	0	0	0	0	0	0	0	0	0	0	0	0	0
samples/krx-tobe/pop_20100902/websquare/pop_20100902.xml	1	0	0	2	2	16	4	14	14	14	28	5	14	0	0	2	2	0	17	0	17	267	16	0	0	0	0	0	0	0	0	0	0	0	0	0	0	0	0	0	0	0	0	0	0	0	0	0
samples/krx-tobe/pop_20100929/websquare/pop_20100929.xml	1	0	0	2	2	16	4	14	14	14	28	5	14	0	0	2	2	0	17	0	17	267	16	0	0	0	0	0	0	0	0	0	0	0	0	0	0	0	0	0	0	0	0	0	0	0	0	0
samples/krx-tobe/pop_20101004/websquare/pop_20101004.xml	1	0	0	2	2	16	4	14	14	14	28	5	14	0	0	2	2	0	17	0	17	267	16	0	0	0	0	0	0	0	0	0	0	0	0	0	0	0	0	0	0	0	0	0	0	0	0	0
samples/krx-tobe/pop_20101108/websquare/pop_20101108.xml	1	0	0	1	1	8	1	10	10	10	20	4	10	0	0	1	1	0	12	0	12	197	11	0	0	0	0	0	0	0	0	0	0	0	0	0	0	0	0	0	0	0	0	0	0	0	0	0
samples/krx-tobe/pop_20101109/websquare/pop_20101109.xml	1	0	0	2	2	16	5	16	16	16	32	6	16	0	0	2	2	3	25	3	25	321	22	0	0	0	0	0	0	0	0	0	0	0	0	0	0	0	0	0	0	0	0	0	0	0	0	0
samples/krx-tobe/pop_20101112/websquare/pop_20101112.xml	1	0	0	1	1	8	1	10	10	10	20	4	10	0	0	1	1	0	12	0	12	197	11	0	0	0	0	0	0	0	0	0	0	0	0	0	0	0	0	0	0	0	0	0	0	0	0	0
samples/krx-tobe/pop_20101126/websquare/pop_20101126.xml	1	0	0	1	1	8	2	12	12	12	24	5	12	0	0	1	1	0	17	0	17	237	16	0	0	0	0	0	0	0	0	0	0	0	0	0	0	0	0	0	0	0	0	0	0	0	0	0
samples/krx-tobe/pop_20101223/websquare/pop_20101223.xml	1	0	0	0	0	0	0	9	9	9	18	4	9	0	0	0	0	0	12	0	12	181	9	0	0	0	0	0	0	0	0	0	0	0	0	0	0	0	0	0	0	0	0	0	0	0	0	0
samples/krx-tobe/pop_20101227/websquare/pop_20101227.xml	1	0	0	2	2	16	2	12	12	12	24	4	12	0	0	2	2	0	16	0	16	235	14	0	0	0	0	0	0	0	0	0	0	0	0	0	0	0	0	0	0	0	0	0	0	0	0	0
samples/krx-tobe/pop_20110111/websquare/pop_20110111.xml	1	0	0	1	1	8	3	13	13	13	26	5	13	0	0	1	1	0	16	0	16	250	14	0	0	0	0	0	0	0	0	0	0	0	0	0	0	0	0	0	0	0	0	0	0	0	0	0
samples/krx-tobe/pop_20110114_1/websquare/pop_20110114_1.xml	1	0	0	1	1	8	3	14	14	14	28	5	14	0	0	1	1	0	19	0	19	271	15	0	0	0	0	0	0	0	0	0	0	0	0	0	0	0	0	0	0	0	0	0	0	0	0	0
samples/krx-tobe/pop_20110114_2/websquare/pop_20110114_2.xml	1	0	0	1	1	8	3	15	15	15	30	5	15	0	0	1	1	0	22	0	22	292	16	0	0	0	0	0	0	0	0	0	0	0	0	0	0	0	0	0	0	0	0	0	0	0	0	0
samples/krx-tobe/pop_20110126/websquare/pop_20110126.xml	1	0	0	2	2	16	2	12	12	12	24	4	12	0	0	2	2	0	16	0	16	235	14	0	0	0	0	0	0	0	0	0	0	0	0	0	0	0	0	0	0	0	0	0	0	0	0	0
samples/krx-tobe/pop_20110222/websquare/pop_20110222.xml	1	0	0	2	2	16	2	12	12	12	24	4	12	0	0	2	2	0	16	0	16	235	14	0	0	0	0	0	0	0	0	0	0	0	0	0	0	0	0	0	0	0	0	0	0	0	0	0
samples/krx-tobe/pop_20110223/websquare/pop_20110223.xml	1	0	0	2	2	16	2	12	12	12	24	4	12	0	0	2	2	0	16	0	16	235	14	0	0	0	0	0	0	0	0	0	0	0	0	0	0	0	0	0	0	0	0	0	0	0	0	0
samples/krx-tobe/pop_20110225/websquare/pop_20110225.xml	1	0	0	1	1	8	1	10	10	10	20	4	10	0	0	1	1	0	12	0	12	197	11	0	0	0	0	0	0	0	0	0	0	0	0	0	0	0	0	0	0	0	0	0	0	0	0	0
samples/krx-tobe/pop_20110317/websquare/pop_20110317.xml	1	0	0	1	1	8	3	13	13	13	26	5	13	0	0	1	1	0	16	0	16	250	14	0	0	0	0	0	0	0	0	0	0	0	0	0	0	0	0	0	0	0	0	0	0	0	0	0
samples/krx-tobe/pop_20110318/websquare/pop_20110318.xml	1	0	0	1	1	8	3	12	12	12	24	5	12	0	0	1	1	0	13	0	13	229	13	0	0	0	0	0	0	0	0	0	0	0	0	0	0	0	0	0	0	0	0	0	0	0	0	0
samples/krx-tobe/pop_20110322/websquare/pop_20110322.xml	1	0	0	2	2	16	2	12	12	12	24	5	12	0	0	2	2	0	16	0	16	235	14	0	0	0	0	0	0	0	0	0	0	0	0	0	0	0	0	0	0	0	0	0	0	0	0	0
samples/krx-tobe/pop_20110331/websquare/pop_20110331.xml	1	0	0	1	1	8	3	13	13	13	26	5	13	0	0	1	1	0	16	0	16	250	14	0	0	0	0	0	0	0	0	0	0	0	0	0	0	0	0	0	0	0	0	0	0	0	0	0
samples/krx-tobe/pop_20110406/websquare/pop_20110406.xml	1	0	0	2	2	16	2	12	12	12	24	5	12	0	0	2	2	0	16	0	16	235	14	0	0	0	0	0	0	0	0	0	0	0	0	0	0	0	0	0	0	0	0	0	0	0	0	0
samples/krx-tobe/pop_20110429/websquare/pop_20110429.xml	1	0	0	1	1	8	1	11	11	11	22	4	11	0	0	1	1	0	15	0	15	219	12	0	0	0	0	0	0	0	0	0	0	0	0	0	0	0	0	0	0	0	0	0	0	0	0	0
samples/krx-tobe/pop_20110504_1/websquare/pop_20110504_1.xml	1	0	0	2	2	16	2	12	12	12	24	4	12	0	0	2	2	0	16	0	16	235	14	0	0	0	0	0	0	0	0	0	0	0	0	0	0	0	0	0	0	0	0	0	0	0	0	0
samples/krx-tobe/pop_20110504_2/websquare/pop_20110504_2.xml	1	0	0	2	2	16	2	12	12	12	24	4	12	0	0	2	2	0	16	0	16	235	14	0	0	0	0	0	0	0	0	0	0	0	0	0	0	0	0	0	0	0	0	0	0	0	0	0
samples/krx-tobe/pop_20110504_3/websquare/pop_20110504_3.xml	1	0	0	1	1	8	1	10	10	10	20	4	10	0	0	1	1	0	12	0	12	197	11	0	0	0	0	0	0	0	0	0	0	0	0	0	0	0	0	0	0	0	0	0	0	0	0	0
samples/krx-tobe/pop_20110601/websquare/pop_20110601.xml	1	0	0	2	2	16	2	12	12	12	24	4	12	0	0	2	2	0	16	0	16	235	14	0	0	0	0	0	0	0	0	0	0	0	0	0	0	0	0	0	0	0	0	0	0	0	0	0
samples/krx-tobe/pop_20110602/websquare/pop_20110602.xml	1	0	0	1	1	8	1	10	10	10	20	4	10	0	0	1	1	0	12	0	12	197	11	0	0	0	0	0	0	0	0	0	0	0	0	0	0	0	0	0	0	0	0	0	0	0	0	0
samples/krx-tobe/pop_20110620/websquare/pop_20110620.xml	1	0	0	1	1	8	1	10	10	10	20	4	10	0	0	1	1	0	12	0	12	197	11	0	0	0	0	0	0	0	0	0	0	0	0	0	0	0	0	0	0	0	0	0	0	0	0	0
samples/krx-tobe/pop_20110801_1/websquare/pop_20110801_1.xml	1	0	0	2	2	16	2	12	12	12	24	4	12	0	0	2	2	0	16	0	16	235	14	0	0	0	0	0	0	0	0	0	0	0	0	0	0	0	0	0	0	0	0	0	0	0	0	0
samples/krx-tobe/pop_20110801_2/websquare/pop_20110801_2.xml	1	0	0	2	2	16	2	12	12	12	24	4	12	0	0	2	2	0	16	0	16	235	14	0	0	0	0	0	0	0	0	0	0	0	0	0	0	0	0	0	0	0	0	0	0	0	0	0
samples/krx-tobe/pop_20110811/websquare/pop_20110811.xml	1	0	0	1	1	8	1	10	10	10	20	4	10	0	0	1	1	0	12	0	12	197	11	0	0	0	0	0	0	0	0	0	0	0	0	0	0	0	0	0	0	0	0	0	0	0	0	0
samples/krx-tobe/pop_20110812/websquare/pop_20110812.xml	1	0	0	1	1	8	3	13	13	13	26	5	13	0	0	1	1	0	16	0	16	250	14	0	0	0	0	0	0	0	0	0	0	0	0	0	0	0	0	0	0	0	0	0	0	0	0	0
samples/krx-tobe/pop_20110816/websquare/pop_20110816.xml	1	0	0	2	2	16	2	12	12	12	24	4	12	0	0	2	2	0	16	0	16	235	14	0	0	0	0	0	0	0	0	0	0	0	0	0	0	0	0	0	0	0	0	0	0	0	0	0
samples/krx-tobe/pop_20110822/websquare/pop_20110822.xml	1	0	0	2	2	16	4	22	22	22	44	5	22	0	0	2	2	0	41	0	41	435	24	0	0	0	0	0	0	0	0	0	0	0	0	0	0	0	0	0	0	0	0	0	0	0	0	0
samples/krx-tobe/pop_20110914/websquare/pop_20110914.xml	1	0	0	2	2	16	4	13	13	13	26	5	13	0	0	2	2	0	14	0	14	246	15	0	0	0	0	0	0	0	0	0	0	0	0	0	0	0	0	0	0	0	0	0	0	0	0	0
samples/krx-tobe/pop_20111025/websquare/pop_20111025.xml	1	0	0	2	2	16	2	12	12	12	24	4	12	0	0	2	2	0	16	0	16	235	14	0	0	0	0	0	0	0	0	0	0	0	0	0	0	0	0	0	0	0	0	0	0	0	0	0
samples/krx-tobe/pop_20111026/websquare/pop_20111026.xml	1	0	0	2	2	16	2	12	12	12	24	4	12	0	0	2	2	0	16	0	16	235	14	0	0	0	0	0	0	0	0	0	0	0	0	0	0	0	0	0	0	0	0	0	0	0	0	0
samples/krx-tobe/pop_20111116/websquare/pop_20111116.xml	1	0	0	2	2	16	4	16	16	16	32	5	16	0	0	2	2	0	23	0	23	309	18	0	0	0	0	0	0	0	0	0	0	0	0	0	0	0	0	0	0	0	0	0	0	0	0	0
samples/krx-tobe/pop_20111203/websquare/pop_20111203.xml	1	0	0	1	1	8	1	10	10	10	20	4	10	0	0	1	1	0	12	0	12	197	11	0	0	0	0	0	0	0	0	0	0	0	0	0	0	0	0	0	0	0	0	0	0	0	0	0
samples/krx-tobe/pop_20120106/websquare/pop_20120106.xml	1	0	0	2	2	16	4	17	17	17	34	5	17	0	0	2	2	0	26	0	26	330	19	0	0	0	0	0	0	0	0	0	0	0	0	0	0	0	0	0	0	0	0	0	0	0	0	0
samples/krx-tobe/pop_20120112/websquare/pop_20120112.xml	1	0	0	1	1	8	3	14	14	14	28	5	14	0	0	1	1	0	19	0	19	271	15	0	0	0	0	0	0	0	0	0	0	0	0	0	0	0	0	0	0	0	0	0	0	0	0	0
samples/krx-tobe/pop_20120118/websquare/pop_20120118.xml	1	0	0	2	2	16	4	16	16	16	32	5	16	0	0	2	2	0	23	0	23	309	18	0	0	0	0	0	0	0	0	0	0	0	0	0	0	0	0	0	0	0	0	0	0	0	0	0
samples/krx-tobe/pop_20120222/websquare/pop_20120222.xml	1	0	0	1	1	8	3	12	12	12	24	5	12	0	0	1	1	0	13	0	13	229	13	0	0	0	0	0	0	0	0	0	0	0	0	0	0	0	0	0	0	0	0	0	0	0	0	0
samples/krx-tobe/pop_20120302/websquare/pop_20120302.xml	1	0	0	2	2	16	4	14	14	14	28	5	14	0	0	2	2	0	17	0	17	268	16	0	0	0	0	0	0	0	0	0	0	0	0	0	0	0	0	0	0	0	0	0	0	0	0	0
samples/krx-tobe/pop_20120315/websquare/pop_20120315.xml	1	0	0	1	1	8	3	12	12	12	24	5	12	0	0	1	1	0	13	0	13	229	13	0	0	0	0	0	0	0	0	0	0	0	0	0	0	0	0	0	0	0	0	0	0	0	0	0
samples/krx-tobe/pop_20120319/websquare/pop_20120319.xml	1	0	0	1	1	8	3	16	16	16	32	5	16	0	0	1	1	0	25	0	25	313	17	0	0	0	0	0	0	0	0	0	0	0	0	0	0	0	0	0	0	0	0	0	0	0	0	0
samples/krx-tobe/pop_20120418/websquare/pop_20120418.xml	1	0	0	1	1	8	3	16	16	16	32	6	16	0	0	1	1	0	22	0	22	308	17	0	0	0	0	0	0	0	0	0	0	0	0	0	0	0	0	0	0	0	0	0	0	0	0	0
samples/krx-tobe/pop_20120419/websquare/pop_20120419.xml	1	0	0	1	1	8	3	14	14	14	28	6	14	0	0	1	1	0	16	0	16	266	15	0	0	0	0	0	0	0	0	0	0	0	0	0	0	0	0	0	0	0	0	0	0	0	0	0
samples/krx-tobe/pop_20120502/websquare/pop_20120502.xml	1	0	0	1	1	8	3	16	16	16	32	6	16	0	0	1	1	0	22	0	22	308	17	0	0	0	0	0	0	0	0	0	0	0	0	0	0	0	0	0	0	0	0	0	0	0	0	0
samples/krx-tobe/pop_20120508/websquare/pop_20120508.xml	1	0	0	1	1	8	1	5	5	5	10	2	5	0	0	1	1	0	7	0	7	109	6	0	0	0	0	0	0	0	0	0	0	0	0	0	0	0	0	0	0	0	0	0	0	0	0	0
samples/krx-tobe/pop_20120508_1/websquare/pop_20120508_1.xml	1	0	0	2	2	12	1	5	5	5	10	3	5	0	0	3	3	0	0	0	0	97	6	0	0	0	0	0	0	0	0	0	0	0	0	0	0	0	0	0	0	0	0	0	0	0	0	0
samples/krx-tobe/pop_20120511/websquare/pop_20120511.xml	1	0	0	1	1	8	1	10	10	10	20	4	10	0	0	1	1	0	12	0	12	197	11	0	0	0	0	0	0	0	0	0	0	0	0	0	0	0	0	0	0	0	0	0	0	0	0	0
samples/krx-tobe/pop_20120605_1/websquare/pop_20120605_1.xml	1	0	0	2	2	16	4	14	14	14	28	5	14	0	0	2	2	0	17	0	17	267	16	0	0	0	0	0	0	0	0	0	0	0	0	0	0	0	0	0	0	0	0	0	0	0	0	0
samples/krx-tobe/pop_20120605_2/websquare/pop_20120605_2.xml	1	0	0	2	2	16	4	14	14	14	28	5	14	0	0	2	2	0	17	0	17	267	16	0	0	0	0	0	0	0	0	0	0	0	0	0	0	0	0	0	0	0	0	0	0	0	0	0
samples/krx-tobe/pop_20120611/websquare/pop_20120611.xml	1	0	0	1	1	8	3	18	18	18	36	5	18	0	0	1	1	0	31	0	31	355	19	0	0	0	0	0	0	0	0	0	0	0	0	0	0	0	0	0	0	0	0	0	0	0	0	0
samples/krx-tobe/pop_20120622/websquare/pop_20120622.xml	1	0	0	1	1	8	1	10	10	10	20	4	10	0	0	1	1	0	12	0	12	197	11	0	0	0	0	0	0	0	0	0	0	0	0	0	0	0	0	0	0	0	0	0	0	0	0	0
samples/krx-tobe/pop_20120702/websquare/pop_20120702.xml	1	0	0	2	2	16	4	14	14	14	28	5	14	0	0	2	2	0	17	0	17	267	16	0	0	0	0	0	0	0	0	0	0	0	0	0	0	0	0	0	0	0	0	0	0	0	0	0
samples/krx-tobe/pop_20120705/websquare/pop_20120705.xml	1	0	0	2	2	16	4	16	16	16	32	5	16	0	0	2	2	0	23	0	23	309	18	0	0	0	0	0	0	0	0	0	0	0	0	0	0	0	0	0	0	0	0	0	0	0	0	0
samples/krx-tobe/pop_20120808/websquare/pop_20120808.xml	1	0	0	1	1	8	1	10	10	10	20	4	10	0	0	1	1	0	12	0	12	197	11	0	0	0	0	0	0	0	0	0	0	0	0	0	0	0	0	0	0	0	0	0	0	0	0	0
samples/krx-tobe/pop_20120813/websquare/pop_20120813.xml	1	0	0	1	1	8	3	15	15	15	30	6	15	0	0	1	1	0	19	0	19	287	16	0	0	0	0	0	0	0	0	0	0	0	0	0	0	0	0	0	0	0	0	0	0	0	0	0
samples/krx-tobe/pop_20120828/websquare/pop_20120828.xml	1	0	0	1	1	8	3	16	16	16	32	5	16	0	0	1	1	0	25	0	25	313	17	0	0	0	0	0	0	0	0	0	0	0	0	0	0	0	0	0	0	0	0	0	0	0	0	0
samples/krx-tobe/pop_20121102/websquare/pop_20121102.xml	1	0	0	1	1	8	3	14	14	14	28	6	14	0	0	1	1	0	16	0	16	266	15	0	0	0	0	0	0	0	0	0	0	0	0	0	0	0	0	0	0	0	0	0	0	0	0	0
samples/krx-tobe/pop_20121120/websquare/pop_20121120.xml	1	0	0	1	1	8	3	12	12	12	24	5	12	0	0	1	1	0	13	0	13	229	13	0	0	0	0	0	0	0	0	0	0	0	0	0	0	0	0	0	0	0	0	0	0	0	0	0
samples/krx-tobe/pop_20121124/websquare/pop_20121124.xml	1	0	0	1	1	8	1	10	10	10	20	4	10	0	0	1	1	0	12	0	12	197	11	0	0	0	0	0	0	0	0	0	0	0	0	0	0	0	0	0	0	0	0	0	0	0	0	0
samples/krx-tobe/pop_20130109/websquare/pop_20130109.xml	1	0	0	1	1	8	3	14	14	14	28	5	14	0	0	1	1	0	19	0	19	271	15	0	0	0	0	0	0	0	0	0	0	0	0	0	0	0	0	0	0	0	0	0	0	0	0	0
samples/krx-tobe/pop_20130114/websquare/pop_20130114.xml	1	0	0	1	1	8	3	14	14	14	28	5	14	0	0	1	1	0	19	0	19	271	15	0	0	0	0	0	0	0	0	0	0	0	0	0	0	0	0	0	0	0	0	0	0	0	0	0
samples/krx-tobe/pop_20130118/websquare/pop_20130118.xml	1	0	0	2	2	16	4	14	14	14	28	5	14	0	0	2	2	0	17	0	17	267	16	0	0	0	0	0	0	0	0	0	0	0	0	0	0	0	0	0	0	0	0	0	0	0	0	0
samples/krx-tobe/pop_20130208/websquare/pop_20130208.xml	1	0	0	1	1	8	1	10	10	10	20	4	10	0	0	1	1	0	12	0	12	197	11	0	0	0	0	0	0	0	0	0	0	0	0	0	0	0	0	0	0	0	0	0	0	0	0	0
samples/krx-tobe/pop_20130318/websquare/pop_20130318.xml	1	0	0	1	1	8	3	16	16	16	32	5	16	0	0	1	1	0	25	0	25	313	17	0	0	0	0	0	0	0	0	0	0	0	0	0	0	0	0	0	0	0	0	0	0	0	0	0
samples/krx-tobe/pop_20130402/websquare/pop_20130402.xml	1	0	0	1	1	8	1	10	10	10	20	4	10	0	0	1	1	0	12	0	12	197	11	0	0	0	0	0	0	0	0	0	0	0	0	0	0	0	0	0	0	0	0	0	0	0	0	0
samples/krx-tobe/pop_20130411/websquare/pop_20130411.xml	1	0	0	1	1	8	1	10	10	10	20	4	10	0	0	1	1	0	12	0	12	197	11	0	0	0	0	0	0	0	0	0	0	0	0	0	0	0	0	0	0	0	0	0	0	0	0	0
samples/krx-tobe/pop_20130412/websquare/pop_20130412.xml	1	0	0	1	1	8	1	10	10	10	20	4	10	0	0	1	1	0	12	0	12	197	11	0	0	0	0	0	0	0	0	0	0	0	0	0	0	0	0	0	0	0	0	0	0	0	0	0
samples/krx-tobe/pop_20130514/websquare/pop_20130514.xml	1	0	0	1	1	8	3	14	14	14	28	5	14	0	0	1	1	0	19	0	19	271	15	0	0	0	0	0	0	0	0	0	0	0	0	0	0	0	0	0	0	0	0	0	0	0	0	0
samples/krx-tobe/pop_20130525/websquare/pop_20130525.xml	1	0	0	1	1	8	1	10	10	10	20	4	10	0	0	1	1	0	12	0	12	197	11	0	0	0	0	0	0	0	0	0	0	0	0	0	0	0	0	0	0	0	0	0	0	0	0	0
samples/krx-tobe/pop_20130621/websquare/pop_20130621.xml	1	0	0	1	1	8	1	10	10	10	20	4	10	0	0	1	1	0	12	0	12	197	11	0	0	0	0	0	0	0	0	0	0	0	0	0	0	0	0	0	0	0	0	0	0	0	0	0
samples/krx-tobe/pop_20131001/websquare/pop_20131001.xml	1	0	0	3	3	24	7	37	37	37	74	6	37	0	0	3	3	6	92	6	92	802	49	0	0	0	0	0	0	0	0	0	0	0	0	0	0	0	0	0	0	0	0	0	0	0	0	0
samples/krx-tobe/pop_20131125/websquare/pop_20131125.xml	1	0	0	3	3	24	6	13	13	13	26	6	13	0	0	3	3	6	19	6	19	292	21	0	0	0	0	0	0	0	0	0	0	0	0	0	0	0	0	0	0	0	0	0	0	0	0	0
samples/krx-tobe/pop_20140107_1/websquare/pop_20140107_1.xml	1	0	0	0	0	0	2	12	12	12	24	4	12	0	0	0	0	0	19	0	19	239	12	0	0	0	0	0	0	0	0	0	0	0	0	0	0	0	0	0	0	0	0	0	0	0	0	0
samples/krx-tobe/pop_20140107_2/websquare/pop_20140107_2.xml	1	0	0	0	0	0	0	8	8	8	16	3	8	0	0	0	0	0	12	0	12	165	8	0	0	0	0	0	0	0	0	0	0	0	0	0	0	0	0	0	0	0	0	0	0	0	0	0
samples/krx-tobe/pop_20140116/websquare/pop_20140116.xml	1	0	0	3	3	24	6	13	13	13	26	6	13	0	0	3	3	6	19	6	19	292	21	0	0	0	0	0	0	0	0	0	0	0	0	0	0	0	0	0	0	0	0	0	0	0	0	0
samples/krx-tobe/pop_20140117/websquare/pop_20140117.xml	1	0	0	1	1	8	3	16	16	16	32	5	16	0	0	1	1	0	25	0	25	313	17	0	0	0	0	0	0	0	0	0	0	0	0	0	0	0	0	0	0	0	0	0	0	0	0	0
samples/krx-tobe/pop_20140212_1/websquare/pop_20140212_1.xml	1	0	0	0	0	0	2	10	10	10	20	4	10	0	0	0	0	0	13	0	13	197	10	0	0	0	0	0	0	0	0	0	0	0	0	0	0	0	0	0	0	0	0	0	0	0	0	0
samples/krx-tobe/pop_20140219_2/websquare/pop_20140219_2.xml	1	0	0	0	0	0	2	10	10	10	20	4	10	0	0	0	0	0	13	0	13	197	10	0	0	0	0	0	0	0	0	0	0	0	0	0	0	0	0	0	0	0	0	0	0	0	0	0
samples/krx-tobe/pop_20140303/websquare/pop_20140303.xml	1	0	0	1	1	8	3	14	14	14	28	5	14	0	0	1	1	0	19	0	19	271	15	0	0	0	0	0	0	0	0	0	0	0	0	0	0	0	0	0	0	0	0	0	0	0	0	0
samples/krx-tobe/pop_20140312/websquare/pop_20140312.xml	1	0	0	0	0	0	2	14	14	14	28	4	14	0	0	0	0	0	25	0	25	281	14	0	0	0	0	0	0	0	0	0	0	0	0	0	0	0	0	0	0	0	0	0	0	0	0	0
samples/krx-tobe/pop_20140320/websquare/pop_20140320.xml	1	0	0	1	1	8	3	14	14	14	28	5	14	0	0	1	1	0	19	0	19	271	15	0	0	0	0	0	0	0	0	0	0	0	0	0	0	0	0	0	0	0	0	0	0	0	0	0
samples/krx-tobe/pop_20140421/websquare/pop_20140421.xml	1	0	0	1	1	8	3	12	12	12	24	5	12	0	0	1	1	0	13	0	13	229	13	0	0	0	0	0	0	0	0	0	0	0	0	0	0	0	0	0	0	0	0	0	0	0	0	0
samples/krx-tobe/pop_20140617/websquare/pop_20140617.xml	1	0	0	1	1	8	3	16	16	16	32	6	16	0	0	1	1	0	22	0	22	308	17	0	0	0	0	0	0	0	0	0	0	0	0	0	0	0	0	0	0	0	0	0	0	0	0	0
samples/krx-tobe/pop_20140818/websquare/pop_20140818.xml	1	0	0	1	1	8	3	16	16	16	32	5	16	0	0	1	1	0	25	0	25	313	17	0	0	0	0	0	0	0	0	0	0	0	0	0	0	0	0	0	0	0	0	0	0	0	0	0
samples/krx-tobe/pop_20150113/websquare/pop_20150113.xml	1	0	0	1	1	8	3	14	14	14	28	5	14	0	0	1	1	0	19	0	19	271	15	0	0	0	0	0	0	0	0	0	0	0	0	0	0	0	0	0	0	0	0	0	0	0	0	0
samples/krx-tobe/pop_20150114/websquare/pop_20150114.xml	1	0	0	0	0	0	2	12	12	12	24	4	12	0	0	0	0	0	19	0	19	239	12	0	0	0	0	0	0	0	0	0	0	0	0	0	0	0	0	0	0	0	0	0	0	0	0	0
samples/krx-tobe/pop_20150115/websquare/pop_20150115.xml	1	0	0	1	1	8	3	14	14	14	28	5	14	0	0	1	1	0	19	0	19	271	15	0	0	0	0	0	0	0	0	0	0	0	0	0	0	0	0	0	0	0	0	0	0	0	0	0
samples/krx-tobe/pop_20150204/websquare/pop_20150204.xml	1	0	0	1	1	8	4	17	17	17	34	6	17	0	0	1	1	3	30	3	30	346	26	0	0	0	0	0	0	0	0	0	0	0	0	0	0	0	0	0	0	0	0	0	0	0	0	0
samples/krx-tobe/pop_20150211/websquare/pop_20150211.xml	1	0	0	1	1	8	3	14	14	14	28	5	14	0	0	1	1	0	19	0	19	271	15	0	0	0	0	0	0	0	0	0	0	0	0	0	0	0	0	0	0	0	0	0	0	0	0	0
samples/krx-tobe/pop_20150217/websquare/pop_20150217.xml	1	0	0	1	1	8	3	15	15	15	30	6	15	0	0	1	1	3	21	3	21	306	16	0	0	0	0	0	0	0	0	0	0	0	0	0	0	0	0	0	0	0	0	0	0	0	0	0
samples/krx-tobe/pop_20150225/websquare/pop_20150225.xml	1	0	0	0	0	0	0	8	8	8	16	3	8	0	0	0	0	0	12	0	12	165	8	0	0	0	0	0	0	0	0	0	0	0	0	0	0	0	0	0	0	0	0	0	0	0	0	0
samples/krx-tobe/pop_20150319/websquare/pop_20150319.xml	1	0	0	1	1	8	3	18	18	18	36	5	18	0	0	1	1	0	31	0	31	355	19	0	0	0	0	0	0	0	0	0	0	0	0	0	0	0	0	0	0	0	0	0	0	0	0	0
samples/krx-tobe/pop_20151022/websquare/pop_20151022.xml	1	0	0	1	1	8	1	8	8	8	16	4	8	0	0	1	1	0	6	0	6	155	9	0	0	0	0	0	0	0	0	0	0	0	0	0	0	0	0	0	0	0	0	0	0	0	0	0
samples/krx-tobe/pop_2016011511/websquare/pop_2016011511.xml	1	0	0	1	1	8	3	15	15	15	30	6	15	0	0	1	1	3	21	3	21	306	16	0	0	0	0	0	0	0	0	0	0	0	0	0	0	0	0	0	0	0	0	0	0	0	0	0
samples/krx-tobe/pop_2016011521/websquare/pop_2016011521.xml	1	0	0	1	1	8	3	15	15	15	30	6	15	0	0	1	1	3	21	3	21	306	16	0	0	0	0	0	0	0	0	0	0	0	0	0	0	0	0	0	0	0	0	0	0	0	0	0
samples/krx-tobe/pop_20160310/websquare/pop_20160310.xml	1	0	0	0	0	0	0	8	8	8	16	3	8	0	0	0	0	0	12	0	12	165	8	0	0	0	0	0	0	0	0	0	0	0	0	0	0	0	0	0	0	0	0	0	0	0	0	0
samples/krx-tobe/pop_20160502/websquare/pop_20160502.xml	1	0	0	0	0	0	0	6	6	6	12	3	6	0	0	0	0	0	6	0	6	123	6	0	0	0	0	0	0	0	0	0	0	0	0	0	0	0	0	0	0	0	0	0	0	0	0	0
samples/krx-tobe/pop_20160926/websquare/pop_20160926.xml	1	0	0	1	1	8	1	10	10	10	20	4	10	0	0	1	1	0	12	0	12	197	11	0	0	0	0	0	0	0	0	0	0	0	0	0	0	0	0	0	0	0	0	0	0	0	0	0
samples/krx-tobe/pop_20160927/websquare/pop_20160927.xml	1	0	0	1	1	8	1	10	10	10	20	4	10	0	0	1	1	0	12	0	12	197	11	0	0	0	0	0	0	0	0	0	0	0	0	0	0	0	0	0	0	0	0	0	0	0	0	0
samples/krx-tobe/pop_2017011611/websquare/pop_2017011611.xml	1	0	0	1	1	8	3	15	15	15	30	6	15	0	0	1	1	3	21	3	21	306	16	0	0	0	0	0	0	0	0	0	0	0	0	0	0	0	0	0	0	0	0	0	0	0	0	0
samples/krx-tobe/pop_2017011621/websquare/pop_2017011621.xml	1	0	0	1	1	8	3	15	15	15	30	6	15	0	0	1	1	3	21	3	21	306	16	0	0	0	0	0	0	0	0	0	0	0	0	0	0	0	0	0	0	0	0	0	0	0	0	0
samples/krx-tobe/pop_20170309/websquare/pop_20170309.xml	1	0	0	0	0	0	0	8	8	8	16	3	8	0	0	0	0	0	12	0	12	165	8	0	0	0	0	0	0	0	0	0	0	0	0	0	0	0	0	0	0	0	0	0	0	0	0	0
samples/krx-tobe/pop_20170421/websquare/pop_20170421.xml	1	0	0	0	0	0	0	6	6	6	12	3	6	0	0	0	0	0	6	0	6	123	6	0	0	0	0	0	0	0	0	0	0	0	0	0	0	0	0	0	0	0	0	0	0	0	0	0
samples/krx-tobe/pop_20170821/websquare/pop_20170821.xml	1	0	0	1	1	8	1	10	10	10	20	4	10	0	0	1	1	0	12	0	12	197	11	0	0	0	0	0	0	0	0	0	0	0	0	0	0	0	0	0	0	0	0	0	0	0	0	0
samples/krx-tobe/pop_20170913/websquare/pop_20170913.xml	1	0	0	0	0	0	0	6	6	6	12	3	6	0	0	0	0	0	6	0	6	123	6	0	0	0	0	0	0	0	0	0	0	0	0	0	0	0	0	0	0	0	0	0	0	0	0	0
samples/krx-tobe/pop_20180314/websquare/pop_20180314.xml	1	0	0	0	0	0	0	8	8	8	16	3	8	0	0	0	0	0	12	0	12	165	8	0	0	0	0	0	0	0	0	0	0	0	0	0	0	0	0	0	0	0	0	0	0	0	0	0
samples/krx-tobe/pop_20180418/websquare/pop_20180418.xml	1	0	0	0	0	0	0	8	8	8	16	3	8	0	0	0	0	0	12	0	12	165	8	0	0	0	0	0	0	0	0	0	0	0	0	0	0	0	0	0	0	0	0	0	0	0	0	0
samples/krx-tobe/pop_20180504/websquare/pop_20180504.xml	1	0	0	1	1	8	1	10	10	10	20	4	10	0	0	1	1	0	12	0	12	197	11	0	0	0	0	0	0	0	0	0	0	0	0	0	0	0	0	0	0	0	0	0	0	0	0	0
samples/krx-tobe/pop_20180715/websquare/pop_20180715.xml	1	0	0	1	1	8	1	10	10	10	20	4	10	0	0	1	1	0	12	0	12	197	11	0	0	0	0	0	0	0	0	0	0	0	0	0	0	0	0	0	0	0	0	0	0	0	0	0
samples/krx-tobe/pop_20180920/websquare/pop_20180920.xml	1	0	0	1	1	8	1	10	10	10	20	4	10	0	0	1	1	0	12	0	12	197	11	0	0	0	0	0	0	0	0	0	0	0	0	0	0	0	0	0	0	0	0	0	0	0	0	0
samples/krx-tobe/pop_20181017/websquare/pop_20181017.xml	1	0	0	1	1	8	1	10	10	10	20	4	10	0	0	1	1	0	12	0	12	197	11	0	0	0	0	0	0	0	0	0	0	0	0	0	0	0	0	0	0	0	0	0	0	0	0	0
samples/krx-tobe/pop_20190306/websquare/pop_20190306.xml	1	0	0	0	0	0	0	8	8	8	16	3	8	0	0	0	0	0	12	0	12	165	8	0	0	0	0	0	0	0	0	0	0	0	0	0	0	0	0	0	0	0	0	0	0	0	0	0
samples/krx-tobe/pop_20190307/websquare/pop_20190307.xml	1	0	0	0	0	0	0	8	8	8	16	3	8	0	0	0	0	0	12	0	12	165	8	0	0	0	0	0	0	0	0	0	0	0	0	0	0	0	0	0	0	0	0	0	0	0	0	0
samples/krx-tobe/pop_20190425/websquare/pop_20190425.xml	1	0	0	1	1	8	1	10	10	10	20	4	10	1	0	1	1	0	12	0	12	201	11	0	0	0	0	0	0	0	0	0	0	0	0	0	0	0	0	0	0	0	0	0	0	0	0	0
samples/krx-tobe/pop_20190527/websquare/pop_20190527.xml	1	0	0	1	1	8	2	14	14	14	28	5	14	0	0	1	1	0	18	0	18	271	15	0	0	0	0	0	0	0	0	0	0	0	0	0	0	0	0	0	0	0	0	0	0	0	0	0
samples/krx-tobe/pop_20191115/websquare/pop_20191115.xml	1	0	0	0	0	0	0	2	2	2	4	2	2	0	0	0	0	0	0	0	0	52	2	0	0	0	0	0	0	0	0	0	0	0	0	0	0	0	0	0	0	0	0	0	0	0	0	0
samples/krx-tobe/pop_20200227/websquare/pop_20200227.xml	1	0	0	1	1	8	2	15	15	15	30	6	15	0	0	1	1	3	20	3	20	306	16	0	0	0	0	0	0	0	0	0	0	0	0	0	0	0	0	0	0	0	0	0	0	0	0	0
samples/krx-tobe/pop_20200302/websquare/pop_20200302.xml	1	0	0	1	1	8	2	13	13	13	26	6	13	0	0	1	1	3	14	3	14	264	14	0	0	0	0	0	0	0	0	0	0	0	0	0	0	0	0	0	0	0	0	0	0	0	0	0
samples/krx-tobe/pop_20200306/websquare/pop_20200306.xml	1	0	0	0	0	0	0	8	8	8	16	3	8	0	0	0	0	0	12	0	12	165	8	0	0	0	0	0	0	0	0	0	0	0	0	0	0	0	0	0	0	0	0	0	0	0	0	0
samples/krx-tobe/pop_20200326/websquare/pop_20200326.xml	1	0	0	1	1	8	2	13	13	13	26	6	13	0	0	1	1	3	14	3	14	264	14	0	0	0	0	0	0	0	0	0	0	0	0	0	0	0	0	0	0	0	0	0	0	0	0	0
samples/krx-tobe/pop_20210303/websquare/pop_20210303.xml	1	0	0	0	0	0	0	8	8	8	16	3	8	0	0	0	0	0	12	0	12	165	8	0	0	0	0	0	0	0	0	0	0	0	0	0	0	0	0	0	0	0	0	0	0	0	0	0
samples/krx-tobe/pop_20210309/websquare/pop_20210309.xml	1	0	0	0	0	0	0	8	8	8	16	3	8	0	0	0	0	0	12	0	12	165	8	0	0	0	0	0	0	0	0	0	0	0	0	0	0	0	0	0	0	0	0	0	0	0	0	0
samples/krx-tobe/pop_92011/websquare/pop_92011.xml	1	0	0	0	0	0	1	6	6	6	12	3	6	0	0	0	0	0	6	0	6	124	6	0	0	0	0	0	0	0	0	0	0	0	0	0	0	0	0	0	0	0	0	0	0	0	0	0
samples/krx-tobe/pop_annualfeepay1/websquare/pop_annualfeepay1.xml	1	0	0	1	1	8	2	13	13	13	26	6	13	0	0	1	1	3	14	3	14	264	14	0	0	0	0	0	0	0	0	0	0	0	0	0	0	0	0	0	0	0	0	0	0	0	0	0
samples/krx-tobe/pop_annualfeepay2/websquare/pop_annualfeepay2.xml	1	0	0	1	1	8	3	13	13	13	26	6	13	0	0	1	1	3	15	3	15	264	14	0	0	0	0	0	0	0	0	0	0	0	0	0	0	0	0	0	0	0	0	0	0	0	0	0
samples/krx-tobe/pop_elwnotice/websquare/pop_elwnotice.xml	1	0	0	0	0	0	4	10	10	10	20	4	10	0	0	0	0	10	31	10	31	268	20	0	0	0	0	0	0	0	0	0	0	0	0	0	0	0	0	0	0	0	0	0	0	0	0	0
samples/krx-tobe/pop_emergency/websquare/pop_emergency.xml	1	0	0	1	1	8	1	8	8	8	16	4	8	0	0	1	1	0	6	0	6	155	9	0	0	0	0	0	0	0	0	0	0	0	0	0	0	0	0	0	0	0	0	0	0	0	0	0
samples/krx-tobe/pop_emergency1/websquare/pop_emergency1.xml	1	0	0	1	1	8	2	10	10	10	20	5	10	0	0	1	1	0	9	0	9	192	11	0	0	0	0	0	0	0	0	0	0	0	0	0	0	0	0	0	0	0	0	0	0	0	0	0
samples/krx-tobe/pop_emergency20140228/websquare/pop_emergency20140228.xml	1	0	0	1	1	8	1	7	7	7	14	4	7	0	0	1	1	0	3	0	3	134	8	0	0	0	0	0	0	0	0	0	0	0	0	0	0	0	0	0	0	0	0	0	0	0	0	0
samples/krx-tobe/pop_emergency20140730/websquare/pop_emergency20140730.xml	1	0	0	1	1	8	1	7	7	7	14	4	7	0	0	1	1	0	3	0	3	134	8	0	0	0	0	0	0	0	0	0	0	0	0	0	0	0	0	0	0	0	0	0	0	0	0	0
samples/krx-tobe/pop_emergency20140820/websquare/pop_emergency20140820.xml	1	0	0	1	1	8	1	8	8	8	16	4	8	0	0	1	1	0	6	0	6	155	9	0	0	0	0	0	0	0	0	0	0	0	0	0	0	0	0	0	0	0	0	0	0	0	0	0
samples/krx-tobe/pop_emergency20140927/websquare/pop_emergency20140927.xml	1	0	0	1	1	8	1	8	8	8	16	4	8	0	0	1	1	0	6	0	6	155	9	0	0	0	0	0	0	0	0	0	0	0	0	0	0	0	0	0	0	0	0	0	0	0	0	0
samples/krx-tobe/pop_emergency20141010/websquare/pop_emergency20141010.xml	1	0	0	1	1	8	1	8	8	8	16	4	8	0	0	1	1	0	6	0	6	155	9	0	0	0	0	0	0	0	0	0	0	0	0	0	0	0	0	0	0	0	0	0	0	0	0	0
samples/krx-tobe/pop_emergency20141030/websquare/pop_emergency20141030.xml	1	0	0	1	1	8	1	8	8	8	16	4	8	0	0	1	1	0	6	0	6	155	9	0	0	0	0	0	0	0	0	0	0	0	0	0	0	0	0	0	0	0	0	0	0	0	0	0
samples/krx-tobe/pop_emergency20150905/websquare/pop_emergency20150905.xml	1	0	0	1	1	8	1	8	8	8	16	4	8	0	0	1	1	0	6	0	6	155	9	0	0	0	0	0	0	0	0	0	0	0	0	0	0	0	0	0	0	0	0	0	0	0	0	0
samples/krx-tobe/pop_emergency20151002/websquare/pop_emergency20151002.xml	1	0	0	1	1	8	1	8	8	8	16	4	8	0	0	1	1	0	6	0	6	155	9	0	0	0	0	0	0	0	0	0	0	0	0	0	0	0	0	0	0	0	0	0	0	0	0	0
samples/krx-tobe/pop_emergency20160618/websquare/pop_emergency20160618.xml	1	0	0	1	1	8	1	8	8	8	16	4	8	0	0	1	1	0	6	0	6	155	9	0	0	0	0	0	0	0	0	0	0	0	0	0	0	0	0	0	0	0	0	0	0	0	0	0
samples/krx-tobe/pop_emergency20160715/websquare/pop_emergency20160715.xml	1	0	0	1	1	8	1	8	8	8	16	4	8	0	0	1	1	0	6	0	6	155	9	0	0	0	0	0	0	0	0	0	0	0	0	0	0	0	0	0	0	0	0	0	0	0	0	0
samples/krx-tobe/pop_emergency20160827/websquare/pop_emergency20160827.xml	1	0	0	1	1	8	1	8	8	8	16	4	8	0	0	1	1	0	6	0	6	155	9	0	0	0	0	0	0	0	0	0	0	0	0	0	0	0	0	0	0	0	0	0	0	0	0	0
samples/krx-tobe/pop_emergency20161210/websquare/pop_emergency20161210.xml	1	0	0	1	1	8	1	8	8	8	16	4	8	0	0	1	1	0	6	0	6	155	9	0	0	0	0	0	0	0	0	0	0	0	0	0	0	0	0	0	0	0	0	0	0	0	0	0
samples/krx-tobe/pop_emergency20170902/websquare/pop_emergency20170902.xml	1	0	0	1	1	8	1	8	8	8	16	4	8	0	0	1	1	0	6	0	6	155	9	0	0	0	0	0	0	0	0	0	0	0	0	0	0	0	0	0	0	0	0	0	0	0	0	0
samples/krx-tobe/pop_emergency20180127/websquare/pop_emergency20180127.xml	1	0	0	1	1	8	1	8	8	8	16	4	8	0	0	1	1	0	6	0	6	155	9	0	0	0	0	0	0	0	0	0	0	0	0	0	0	0	0	0	0	0	0	0	0	0	0	0
samples/krx-tobe/pop_emergency20181117/websquare/pop_emergency20181117.xml	1	0	0	1	1	8	1	8	8	8	16	4	8	0	0	1	1	0	6	0	6	155	9	0	0	0	0	0	0	0	0	0	0	0	0	0	0	0	0	0	0	0	0	0	0	0	0	0
samples/krx-tobe/pop_emergency20190223/websquare/pop_emergency20190223.xml	1	0	0	1	1	8	1	8	8	8	16	4	8	0	0	1	1	0	6	0	6	155	9	0	0	0	0	0	0	0	0	0	0	0	0	0	0	0	0	0	0	0	0	0	0	0	0	0
samples/krx-tobe/pop_emergency_01/websquare/pop_emergency_01.xml	1	0	0	1	1	8	3	10	10	10	20	6	10	0	0	1	1	3	16	3	16	216	11	0	0	0	0	0	0	0	0	0	0	0	0	0	0	0	0	0	0	0	0	0	0	0	0	0
samples/krx-tobe/pop_emergency_bnd/websquare/pop_emergency_bnd.xml	1	0	0	1	1	8	2	10	10	10	20	5	10	0	0	1	1	0	9	0	9	192	11	0	0	0	0	0	0	0	0	0	0	0	0	0	0	0	0	0	0	0	0	0	0	0	0	0
samples/krx-tobe/pop_emergency_dr/websquare/pop_emergency_dr.xml	1	0	0	1	1	8	1	8	8	8	16	4	8	0	0	1	1	0	6	0	6	155	9	0	0	0	0	0	0	0	0	0	0	0	0	0	0	0	0	0	0	0	0	0	0	0	0	0
samples/krx-tobe/pop_emergency_elecsecu/websquare/pop_emergency_elecsecu.xml	1	0	0	1	1	8	3	10	10	10	20	6	10	0	0	1	1	3	16	3	16	216	11	0	0	0	0	0	0	0	0	0	0	0	0	0	0	0	0	0	0	0	0	0	0	0	0	0
samples/krx-tobe/pop_emergency_list/websquare/pop_emergency_list.xml	1	0	0	1	1	8	2	9	9	9	18	3	9	0	0	1	1	0	6	0	6	177	10	0	0	0	0	0	0	0	0	0	0	0	0	0	0	0	0	0	0	0	0	0	0	0	0	0
samples/krx-tobe/pop_emergency_nprotect/websquare/pop_emergency_nprotect.xml	1	0	0	1	1	8	2	10	10	10	20	5	10	0	0	1	1	0	9	0	9	192	11	0	0	0	0	0	0	0	0	0	0	0	0	0	0	0	0	0	0	0	0	0	0	0	0	0
samples/krx-tobe/pop_emergency_stdcdsystem/websquare/pop_emergency_stdcdsystem.xml	1	0	0	1	1	8	2	10	10	10	20	5	10	0	0	1	1	0	9	0	9	193	11	0	0	0	0	0	0	0	0	0	0	0	0	0	0	0	0	0	0	0	0	0	0	0	0	0
samples/krx-tobe/pop_emergency_time/websquare/pop_emergency_time.xml	1	0	0	1	1	8	3	9	9	9	18	6	9	0	0	1	1	3	13	3	13	195	10	0	0	0	0	0	0	0	0	0	0	0	0	0	0	0	0	0	0	0	0	0	0	0	0	0
samples/krx-tobe/pop_emergency_tls/websquare/pop_emergency_tls.xml	1	0	0	1	1	8	2	9	9	9	18	5	9	0	0	1	1	1	14	1	14	182	13	0	0	0	0	0	0	0	0	0	0	0	0	0	0	0	0	0	0	0	0	0	0	0	0	0
samples/krx-tobe/pop_etnnotice/websquare/pop_etnnotice.xml	1	0	0	0	0	0	1	12	12	12	24	7	12	1	0	0	0	8	21	8	21	288	19	0	0	0	0	0	0	0	0	0	0	0	0	0	0	0	0	0	0	0	0	0	0	0	0	0
samples/krx-tobe/pop_excelupload/websquare/pop_excelupload.xml	1	0	0	0	0	2	3	8	8	8	16	5	8	0	0	0	0	1	12	1	12	195	11	0	0	0	0	0	0	0	0	0	0	0	0	0	0	0	0	0	0	0	0	0	0	0	0	0
samples/krx-tobe/pop_exceluploadresult/websquare/pop_exceluploadresult.xml	1	0	0	0	0	0	1	12	12	12	24	9	12	0	0	0	0	5	21	5	21	282	15	0	0	0	0	0	0	0	0	0	0	0	0	0	0	0	0	0	0	0	0	0	0	0	0	0
samples/krx-tobe/pop_feeinfo/websquare/pop_feeinfo.xml	1	0	0	1	1	8	3	10	10	10	20	4	10	0	0	1	1	0	9	0	9	202	11	0	0	0	0	0	0	0	0	0	0	0	0	0	0	0	0	0	0	0	0	0	0	0	0	0
samples/krx-tobe/pop_feeinfo2/websquare/pop_feeinfo2.xml	1	0	0	1	1	8	3	9	9	9	18	4	9	0	0	1	1	0	6	0	6	181	10	0	0	0	0	0	0	0	0	0	0	0	0	0	0	0	0	0	0	0	0	0	0	0	0	0
samples/krx-tobe/pop_layout/websquare/pop_layout.xml	1	0	0	0	0	0	0	3	3	3	6	3	3	0	0	0	0	0	0	0	0	67	3	0	0	0	0	0	0	0	0	0	0	0	0	0	0	0	0	0	0	0	0	0	0	0	0	0
samples/krx-tobe/pop_layout_new/websquare/pop_layout_new.xml	1	0	0	0	0	0	0	3	3	3	6	3	3	0	0	0	0	0	0	0	0	67	3	0	0	0	0	0	0	0	0	0	0	0	0	0	0	0	0	0	0	0	0	0	0	0	0	0
samples/krx-tobe/pop_main_layout/websquare/pop_main_layout.xml	1	0	0	0	0	0	0	4	4	4	8	4	4	0	0	0	0	0	0	0	0	88	4	0	0	0	0	0	0	0	0	0	0	0	0	0	0	0	0	0	0	0	0	0	0	0	0	0
samples/krx-tobe/pop_mirandarule/websquare/pop_mirandarule.xml	1	0	0	0	0	0	0	8	8	8	16	3	8	0	0	0	0	0	12	0	12	165	8	0	0	0	0	0	0	0	0	0	0	0	0	0	0	0	0	0	0	0	0	0	0	0	0	0
samples/krx-tobe/pop_mod_layout/websquare/pop_mod_layout.xml	1	0	0	0	0	0	0	4	4	4	8	4	4	0	0	0	0	0	0	0	0	86	4	0	0	0	0	0	0	0	0	0	0	0	0	0	0	0	0	0	0	0	0	0	0	0	0	0
samples/krx-tobe/pop_normal/websquare/pop_normal.xml	1	0	0	0	0	0	0	6	6	6	12	3	6	0	0	0	0	0	6	0	6	123	6	0	0	0	0	0	0	0	0	0	0	0	0	0	0	0	0	0	0	0	0	0	0	0	0	0
samples/krx-tobe/pop_noticeinfo/websquare/pop_noticeinfo.xml	1	0	0	1	1	8	2	11	11	11	22	4	11	0	0	1	1	0	12	0	12	219	12	0	0	0	0	0	0	0	0	0	0	0	0	0	0	0	0	0	0	0	0	0	0	0	0	0
samples/krx-tobe/pop_req_layout/websquare/pop_req_layout.xml	1	0	0	0	0	0	0	4	4	4	8	4	4	0	0	0	0	0	0	0	0	88	4	0	0	0	0	0	0	0	0	0	0	0	0	0	0	0	0	0	0	0	0	0	0	0	0	0
samples/krx-tobe/pop_roadnmaddrchgappl/websquare/pop_roadnmaddrchgappl.xml	1	0	0	2	2	19	8	14	14	14	28	7	14	0	0	2	2	14	37	14	37	377	25	0	0	0	0	0	0	0	0	0	0	0	0	0	0	0	0	0	0	0	0	0	0	0	3	0
samples/krx-tobe/pop_search_layout/websquare/pop_search_layout.xml	1	0	0	0	0	0	0	4	4	4	8	4	4	0	0	0	0	0	0	0	0	88	4	0	0	0	0	0	0	0	0	0	0	0	0	0	0	0	0	0	0	0	0	0	0	0	0	0
samples/krx-tobe/pop_substituteinfopop/websquare/pop_substituteinfopop.xml	1	0	0	1	1	8	3	12	12	12	24	6	12	0	0	1	1	10	24	10	24	305	17	0	0	0	0	0	0	0	0	0	0	0	0	0	0	0	0	0	0	0	0	0	0	0	0	0
samples/krx-tobe/pop_telno/websquare/pop_telno.xml	1	0	0	0	0	0	0	4	4	4	8	3	4	0	0	0	0	0	3	0	3	87	4	0	0	0	0	0	0	0	0	0	0	0	0	0	0	0	0	0	0	0	0	0	0	0	0	0
samples/krx-tobe/pop_tempholiday/websquare/pop_tempholiday.xml	1	0	0	0	0	0	0	6	6	6	12	3	6	0	0	0	0	0	6	0	6	123	6	0	0	0	0	0	0	0	0	0	0	0	0	0	0	0	0	0	0	0	0	0	0	0	0	0
samples/krx-tobe/pop_template/websquare/pop_template.xml	1	0	0	0	0	0	0	3	3	3	6	2	3	0	0	0	0	0	3	0	3	72	3	0	0	0	0	0	0	0	0	0	0	0	0	0	0	0	0	0	0	0	0	0	0	0	0	0
samples/krx-tobe/pop_tls/websquare/pop_tls.xml	1	0	0	1	1	8	2	12	12	12	24	5	12	1	0	1	1	0	15	0	15	239	16	0	0	0	0	0	0	0	0	0	0	0	0	0	0	0	0	0	0	0	0	0	0	0	0	0
samples/krx-tobe/pop_tlsinfo/websquare/pop_tlsinfo.xml	1	0	0	1	1	8	4	11	11	11	22	5	11	0	0	1	1	1	17	1	17	229	15	0	0	0	0	0	0	0	0	0	0	0	0	0	0	0	0	0	0	0	0	0	0	0	0	0
samples/krx-tobe/pop_tobesite/websquare/pop_tobesite.xml	1	0	0	0	0	0	0	3	3	3	6	3	3	1	0	0	0	0	0	0	0	72	3	0	0	0	0	0	0	0	0	0	0	0	0	0	0	0	0	0	0	0	0	0	0	0	0	0
samples/krx-tobe/pop_uploadci/websquare/pop_uploadci.xml	1	0	0	0	0	2	4	7	7	7	14	5	7	0	0	0	0	2	7	2	7	189	13	0	0	0	0	0	0	0	0	0	0	0	0	0	0	0	0	0	0	0	0	0	0	0	0	0
samples/krx-tobe/pop_userguide/websquare/pop_userguide.xml	1	0	0	0	0	0	0	9	9	9	18	2	9	0	0	0	0	1	19	1	19	201	9	0	0	0	0	0	0	0	0	0	0	0	0	0	0	0	0	0	0	0	0	0	0	0	0	0
samples/krx-tobe/pop_workshopnotikosdaq/websquare/pop_workshopnotikosdaq.xml	1	0	0	1	1	8	1	10	10	10	20	4	10	0	0	1	1	0	12	0	12	197	11	0	0	0	0	0	0	0	0	0	0	0	0	0	0	0	0	0	0	0	0	0	0	0	0	0
samples/krx-tobe/pop_workshopnotikospi/websquare/pop_workshopnotikospi.xml	1	0	0	1	1	8	1	10	10	10	20	4	10	0	0	1	1	0	12	0	12	197	11	0	0	0	0	0	0	0	0	0	0	0	0	0	0	0	0	0	0	0	0	0	0	0	0	0
samples/krx-tobe/pop_workshopnotikospi_2018/websquare/pop_workshopnotikospi_2018.xml	1	0	0	1	1	8	1	10	10	10	20	4	10	0	0	1	1	0	12	0	12	197	11	0	0	0	0	0	0	0	0	0	0	0	0	0	0	0	0	0	0	0	0	0	0	0	0	0
samples/krx-tobe/pop_workshopnotikospi_2019/websquare/pop_workshopnotikospi_2019.xml	1	0	0	1	1	8	1	10	10	10	20	4	10	0	0	1	1	0	12	0	12	197	11	0	0	0	0	0	0	0	0	0	0	0	0	0	0	0	0	0	0	0	0	0	0	0	0	0
samples/krx-tobe/procdisclsapproval/websquare/procdisclsapproval.xml	1	0	0	0	0	0	1	4	4	4	8	3	4	0	0	0	0	0	5	0	5	92	4	0	0	0	0	0	0	0	0	0	0	0	0	0	0	0	0	0	0	0	0	0	0	0	0	0
samples/krx-tobe/procregaldisclsrteschdl/websquare/procregaldisclsrteschdl.xml	1	0	0	0	0	0	1	4	4	4	8	3	4	0	0	0	0	0	5	0	5	92	4	0	0	0	0	0	0	0	0	0	0	0	0	0	0	0	0	0	0	0	0	0	0	0	0	0
samples/krx-tobe/procregaldisclsrteschdlreceiver/websquare/procregaldisclsrteschdlreceiver.xml	1	0	0	0	0	0	0	2	2	2	4	2	2	0	0	0	0	0	0	0	0	52	2	0	0	0	0	0	0	0	0	0	0	0	0	0	0	0	0	0	0	0	0	0	0	0	0	0
samples/krx-tobe/procreservdisclsapproval/websquare/procreservdisclsapproval.xml	1	0	0	0	0	0	1	4	4	4	8	3	4	0	0	0	0	0	5	0	5	92	4	0	0	0	0	0	0	0	0	0	0	0	0	0	0	0	0	0	0	0	0	0	0	0	0	0
samples/krx-tobe/progress_bar/websquare/progress_bar.xml	1	0	0	0	0	0	1	3	3	3	6	2	3	0	0	0	0	0	3	0	3	86	3	0	0	0	0	0	0	0	0	0	0	0	0	0	0	0	0	0	0	0	0	0	0	0	0	0
samples/krx-tobe/progress_blank_pop/websquare/progress_blank_pop.xml	1	0	0	0	0	0	0	4	4	4	8	3	4	0	0	0	0	0	3	0	3	103	4	0	0	0	0	0	0	0	0	0	0	0	0	0	0	0	0	0	0	0	0	0	0	0	0	0
samples/krx-tobe/prvcerttest/websquare/prvcerttest.xml	1	0	0	0	0	0	0	12	12	12	24	5	12	0	0	0	0	2	19	2	19	275	12	0	0	0	0	0	0	0	0	0	0	0	0	0	0	0	0	0	0	0	0	0	0	0	0	0
samples/krx-tobe/pwcheck/websquare/pwcheck.xml	1	0	0	0	0	0	0	2	2	2	4	2	2	0	0	0	0	0	0	0	0	52	2	0	0	0	0	0	0	0	0	0	0	0	0	0	0	0	0	0	0	0	0	0	0	0	0	0
samples/krx-tobe/pwchgmandtryscren/websquare/pwchgmandtryscren.xml	1	0	0	0	0	0	3	9	9	9	18	7	9	0	0	0	0	0	13	0	13	221	10	0	0	0	0	0	0	0	0	0	0	0	0	0	0	0	0	0	0	0	0	0	0	0	0	0
samples/krx-tobe/pwchgresult/websquare/pwchgresult.xml	1	0	0	0	0	0	2	6	6	6	12	5	6	0	0	0	0	0	4	0	4	125	7	0	0	0	0	0	0	0	0	0	0	0	0	0	0	0	0	0	0	0	0	0	0	0	0	0
samples/krx-tobe/pwhashencmig/websquare/pwhashencmig.xml	1	0	0	0	0	0	1	7	7	7	14	5	7	0	0	0	0	2	10	2	10	154	12	0	0	0	0	0	0	0	0	0	0	0	0	0	0	0	0	0	0	0	0	0	0	0	0	0
samples/krx-tobe/register_layout/websquare/register_layout.xml	1	0	0	0	0	0	1	10	10	10	20	3	10	0	0	0	0	7	31	7	31	252	13	0	0	0	0	0	0	0	0	0	0	0	0	0	0	0	0	0	0	0	0	0	0	0	0	0
samples/krx-tobe/repformveryndata/websquare/repformveryndata.xml	1	0	0	0	0	0	0	2	2	2	4	2	2	0	0	0	0	0	0	0	0	52	2	0	0	0	0	0	0	0	0	0	0	0	0	0	0	0	0	0	0	0	0	0	0	0	0	0
samples/krx-tobe/result_01/websquare/result_01.xml	1	0	0	0	0	0	0	2	2	2	4	2	2	0	0	0	0	0	0	0	0	52	2	0	0	0	0	0	0	0	0	0	0	0	0	0	0	0	0	0	0	0	0	0	0	0	0	0
samples/krx-tobe/result_02/websquare/result_02.xml	1	0	0	0	0	0	0	2	2	2	4	2	2	0	0	0	0	0	0	0	0	52	2	0	0	0	0	0	0	0	0	0	0	0	0	0	0	0	0	0	0	0	0	0	0	0	0	0
samples/krx-tobe/result_leadcom/websquare/result_leadcom.xml	1	0	0	0	0	0	2	7	7	7	14	4	7	0	0	0	0	2	8	2	8	145	8	0	0	0	0	0	0	0	0	0	0	0	0	0	0	0	0	0	0	0	0	0	0	0	0	0
samples/krx-tobe/result_roadzipcode/websquare/result_roadzipcode.xml	1	0	0	0	0	0	2	7	7	7	14	6	7	0	0	0	0	4	9	4	9	165	10	0	0	0	0	0	0	0	0	0	0	0	0	0	0	0	0	0	0	0	0	0	0	0	0	0
samples/krx-tobe/result_zipcode/websquare/result_zipcode.xml	1	0	0	0	0	0	3	9	9	9	18	6	9	0	0	0	0	11	31	11	31	262	20	0	0	0	0	0	0	0	0	0	0	0	0	0	0	0	0	0	0	0	0	0	0	0	0	0
samples/krx-tobe/resultdart/websquare/resultdart.xml	1	0	0	0	0	0	0	2	2	2	4	2	2	0	0	0	0	0	0	0	0	52	2	0	0	0	0	0	0	0	0	0	0	0	0	0	0	0	0	0	0	0	0	0	0	0	0	0
samples/krx-tobe/resultformdata/websquare/resultformdata.xml	1	0	0	0	0	0	0	2	2	2	4	2	2	0	0	0	0	0	0	0	0	52	2	0	0	0	0	0	0	0	0	0	0	0	0	0	0	0	0	0	0	0	0	0	0	0	0	0
samples/krx-tobe/resultrelatedinfo/websquare/resultrelatedinfo.xml	1	0	0	0	0	0	0	2	2	2	4	2	2	0	0	0	0	0	0	0	0	52	2	0	0	0	0	0	0	0	0	0	0	0	0	0	0	0	0	0	0	0	0	0	0	0	0	0
samples/krx-tobe/rexpreview/websquare/rexpreview.xml	1	0	0	0	0	0	13	14	14	14	28	9	14	0	0	31	31	21	6	21	6	913	23	0	0	0	0	0	0	0	0	0	0	0	0	0	0	0	0	0	0	0	0	0	0	0	0	0
samples/krx-tobe/right_menu/websquare/right_menu.xml	1	0	0	0	0	0	0	2	2	2	4	2	2	0	0	0	0	0	0	0	0	52	2	0	0	0	0	0	0	0	0	0	0	0	0	0	0	0	0	0	0	0	0	0	0	0	0	0
samples/krx-tobe/sample/websquare/sample.xml	1	0	0	0	0	0	0	2	2	2	4	2	2	0	0	0	0	0	0	0	0	52	2	0	0	0	0	0	0	0	0	0	0	0	0	0	0	0	0	0	0	0	0	0	0	0	0	0
samples/krx-tobe/searchdisclsinfo/websquare/searchdisclsinfo.xml	1	0	0	0	0	0	0	3	3	3	6	2	3	0	0	0	0	0	2	0	2	74	3	0	0	0	0	0	0	0	0	0	0	0	0	0	0	0	0	0	0	0	0	0	0	0	0	0
samples/krx-tobe/searchid/websquare/searchid.xml	1	0	0	0	0	1	3	11	11	11	22	7	11	0	0	0	0	4	20	4	20	270	12	0	0	0	0	0	0	0	0	0	0	0	0	0	0	0	0	0	0	0	0	0	0	0	0	0
samples/krx-tobe/searchidlist/websquare/searchidlist.xml	1	0	0	0	0	0	0	7	7	7	14	5	7	0	0	0	0	1	6	1	6	165	7	0	0	0	0	0	0	0	0	0	0	0	0	0	0	0	0	0	0	0	0	0	0	0	0	0
samples/krx-tobe/searchmainirschedule/websquare/searchmainirschedule.xml	1	0	0	0	0	9	3	4	4	4	8	3	4	0	0	0	0	10	19	10	19	156	16	0	0	0	0	0	0	0	0	0	0	0	0	0	0	0	0	0	0	0	0	0	0	0	0	0
samples/krx-tobe/searchmainschedule/websquare/searchmainschedule.xml	1	0	0	0	0	9	3	5	5	5	10	3	5	0	0	0	0	10	22	10	22	176	19	0	0	0	0	0	0	0	0	0	0	0	0	0	0	0	0	0	0	0	0	0	0	0	0	0
samples/krx-tobe/searchprice/websquare/searchprice.xml	1	0	0	0	0	0	1	5	5	5	10	5	5	0	0	0	0	5	9	5	9	132	24	0	0	0	0	0	0	0	0	0	0	0	0	0	0	0	0	0	0	0	0	0	0	0	0	0
samples/krx-tobe/searchscren/websquare/searchscren.xml	1	0	0	0	0	2	0	9	9	9	18	6	9	0	0	0	0	1	3	1	3	195	9	0	0	0	0	0	0	0	0	0	0	0	0	0	0	0	0	0	0	0	0	0	0	0	0	0
samples/krx-tobe/secu_common_body/websquare/secu_common_body.xml	1	0	0	0	0	0	0	2	2	2	4	2	2	0	0	0	0	0	0	0	0	52	2	0	0	0	0	0	0	0	0	0	0	0	0	0	0	0	0	0	0	0	0	0	0	0	0	0
samples/krx-tobe/sendbzdatedata/websquare/sendbzdatedata.xml	1	0	0	0	0	0	0	2	2	2	4	2	2	0	0	0	0	0	0	0	0	52	2	0	0	0	0	0	0	0	0	0	0	0	0	0	0	0	0	0	0	0	0	0	0	0	0	0
samples/krx-tobe/senddata/websquare/senddata.xml	1	0	0	0	0	0	0	2	2	2	4	2	2	0	0	0	0	0	0	0	0	52	2	0	0	0	0	0	0	0	0	0	0	0	0	0	0	0	0	0	0	0	0	0	0	0	0	0
samples/krx-tobe/sendearlyredmptdata/websquare/sendearlyredmptdata.xml	1	0	0	0	0	0	0	2	2	2	4	2	2	0	0	0	0	0	0	0	0	52	2	0	0	0	0	0	0	0	0	0	0	0	0	0	0	0	0	0	0	0	0	0	0	0	0	0
samples/krx-tobe/sendmail/websquare/sendmail.xml	1	0	0	0	0	0	1	8	8	8	16	3	8	0	0	0	0	5	12	5	12	204	8	0	0	0	0	0	0	0	0	0	0	0	0	0	0	0	0	0	0	0	0	0	0	0	0	0
samples/krx-tobe/sendmail_1/websquare/sendmail_1.xml	1	0	0	0	0	0	1	3	3	3	6	3	3	0	0	0	0	2	4	2	4	78	4	0	0	0	0	0	0	0	0	0	0	0	0	0	0	0	0	0	0	0	0	0	0	0	0	0
samples/krx-tobe/sendresult/websquare/sendresult.xml	1	0	0	0	0	0	0	2	2	2	4	2	2	0	0	0	0	0	0	0	0	52	2	0	0	0	0	0	0	0	0	0	0	0	0	0	0	0	0	0	0	0	0	0	0	0	0	0
samples/krx-tobe/sendresultbdchrg/websquare/sendresultbdchrg.xml	1	0	0	0	0	0	0	2	2	2	4	2	2	0	0	0	0	0	0	0	0	52	2	0	0	0	0	0	0	0	0	0	0	0	0	0	0	0	0	0	0	0	0	0	0	0	0	0
samples/krx-tobe/sendresultserviced/websquare/sendresultserviced.xml	1	0	0	0	0	0	0	2	2	2	4	2	2	0	0	0	0	0	0	0	0	52	2	0	0	0	0	0	0	0	0	0	0	0	0	0	0	0	0	0	0	0	0	0	0	0	0	0
samples/krx-tobe/sendsrtydata/websquare/sendsrtydata.xml	1	0	0	0	0	0	0	2	2	2	4	2	2	0	0	0	0	0	0	0	0	52	2	0	0	0	0	0	0	0	0	0	0	0	0	0	0	0	0	0	0	0	0	0	0	0	0	0
samples/krx-tobe/servercheck/websquare/servercheck.xml	1	0	0	0	0	0	0	2	2	2	4	2	2	0	0	0	0	0	0	0	0	52	2	0	0	0	0	0	0	0	0	0	0	0	0	0	0	0	0	0	0	0	0	0	0	0	0	0
samples/krx-tobe/serverinfo/websquare/serverinfo.xml	1	0	0	0	0	0	0	2	2	2	4	2	2	0	0	0	0	0	0	0	0	52	2	0	0	0	0	0	0	0	0	0	0	0	0	0	0	0	0	0	0	0	0	0	0	0	0	0
samples/krx-tobe/siseajax/websquare/siseajax.xml	1	0	0	0	0	0	2	15	15	15	30	6	15	0	0	0	0	3	4	3	4	329	17	0	0	0	0	0	0	0	0	0	0	0	0	0	0	0	0	0	0	0	0	0	0	0	0	0
samples/krx-tobe/sitemap/websquare/sitemap.xml	1	0	0	0	0	0	0	221	221	221	442	2	221	0	0	0	0	0	654	0	654	4645	221	0	0	0	0	0	0	0	0	0	0	0	0	0	0	0	0	0	0	0	0	0	0	0	0	0
samples/krx-tobe/sms_send/websquare/sms_send.xml	1	0	0	0	0	0	0	2	2	2	4	2	2	0	0	0	0	0	0	0	0	52	2	0	0	0	0	0	0	0	0	0	0	0	0	0	0	0	0	0	0	0	0	0	0	0	0	0
samples/krx-tobe/sms_srh/websquare/sms_srh.xml	1	0	0	0	0	0	0	9	9	9	18	7	9	0	0	0	0	3	12	3	12	218	12	0	0	0	0	0	0	0	0	0	0	0	0	0	0	0	0	0	0	0	0	0	0	0	0	0
samples/krx-tobe/sockettest/websquare/sockettest.xml	1	0	0	0	0	0	0	6	6	6	12	4	6	0	0	0	0	1	5	1	5	135	6	0	0	0	0	0	0	0	0	0	0	0	0	0	0	0	0	0	0	0	0	0	0	0	0	0
samples/krx-tobe/split_redmpt_data/websquare/split_redmpt_data.xml	1	0	0	0	0	0	0	2	2	2	4	2	2	0	0	0	0	0	0	0	0	52	2	0	0	0	0	0	0	0	0	0	0	0	0	0	0	0	0	0	0	0	0	0	0	0	0	0
samples/krx-tobe/sri_data/websquare/sri_data.xml	1	0	0	0	0	0	0	2	2	2	4	2	2	0	0	0	0	0	0	0	0	52	2	0	0	0	0	0	0	0	0	0	0	0	0	0	0	0	0	0	0	0	0	0	0	0	0	0
samples/krx-tobe/sslreturnpage/websquare/sslreturnpage.xml	1	0	0	0	0	0	2	5	5	5	10	5	5	0	0	0	0	2	7	2	7	120	6	0	0	0	0	0	0	0	0	0	0	0	0	0	0	0	0	0	0	0	0	0	0	0	0	0
samples/krx-tobe/status_left_menu/websquare/status_left_menu.xml	1	0	0	1	1	8	3	9	9	9	18	4	9	0	0	1	1	6	26	6	26	232	22	0	0	0	0	0	0	0	0	0	0	0	0	0	0	0	0	0	0	0	0	0	0	0	0	0
samples/krx-tobe/stdcd/websquare/stdcd.xml	1	0	0	0	0	0	0	2	2	2	4	2	2	0	0	0	0	0	0	0	0	52	2	0	0	0	0	0	0	0	0	0	0	0	0	0	0	0	0	0	0	0	0	0	0	0	0	0
samples/krx-tobe/sub_footer/websquare/sub_footer.xml	1	0	0	0	0	0	0	3	3	3	6	2	3	0	0	0	0	0	3	0	3	72	3	0	0	0	0	0	0	0	0	0	0	0	0	0	0	0	0	0	0	0	0	0	0	0	0	0
samples/krx-tobe/sub_header/websquare/sub_header.xml	1	0	0	0	0	0	4	77	77	77	154	7	77	0	0	0	0	12	230	12	230	1681	98	0	0	0	0	0	0	0	0	0	0	0	0	0	0	0	0	0	0	0	0	0	0	0	0	0
samples/krx-tobe/sub_layout/websquare/sub_layout.xml	1	0	0	0	0	0	0	2	2	2	4	2	2	0	0	0	0	0	0	0	0	52	2	0	0	0	0	0	0	0	0	0	0	0	0	0	0	0	0	0	0	0	0	0	0	0	0	0
samples/krx-tobe/sub_layout1/websquare/sub_layout1.xml	1	0	0	0	0	0	1	11	11	11	22	4	11	0	0	0	0	3	26	3	26	259	20	0	0	0	0	0	0	0	0	0	0	0	0	0	0	0	0	0	0	0	0	0	0	0	0	0
samples/krx-tobe/sub_left_menu/websquare/sub_left_menu.xml	1	0	0	1	1	8	3	13	13	13	26	5	13	0	0	1	1	10	41	10	41	344	92	0	0	0	0	0	0	0	0	0	0	0	0	0	0	0	0	0	0	0	0	0	0	0	0	0
samples/krx-tobe/sub_menu/websquare/sub_menu.xml	1	0	0	0	0	0	0	2	2	2	4	2	2	0	0	0	0	0	0	0	0	52	2	0	0	0	0	0	0	0	0	0	0	0	0	0	0	0	0	0	0	0	0	0	0	0	0	0
samples/krx-tobe/sub_quick/websquare/sub_quick.xml	1	0	0	0	0	0	4	7	7	7	14	7	7	0	0	0	0	0	19	0	19	176	10	0	0	0	0	0	0	0	0	0	0	0	0	0	0	0	0	0	0	0	0	0	0	0	0	0
samples/krx-tobe/sub_template/websquare/sub_template.xml	1	0	0	0	0	0	5	6	6	6	12	5	6	0	0	0	0	12	23	12	23	208	123	0	0	0	0	0	0	0	0	0	0	0	0	0	0	0	0	0	0	0	0	0	0	0	0	0
samples/krx-tobe/sub_template2/websquare/sub_template2.xml	1	0	0	0	0	0	0	2	2	2	4	2	2	0	0	0	0	0	0	0	0	52	2	0	0	0	0	0	0	0	0	0	0	0	0	0	0	0	0	0	0	0	0	0	0	0	0	0
samples/krx-tobe/sub_top/websquare/sub_top.xml	1	0	0	0	0	0	1	5	5	5	10	3	5	0	0	0	0	7	16	7	16	153	8	0	0	0	0	0	0	0	0	0	0	0	0	0	0	0	0	0	0	0	0	0	0	0	0	0
samples/krx-tobe/submenu/websquare/submenu.xml	1	0	0	0	0	0	1	19	19	19	38	4	19	0	0	0	0	3	50	3	50	422	43	0	0	0	0	0	0	0	0	0	0	0	0	0	0	0	0	0	0	0	0	0	0	0	0	0
samples/krx-tobe/submission_layout/websquare/submission_layout.xml	1	0	0	1	1	8	1	3	3	3	6	2	3	0	0	1	1	0	1	0	1	69	4	0	0	0	0	0	0	0	0	0	0	0	0	0	0	0	0	0	0	0	0	0	0	0	0	0
samples/krx-tobe/submission_left_menu/websquare/submission_left_menu.xml	1	0	0	1	1	8	15	20	20	20	40	4	20	0	0	1	1	6	59	6	59	518	169	0	0	0	0	0	0	0	0	0	0	0	0	0	0	0	0	0	0	0	0	0	0	0	0	0
samples/krx-tobe/submission_right_menu/websquare/submission_right_menu.xml	1	0	0	1	1	8	3	5	5	5	10	2	5	0	0	1	1	0	6	0	6	113	6	0	0	0	0	0	0	0	0	0	0	0	0	0	0	0	0	0	0	0	0	0	0	0	0	0
samples/krx-tobe/submission_step/websquare/submission_step.xml	1	0	0	0	0	0	0	2	2	2	4	2	2	0	0	0	0	0	0	0	0	52	2	0	0	0	0	0	0	0	0	0	0	0	0	0	0	0	0	0	0	0	0	0	0	0	0	0
samples/krx-tobe/submission_step_notice/websquare/submission_step_notice.xml	1	0	0	1	1	8	2	21	21	21	42	5	21	0	0	1	1	0	38	0	38	421	22	0	0	0	0	0	0	0	0	0	0	0	0	0	0	0	0	0	0	0	0	0	0	0	0	0
samples/krx-tobe/success/websquare/success.xml	1	0	0	0	0	0	0	2	2	2	4	2	2	0	0	0	0	0	0	0	0	52	2	0	0	0	0	0	0	0	0	0	0	0	0	0	0	0	0	0	0	0	0	0	0	0	0	0
samples/krx-tobe/support_left_menu/websquare/support_left_menu.xml	1	0	0	1	1	8	7	25	25	25	50	4	25	0	0	1	1	6	74	6	74	628	30	0	0	0	0	0	0	0	0	0	0	0	0	0	0	0	0	0	0	0	0	0	0	0	0	0
samples/krx-tobe/svcdisrupt_content/websquare/svcdisrupt_content.xml	1	0	0	0	0	0	0	3	3	3	6	3	3	0	0	0	0	0	0	0	0	75	5	0	0	0	0	0	0	0	0	0	0	0	0	0	0	0	0	0	0	0	0	0	0	0	0	0
samples/krx-tobe/svcstatus/websquare/svcstatus.xml	1	0	0	0	0	0	0	5	5	5	10	5	5	0	0	0	0	1	3	1	3	115	5	0	0	0	0	0	0	0	0	0	0	0	0	0	0	0	0	0	0	0	0	0	0	0	0	0
samples/krx-tobe/temp_left_menu/websquare/temp_left_menu.xml	1	0	0	0	0	0	0	2	2	2	4	2	2	0	0	0	0	0	0	0	0	52	2	0	0	0	0	0	0	0	0	0	0	0	0	0	0	0	0	0	0	0	0	0	0	0	0	0
samples/krx-tobe/test/websquare/test.xml	1	0	0	0	0	0	0	8	8	8	16	4	8	0	0	0	0	0	9	0	9	169	8	0	0	0	0	0	0	0	0	0	0	0	0	0	0	0	0	0	0	0	0	0	0	0	0	0
samples/krx-tobe/testpubliccertification/websquare/testpubliccertification.xml	1	0	0	0	0	0	1	4	4	4	8	3	4	0	0	0	0	7	13	7	13	132	9	0	0	0	0	0	0	0	0	0	0	0	0	0	0	0	0	0	0	0	0	0	0	0	0	0
samples/krx-tobe/todate/websquare/todate.xml	1	0	0	0	0	0	0	2	2	2	4	2	2	0	0	0	0	0	0	0	0	52	2	0	0	0	0	0	0	0	0	0	0	0	0	0	0	0	0	0	0	0	0	0	0	0	0	0
samples/krx-tobe/tokendata/websquare/tokendata.xml	1	0	0	0	0	0	0	2	2	2	4	2	2	0	0	0	0	0	0	0	0	52	2	0	0	0	0	0	0	0	0	0	0	0	0	0	0	0	0	0	0	0	0	0	0	0	0	0
samples/krx-tobe/top/websquare/top.xml	1	0	0	4	4	32	32	154	154	154	308	85	154	0	0	4	4	71	229	71	229	3798	180	0	0	0	0	0	0	0	0	0	0	0	0	0	0	0	0	0	0	0	0	0	0	0	0	0
samples/krx-tobe/top_menu/websquare/top_menu.xml	1	0	0	0	0	0	3	11	11	11	22	8	11	0	0	0	0	8	20	8	20	375	50	0	0	0	0	0	0	0	0	0	0	0	0	0	0	0	0	0	0	0	0	0	0	0	0	0
samples/krx-tobe/topcashapprovenotice/websquare/topcashapprovenotice.xml	1	0	0	0	0	20	5	12	12	12	24	10	12	0	0	0	0	2	8	2	8	283	12	0	0	0	0	0	0	0	0	0	0	0	0	0	0	0	0	0	0	0	0	0	0	0	0	0
samples/krx-tobe/topelwnotice/websquare/topelwnotice.xml	1	0	0	0	0	6	4	14	14	14	28	12	14	1	0	0	0	2	7	2	7	296	14	0	0	0	0	0	0	0	0	0	0	0	0	0	0	0	0	0	0	0	0	0	0	0	0	0
samples/krx-tobe/topinner/websquare/topinner.xml	1	0	0	0	0	0	0	4	4	4	8	2	4	0	0	0	0	0	1	0	1	76	4	0	0	0	0	0	0	0	0	0	0	0	0	0	0	0	0	0	0	0	0	0	0	0	0	0
samples/krx-tobe/topinnercash/websquare/topinnercash.xml	1	0	0	0	0	0	0	4	4	4	8	2	4	0	0	0	0	0	1	0	1	76	4	0	0	0	0	0	0	0	0	0	0	0	0	0	0	0	0	0	0	0	0	0	0	0	0	0
samples/krx-tobe/topinnerdsclcheck/websquare/topinnerdsclcheck.xml	1	0	0	0	0	0	0	4	4	4	8	2	4	0	0	0	0	0	1	0	1	76	4	0	0	0	0	0	0	0	0	0	0	0	0	0	0	0	0	0	0	0	0	0	0	0	0	0
samples/krx-tobe/toplistingnotice/websquare/toplistingnotice.xml	1	0	0	0	0	42	9	45	45	45	90	21	45	20	0	0	0	4	34	4	34	954	46	0	0	0	0	0	0	0	0	0	0	0	0	0	0	0	0	0	0	0	0	0	0	0	0	0
samples/krx-tobe/topnotice/websquare/topnotice.xml	1	0	0	0	0	2	3	14	14	14	28	10	14	0	0	0	0	2	2	2	2	289	15	0	0	0	0	0	0	0	0	0	0	0	0	0	0	0	0	0	0	0	0	0	0	0	0	0
samples/krx-tobe/totalakc/websquare/totalakc.xml	1	0	0	0	0	0	0	2	2	2	4	2	2	0	0	0	0	0	0	0	0	52	2	0	0	0	0	0	0	0	0	0	0	0	0	0	0	0	0	0	0	0	0	0	0	0	0	0
samples/krx-tobe/uldmgt50000/websquare/uldmgt50000.xml	1	0	0	3	3	24	4	27	27	27	54	16	27	0	0	3	3	6	42	6	42	595	31	0	0	0	0	0	0	0	0	0	0	0	0	0	0	0	0	0	0	0	0	0	0	0	0	0
samples/krx-tobe/uldmgt50001/websquare/uldmgt50001.xml	1	0	0	0	0	2	9	28	28	28	56	16	28	0	0	0	0	3	36	3	36	640	31	0	0	0	0	0	0	0	0	0	0	0	0	0	0	0	0	0	0	0	0	0	0	0	0	0
samples/krx-tobe/uldmgt50002/websquare/uldmgt50002.xml	1	0	0	19	19	157	26	81	81	81	162	52	81	0	0	19	19	6	93	6	93	1542	115	0	0	0	0	0	0	0	0	0	0	0	0	0	0	0	0	0	0	0	0	0	0	0	0	0
samples/krx-tobe/uldmgt50003/websquare/uldmgt50003.xml	1	0	0	0	0	0	8	24	24	24	48	14	24	0	0	0	0	11	43	11	43	596	30	0	0	0	0	0	0	0	0	0	0	0	0	0	0	0	0	0	0	0	0	0	0	0	0	0
samples/krx-tobe/uldmgt50004/websquare/uldmgt50004.xml	1	0	0	0	0	2	3	10	10	10	20	8	10	0	0	0	0	10	25	10	25	270	15	0	0	0	0	0	0	0	0	0	0	0	0	0	0	0	0	0	0	0	0	0	0	0	0	0
samples/krx-tobe/uldmgt50005/websquare/uldmgt50005.xml	1	0	0	0	0	0	4	15	15	15	30	9	15	0	0	0	0	18	47	18	47	463	22	0	0	0	0	0	0	0	0	0	0	0	0	0	0	0	0	0	0	0	0	0	0	0	0	0
samples/krx-tobe/uldmgt50006/websquare/uldmgt50006.xml	1	0	0	0	0	0	5	21	21	21	42	11	21	0	0	0	0	16	44	16	44	597	27	0	0	0	0	0	0	0	0	0	0	0	0	0	0	0	0	0	0	0	0	0	0	0	0	0
samples/krx-tobe/uldmgt50007/websquare/uldmgt50007.xml	1	0	0	0	0	0	3	13	13	13	26	9	13	0	0	0	0	9	23	9	23	327	16	0	0	0	0	0	0	0	0	0	0	0	0	0	0	0	0	0	0	0	0	0	0	0	0	0
samples/krx-tobe/uldmgt50008/websquare/uldmgt50008.xml	1	0	0	0	0	0	2	10	10	10	20	5	10	0	0	0	0	12	29	12	29	267	16	0	0	0	0	0	0	0	0	0	0	0	0	0	0	0	0	0	0	0	0	0	0	0	0	0
samples/krx-tobe/uldmgt50009/websquare/uldmgt50009.xml	1	0	0	0	0	0	5	20	20	20	40	10	20	0	0	0	0	13	42	13	42	563	26	0	0	0	0	0	0	0	0	0	0	0	0	0	0	0	0	0	0	0	0	0	0	0	0	0
samples/krx-tobe/uldmgt50010/websquare/uldmgt50010.xml	1	0	0	0	0	0	1	6	6	6	12	4	6	0	0	0	0	1	5	1	5	132	6	0	0	0	0	0	0	0	0	0	0	0	0	0	0	0	0	0	0	0	0	0	0	0	0	0
samples/krx-tobe/uldmgt50011/websquare/uldmgt50011.xml	1	0	0	1	1	9	1	23	23	23	46	13	23	0	0	1	1	6	40	6	40	551	26	0	0	0	0	0	0	0	0	0	0	0	0	0	0	0	0	0	0	0	0	0	0	0	0	0
samples/krx-tobe/uldmgt50012/websquare/uldmgt50012.xml	1	0	0	0	0	0	2	13	13	13	26	8	13	0	0	0	0	14	33	14	33	341	19	0	0	0	0	0	0	0	0	0	0	0	0	0	0	0	0	0	0	0	0	0	0	0	0	0
samples/krx-tobe/uldmgt50013/websquare/uldmgt50013.xml	1	0	0	0	0	0	2	7	7	7	14	5	7	0	0	0	0	1	9	1	9	166	7	0	0	0	0	0	0	0	0	0	0	0	0	0	0	0	0	0	0	0	0	0	0	0	0	0
samples/krx-tobe/uldmgt50014/websquare/uldmgt50014.xml	1	0	0	0	0	0	1	7	7	7	14	4	7	0	0	0	0	9	6	9	6	165	7	0	0	0	0	0	0	0	0	0	0	0	0	0	0	0	0	0	0	0	0	0	0	0	0	0
samples/krx-tobe/uldmgt50015/websquare/uldmgt50015.xml	1	0	0	0	0	0	4	15	15	15	30	9	15	0	0	0	0	18	47	18	47	463	23	0	0	0	0	0	0	0	0	0	0	0	0	0	0	0	0	0	0	0	0	0	0	0	0	0
samples/krx-tobe/uldmgt50016/websquare/uldmgt50016.xml	1	0	0	0	0	0	5	13	13	13	26	8	13	0	0	0	0	17	40	17	40	398	22	0	0	0	0	0	0	0	0	0	0	0	0	0	0	0	0	0	0	0	0	0	0	0	0	0
samples/krx-tobe/uldmgt50017/websquare/uldmgt50017.xml	1	0	0	0	0	0	5	15	15	15	30	8	15	0	0	0	0	16	35	16	35	417	24	0	0	0	0	0	0	0	0	0	0	0	0	0	0	0	0	0	0	0	0	0	0	0	0	0
samples/krx-tobe/uldmgt50100/websquare/uldmgt50100.xml	1	0	0	1	1	8	2	20	20	20	40	14	20	0	0	1	1	9	24	9	24	460	22	0	0	0	0	0	0	0	0	0	0	0	0	0	0	0	0	0	0	0	0	0	0	0	0	0
samples/krx-tobe/uldmgt50101/websquare/uldmgt50101.xml	1	0	0	1	1	8	1	12	12	12	24	8	12	0	0	1	1	1	14	1	14	246	13	0	0	0	0	0	0	0	0	0	0	0	0	0	0	0	0	0	0	0	0	0	0	0	0	0
samples/krx-tobe/uldmgt50102/websquare/uldmgt50102.xml	1	0	0	0	0	0	3	8	8	8	16	6	8	0	0	0	0	3	12	3	12	190	9	0	0	0	0	0	0	0	0	0	0	0	0	0	0	0	0	0	0	0	0	0	0	0	0	0
samples/krx-tobe/uldmgt50103/websquare/uldmgt50103.xml	1	0	0	0	0	0	3	7	7	7	14	5	7	0	0	0	0	1	8	1	8	164	7	0	0	0	0	0	0	0	0	0	0	0	0	0	0	0	0	0	0	0	0	0	0	0	0	0
samples/krx-tobe/uldmgt50104/websquare/uldmgt50104.xml	1	0	0	1	1	12	5	7	7	7	14	5	7	0	0	1	1	1	11	1	11	161	10	0	0	0	0	0	0	0	0	0	0	0	0	0	0	0	0	0	0	0	0	0	0	0	0	0
samples/krx-tobe/uldmgt50105/websquare/uldmgt50105.xml	1	0	0	0	0	0	0	3	3	3	6	2	3	0	0	0	0	0	3	0	3	75	3	0	0	0	0	0	0	0	0	0	0	0	0	0	0	0	0	0	0	0	0	0	0	0	0	0
samples/krx-tobe/uldmgt50200/websquare/uldmgt50200.xml	1	0	0	2	2	16	2	13	13	13	26	8	13	0	0	2	2	1	11	1	11	263	15	0	0	0	0	0	0	0	0	0	0	0	0	0	0	0	0	0	0	0	0	0	0	0	0	0
samples/krx-tobe/uldmgt50201/websquare/uldmgt50201.xml	1	0	0	0	0	0	7	14	14	14	28	9	14	0	0	0	0	11	27	11	27	359	22	0	0	0	0	0	0	0	0	0	0	0	0	0	0	0	0	0	0	0	0	0	0	0	0	0
samples/krx-tobe/uldmgt50202/websquare/uldmgt50202.xml	1	0	0	2	2	16	3	20	20	20	40	11	20	0	0	2	2	1	23	1	23	400	22	0	0	0	0	0	0	0	0	0	0	0	0	0	0	0	0	0	0	0	0	0	0	0	0	0
samples/krx-tobe/uldmgt50203/websquare/uldmgt50203.xml	1	0	0	0	0	0	6	17	17	17	34	11	17	0	0	0	0	12	32	12	32	425	27	0	0	0	0	0	1	0	0	0	0	0	0	1	0	0	0	0	0	0	0	0	0	0	0	1
samples/krx-tobe/uldmgt50204/websquare/uldmgt50204.xml	1	0	0	2	2	16	3	20	20	20	40	11	20	0	0	2	2	1	23	1	23	400	22	0	0	0	0	0	0	0	0	0	0	0	0	0	0	0	0	0	0	0	0	0	0	0	0	0
samples/krx-tobe/uldmgt50205/websquare/uldmgt50205.xml	1	0	0	0	0	0	6	17	17	17	34	11	17	0	0	0	0	12	32	12	32	425	27	0	0	0	0	0	1	0	0	0	0	0	0	1	0	0	0	0	0	0	0	0	0	0	0	1
samples/krx-tobe/uldmgt50206/websquare/uldmgt50206.xml	1	0	0	2	2	16	3	18	18	18	36	10	18	0	0	2	2	1	20	1	20	361	20	0	0	0	0	0	0	0	0	0	0	0	0	0	0	0	0	0	0	0	0	0	0	0	0	0
samples/krx-tobe/uldmgt50207/websquare/uldmgt50207.xml	1	0	0	0	0	0	6	15	15	15	30	10	15	0	0	0	0	11	27	11	27	375	23	0	0	0	0	0	0	0	0	0	0	0	0	0	0	0	0	0	0	0	0	0	0	0	0	0
samples/krx-tobe/uldmgt50208/websquare/uldmgt50208.xml	1	0	0	2	2	16	2	14	14	14	28	8	14	0	0	2	2	1	11	1	11	279	16	0	0	0	0	0	0	0	0	0	0	0	0	0	0	0	0	0	0	0	0	0	0	0	0	0
samples/krx-tobe/uldmgt50209/websquare/uldmgt50209.xml	1	0	0	0	0	0	6	16	16	16	32	11	16	0	0	0	0	12	29	12	29	404	24	0	0	0	0	0	0	0	0	0	0	0	0	0	0	0	0	0	0	0	0	0	0	0	0	0
samples/krx-tobe/uldmgt50210/websquare/uldmgt50210.xml	1	0	0	2	2	16	2	14	14	14	28	8	14	0	0	2	2	0	9	0	9	269	16	0	0	0	0	0	0	0	0	0	0	0	0	0	0	0	0	0	0	0	0	0	0	0	0	0
samples/krx-tobe/uldmgt50211/websquare/uldmgt50211.xml	1	0	0	0	0	0	6	15	15	15	30	10	15	0	0	0	0	11	27	11	27	377	26	0	0	0	0	0	0	0	0	0	0	0	0	0	0	0	0	0	0	0	0	0	0	0	0	0
samples/krx-tobe/uldmgt50300/websquare/uldmgt50300.xml	1	0	0	2	2	16	2	15	15	15	30	8	15	0	0	2	2	0	9	0	9	282	17	0	0	0	0	0	0	0	0	0	0	0	0	0	0	0	0	0	0	0	0	0	0	0	0	0
samples/krx-tobe/uldmgt50301/websquare/uldmgt50301.xml	1	0	0	0	0	2	6	12	12	12	24	8	12	0	0	0	0	11	26	11	26	313	17	0	0	0	0	0	0	0	0	0	0	0	0	0	0	0	0	0	0	0	0	0	0	0	0	0
samples/krx-tobe/uldmgt50302/websquare/uldmgt50302.xml	1	0	0	3	3	24	3	14	14	14	28	8	14	0	0	3	3	0	11	0	11	268	17	0	0	0	0	0	0	0	0	0	0	0	0	0	0	0	0	0	0	0	0	0	0	0	0	0
samples/krx-tobe/uldmgt50303/websquare/uldmgt50303.xml	1	0	0	0	0	0	2	17	17	17	34	11	17	0	0	0	0	12	38	12	38	433	21	0	0	0	0	0	0	0	0	0	0	0	0	0	0	0	0	0	0	0	0	0	0	0	0	0
samples/krx-tobe/uldmgt50304/websquare/uldmgt50304.xml	1	0	0	5	5	40	5	17	17	17	34	9	17	0	0	5	5	0	18	0	18	325	22	0	0	0	0	0	0	0	0	0	0	0	0	0	0	0	0	0	0	0	0	0	0	0	0	0
samples/krx-tobe/uldmgt50305/websquare/uldmgt50305.xml	1	0	0	0	0	0	1	8	8	8	16	5	8	0	0	0	0	8	22	8	22	225	11	0	0	0	0	0	0	0	0	0	0	0	0	0	0	0	0	0	0	0	0	0	0	0	0	0
samples/krx-tobe/uldmgt50306/websquare/uldmgt50306.xml	1	0	0	5	5	40	5	18	18	18	36	9	18	0	0	5	5	0	23	0	23	351	23	0	0	0	0	0	0	0	0	0	0	0	0	0	0	0	0	0	0	0	0	0	0	0	0	0
samples/krx-tobe/uldmgt50307/websquare/uldmgt50307.xml	1	0	0	0	0	0	1	9	9	9	18	6	9	0	0	0	0	15	32	15	32	285	15	0	0	0	0	0	0	0	0	0	0	0	0	0	0	0	0	0	0	0	0	0	0	0	0	0
samples/krx-tobe/uldmgt50308/websquare/uldmgt50308.xml	1	0	0	2	2	16	4	19	19	19	38	12	19	0	0	2	2	2	26	2	26	377	22	0	0	0	0	0	0	0	0	0	0	0	0	0	0	0	0	0	0	0	0	0	0	0	0	0
samples/krx-tobe/uldmgt50309/websquare/uldmgt50309.xml	1	0	0	0	0	0	1	10	10	10	20	9	10	0	0	0	0	3	8	3	8	207	19	0	0	0	0	0	0	0	0	0	0	0	0	0	0	0	0	0	0	0	0	0	0	0	0	0
samples/krx-tobe/uldmgt50310/websquare/uldmgt50310.xml	1	0	0	1	1	8	3	14	14	14	28	9	14	0	0	1	1	12	39	12	39	370	50	0	0	0	0	0	0	0	0	0	0	0	0	0	0	0	0	0	0	0	0	0	0	0	0	0
samples/krx-tobe/uldmgt50311/websquare/uldmgt50311.xml	1	0	0	0	0	0	6	13	13	13	26	10	13	1	0	0	0	16	34	16	34	370	20	0	0	0	0	0	0	0	0	0	0	0	0	0	0	0	0	0	0	0	0	0	0	0	0	0
samples/krx-tobe/uldmgt50312/websquare/uldmgt50312.xml	1	0	0	0	0	0	6	13	13	13	26	10	13	1	0	0	0	16	34	16	34	370	20	0	0	0	0	0	0	0	0	0	0	0	0	0	0	0	0	0	0	0	0	0	0	0	0	0
samples/krx-tobe/uldmgt50313/websquare/uldmgt50313.xml	1	0	0	0	0	0	6	13	13	13	26	10	13	1	0	0	0	16	34	16	34	370	20	0	0	0	0	0	0	0	0	0	0	0	0	0	0	0	0	0	0	0	0	0	0	0	0	0
samples/krx-tobe/uldmgt50314/websquare/uldmgt50314.xml	1	0	0	0	0	0	1	9	9	9	18	5	9	0	0	0	0	1	7	1	7	187	9	0	0	0	0	0	0	0	0	0	0	0	0	0	0	0	0	0	0	0	0	0	0	0	0	0
samples/krx-tobe/uldmgt50315/websquare/uldmgt50315.xml	1	0	0	0	0	0	1	8	8	8	16	4	8	0	0	0	0	0	4	0	4	163	8	0	0	0	0	0	0	0	0	0	0	0	0	0	0	0	0	0	0	0	0	0	0	0	0	0
samples/krx-tobe/uldmgt50316/websquare/uldmgt50316.xml	1	0	0	3	3	24	7	11	11	11	22	5	11	0	0	3	3	0	7	0	7	217	14	0	0	0	0	0	0	0	0	0	0	0	0	0	0	0	0	0	0	0	0	0	0	0	0	0
samples/krx-tobe/uldmgt50317/websquare/uldmgt50317.xml	1	0	0	0	0	0	5	12	12	12	24	9	12	0	0	0	0	19	39	19	39	365	20	0	0	0	0	0	0	0	0	0	0	0	0	0	0	0	0	0	0	0	0	0	0	0	0	0
samples/krx-tobe/uldmgt50318/websquare/uldmgt50318.xml	1	0	0	0	0	0	0	2	2	2	4	2	2	0	0	0	0	0	0	0	0	56	2	0	0	0	0	0	0	0	0	0	0	0	0	0	0	0	0	0	0	0	0	0	0	0	0	0
samples/krx-tobe/uldmgt50319/websquare/uldmgt50319.xml	1	0	0	0	0	0	0	4	4	4	8	3	4	0	0	0	0	0	3	0	3	87	4	0	0	0	0	0	0	0	0	0	0	0	0	0	0	0	0	0	0	0	0	0	0	0	0	0
samples/krx-tobe/uldmgt50320/websquare/uldmgt50320.xml	1	0	0	4	4	32	4	17	17	17	34	9	17	0	0	4	4	0	21	0	21	333	21	0	0	0	0	0	0	0	0	0	0	0	0	0	0	0	0	0	0	0	0	0	0	0	0	0
samples/krx-tobe/uldmgt50321/websquare/uldmgt50321.xml	1	0	0	0	0	0	6	11	11	11	22	8	11	1	0	0	0	15	32	15	32	329	18	0	0	0	0	0	0	0	0	0	0	0	0	0	0	0	0	0	0	0	0	0	0	0	0	0
samples/krx-tobe/uldmgt50322/websquare/uldmgt50322.xml	1	0	0	0	0	0	1	8	8	8	16	4	8	0	0	0	0	0	4	0	4	163	8	0	0	0	0	0	0	0	0	0	0	0	0	0	0	0	0	0	0	0	0	0	0	0	0	0
samples/krx-tobe/uldmgt50323/websquare/uldmgt50323.xml	1	0	0	0	0	0	1	10	10	10	20	7	10	0	0	0	0	15	32	15	32	297	16	0	0	0	0	0	0	0	0	0	0	0	0	0	0	0	0	0	0	0	0	0	0	0	0	0
samples/krx-tobe/uldmgt50400/websquare/uldmgt50400.xml	1	0	0	2	2	16	9	39	39	39	78	19	39	0	0	8	8	21	70	21	70	1039	48	0	0	0	0	0	0	0	0	0	0	0	0	0	0	0	0	0	0	0	0	0	0	0	0	0
samples/krx-tobe/uldmgt50600/websquare/uldmgt50600.xml	1	0	0	0	0	0	1	16	16	16	32	9	16	0	0	0	0	2	17	2	17	341	17	0	0	0	0	0	0	0	0	0	0	0	0	0	0	0	0	0	0	0	0	0	0	0	0	0
samples/krx-tobe/uldmgt60101/websquare/uldmgt60101.xml	1	0	0	0	0	0	0	15	15	15	30	9	15	0	0	0	0	3	15	3	15	337	15	0	0	0	0	0	0	0	0	0	0	0	0	0	0	0	0	0	0	0	0	0	0	0	0	0
samples/krx-tobe/uldmgt60102/websquare/uldmgt60102.xml	1	0	0	0	0	29	10	18	18	18	36	9	18	0	0	0	0	10	53	10	53	471	30	0	0	0	0	0	0	0	0	0	0	0	0	0	0	0	0	0	0	0	0	0	0	0	0	0
samples/krx-tobe/uldmgt76100/websquare/uldmgt76100.xml	1	0	0	2	2	16	4	18	18	18	36	8	18	0	0	2	2	9	23	9	23	397	22	0	0	0	0	0	0	0	0	0	0	0	0	0	0	0	0	0	0	0	0	0	0	0	0	0
samples/krx-tobe/uldmgt76101/websquare/uldmgt76101.xml	1	0	0	0	0	0	11	38	38	38	76	16	38	0	0	2	2	24	73	24	73	915	50	0	0	0	0	0	0	0	0	0	0	0	0	0	0	0	0	0	0	0	0	0	0	0	0	0
samples/krx-tobe/upload_handler/websquare/upload_handler.xml	1	0	0	0	0	0	0	2	2	2	4	2	2	0	0	0	0	0	0	0	0	52	2	0	0	0	0	0	0	0	0	0	0	0	0	0	0	0	0	0	0	0	0	0	0	0	0	0
samples/krx-tobe/upload_result/websquare/upload_result.xml	1	0	0	0	0	0	2	3	3	3	6	3	3	0	0	0	0	0	0	0	0	73	9	0	0	0	0	0	0	0	0	0	0	0	0	0	0	0	0	0	0	0	0	0	0	0	0	0
samples/krx-tobe/util/websquare/util.xml	1	0	0	0	0	0	0	2	2	2	4	2	2	0	0	0	0	0	0	0	0	52	2	0	0	0	0	0	0	0	0	0	0	0	0	0	0	0	0	0	0	0	0	0	0	0	0	0
samples/krx-tobe/uuiucm017_main/websquare/uuiucm017_main.xml	1	0	0	0	0	0	0	9	9	9	18	4	9	0	0	0	0	0	12	0	12	198	9	0	0	0	0	0	0	0	0	0	0	0	0	0	0	0	0	0	0	0	0	0	0	0	0	0
samples/krx-tobe/view_pop_layout/websquare/view_pop_layout.xml	1	0	0	0	0	0	0	3	3	3	6	3	3	0	0	0	0	0	0	0	0	67	3	0	0	0	0	0	0	0	0	0	0	0	0	0	0	0	0	0	0	0	0	0	0	0	0	0
samples/krx-tobe/viewer_host_addr/websquare/viewer_host_addr.xml	1	0	0	0	0	0	0	2	2	2	4	2	2	0	0	0	0	0	0	0	0	52	2	0	0	0	0	0	0	0	0	0	0	0	0	0	0	0	0	0	0	0	0	0	0	0	0	0
samples/krx-tobe/viewer_userconfig/websquare/viewer_userconfig.xml	1	0	0	0	0	0	0	2	2	2	4	2	2	0	0	0	0	0	0	0	0	52	2	0	0	0	0	0	0	0	0	0	0	0	0	0	0	0	0	0	0	0	0	0	0	0	0	0
samples/krx-tobe/viewer_xhtml2fo2/websquare/viewer_xhtml2fo2.xml	1	0	0	0	0	0	0	2	2	2	4	2	2	0	0	0	0	0	0	0	0	52	2	0	0	0	0	0	0	0	0	0	0	0	0	0	0	0	0	0	0	0	0	0	0	0	0	0
samples/krx-tobe/vrwin/websquare/vrwin.xml	1	0	0	0	0	14	18	35	35	35	70	23	35	2	0	0	0	24	23	24	23	935	35	0	0	0	0	0	0	0	0	0	0	0	0	0	0	0	0	0	0	0	0	0	0	0	0	0
samples/krx-tobe/welcome/websquare/welcome.xml	1	0	0	0	0	0	0	2	2	2	4	2	2	0	0	0	0	0	0	0	0	52	2	0	0	0	0	0	0	0	0	0	0	0	0	0	0	0	0	0	0	0	0	0	0	0	0	0
samples/krx-tobe/xbrl/websquare/xbrl.xml	1	0	0	0	0	0	1	6	6	6	12	3	6	0	0	0	0	0	6	0	6	129	6	0	0	0	0	0	0	0	0	0	0	0	0	0	0	0	0	0	0	0	0	0	0	0	0	0
samples/krx-tobe/xml/websquare/xml.xml	1	0	0	0	0	0	0	2	2	2	4	2	2	0	0	0	0	0	0	0	0	52	2	0	0	0	0	0	0	0	0	0	0	0	0	0	0	0	0	0	0	0	0	0	0	0	0	0
# __TOTAL__	2110	6	0	747	747	7625	11099	39753	39753	39753	79506	18197	39753	343	0	2269	2314	14375	79853	14375	79853	974743	68854	0	0	0	0	0	239	0	0	0	0	0	0	239	0	6	0	0	51	0	0	0	1	0	910	297
# 위 총계 줄은 데이터 행이 아니다 — 열을 합할 때 넣지 말 것(넣으면 정확히 2배가 된다). 파일 행 수: 2217
